Player,Age,Team,Pos,G,GS,MP,FG,FGA,FG%,3P,3PA,3P%,2P,2PA,2P%,eFG%,FT,FTA,FT%,ORB,DRB,TRB,AST,STL,BLK,TOV,PF,PTS,Awards,Year,Salary
AJ Griffin,19.0,ATL,SF,72.0,12.0,19.5,3.4,7.4,0.465,1.4,3.6,0.39,2.0,3.8,0.536,0.56,0.6,0.7,0.894,0.5,1.6,2.1,1.0,0.6,0.2,0.6,1.2,8.9,0.0,2023,3536160
Aaron Gordon,27.0,DEN,PF,68.0,68.0,30.2,6.3,11.2,0.564,0.9,2.5,0.347,5.4,8.6,0.628,0.603,2.8,4.6,0.608,2.4,4.1,6.6,3.0,0.8,0.8,1.4,1.9,16.3,0.0,2023,19690909
Aaron Holiday,26.0,ATL,PG,63.0,6.0,13.4,1.5,3.5,0.418,0.6,1.4,0.409,0.9,2.1,0.424,0.5,0.4,0.5,0.844,0.4,0.8,1.2,1.4,0.6,0.2,0.6,1.3,3.9,0.0,2023,1968175
Aaron Nesmith,23.0,IND,SF,73.0,60.0,24.9,3.5,8.1,0.427,1.6,4.3,0.366,1.9,3.8,0.496,0.525,1.6,1.9,0.838,0.8,2.9,3.8,1.3,0.8,0.5,1.0,3.2,10.1,0.0,2023,3804360
Aaron Wiggins,24.0,OKC,SG,70.0,14.0,18.5,2.7,5.2,0.512,0.7,1.7,0.393,2.0,3.4,0.573,0.579,0.8,1.0,0.831,1.0,2.0,3.0,1.1,0.6,0.2,0.8,1.6,6.8,0.0,2023,1563518
Admiral Schofield,25.0,ORL,PF,37.0,0.0,12.2,1.5,3.3,0.451,0.6,2.0,0.324,0.8,1.3,0.646,0.549,0.6,0.6,0.913,0.6,1.1,1.7,0.8,0.2,0.1,0.4,1.6,4.2,0.0,2023,877940
Al Horford,36.0,BOS,C,63.0,63.0,30.5,3.6,7.6,0.476,2.3,5.2,0.446,1.3,2.4,0.539,0.627,0.2,0.3,0.714,1.2,5.0,6.2,3.0,0.5,1.0,0.6,1.9,9.8,0.0,2023,26500000
Alec Burks,31.0,DET,SG,51.0,8.0,22.0,3.9,9.0,0.436,1.9,4.7,0.414,2.0,4.3,0.459,0.544,3.0,3.7,0.814,0.4,2.7,3.1,2.2,0.7,0.2,1.1,1.9,12.8,0.0,2023,10012800
Aleksej Pokusevski,21.0,OKC,PF,34.0,25.0,20.6,3.2,7.3,0.434,1.1,3.1,0.365,2.1,4.3,0.483,0.51,0.6,1.0,0.629,1.3,3.4,4.7,1.9,0.6,1.3,1.3,1.7,8.1,0.0,2023,3261480
Alex Caruso,28.0,CHI,PG,67.0,36.0,23.5,1.9,4.3,0.455,0.8,2.3,0.364,1.1,2.0,0.556,0.551,0.9,1.1,0.808,0.6,2.3,2.9,2.9,1.5,0.7,1.1,2.4,5.6,0.0,2023,9030000
Alex Len,29.0,SAC,C,26.0,2.0,6.2,0.6,1.2,0.533,0.0,0.1,0.0,0.6,1.1,0.571,0.533,0.4,0.6,0.688,0.9,1.4,2.3,0.5,0.2,0.4,0.6,1.1,1.7,0.0,2023,3918600
Alize Johnson,26.0,SAS,PF,4.0,0.0,7.5,0.8,1.5,0.5,0.0,0.5,0.0,0.8,1.0,0.75,0.5,0.3,0.5,0.5,0.5,2.0,2.5,0.3,0.3,0.0,1.0,0.8,1.8,0.0,2023,192293
Alondes Williams,23.0,BRK,SG,1.0,0.0,5.0,0.0,0.0,0.0,0.0,0.0,0.0,0.0,0.0,0.0,0.0,0.0,0.0,0.0,0.0,1.0,1.0,0.0,0.0,0.0,2.0,1.0,0.0,0.0,2023,254446
Alperen Sengun,20.0,HOU,C,75.0,72.0,28.9,5.9,10.7,0.553,0.3,0.8,0.333,5.6,9.9,0.57,0.565,2.7,3.8,0.715,3.2,5.8,9.0,3.9,0.9,0.9,2.6,3.4,14.8,0.0,2023,3375360
Amir Coffey,25.0,LAC,SF,50.0,9.0,12.5,1.1,2.9,0.386,0.2,0.8,0.275,0.9,2.1,0.429,0.424,1.0,1.3,0.778,0.3,0.7,1.1,1.1,0.1,0.1,0.4,1.0,3.4,0.0,2023,3395062
Andre Drummond,29.0,CHI,C,67.0,0.0,12.7,2.5,4.1,0.606,0.0,0.0,0.0,2.5,4.0,0.613,0.606,1.0,1.9,0.536,2.1,4.6,6.6,0.5,0.7,0.4,1.1,1.7,6.0,0.0,2023,3200000
Andre Iguodala,39.0,GSW,PF,8.0,0.0,14.1,0.9,1.9,0.467,0.1,1.1,0.111,0.8,0.8,1.0,0.5,0.3,0.4,0.667,0.4,1.8,2.1,2.4,0.5,0.4,1.1,1.4,2.1,0.0,2023,2905851
Andrew Nembhard,23.0,IND,SG,75.0,63.0,27.6,3.8,8.6,0.441,1.2,3.5,0.35,2.6,5.1,0.504,0.512,0.7,0.8,0.79,0.5,2.2,2.7,4.5,0.9,0.2,1.7,2.4,9.5,0.0,2023,2244111
Andrew Wiggins,27.0,GSW,SF,37.0,37.0,32.2,6.8,14.3,0.473,2.4,6.1,0.396,4.4,8.2,0.53,0.557,1.2,1.9,0.611,1.6,3.4,5.0,2.3,1.2,0.8,1.3,2.9,17.1,0.0,2023,33616770
Anfernee Simons,23.0,POR,SG,62.0,62.0,35.0,7.5,16.9,0.447,3.4,9.1,0.377,4.1,7.8,0.528,0.548,2.6,2.9,0.894,0.3,2.3,2.6,4.1,0.7,0.2,2.1,2.3,21.1,0.0,2023,22321429
Anthony Davis,29.0,LAL,C,56.0,54.0,34.0,9.7,17.2,0.563,0.3,1.3,0.257,9.3,15.9,0.589,0.573,6.2,7.9,0.784,3.5,9.1,12.5,2.6,1.1,2.0,2.2,2.6,25.9,0.0,2023,37980720
Anthony Edwards,21.0,MIN,SG,79.0,79.0,36.0,8.9,19.5,0.459,2.7,7.3,0.369,6.3,12.2,0.513,0.528,4.0,5.3,0.756,0.6,5.2,5.8,4.4,1.6,0.7,3.3,2.4,24.6,0.0,2023,10733400
Anthony Gill,30.0,WAS,PF,59.0,8.0,10.6,1.2,2.2,0.538,0.1,0.5,0.138,1.1,1.7,0.65,0.553,0.8,1.1,0.731,0.6,1.1,1.7,0.6,0.1,0.2,0.3,1.2,3.3,0.0,2023,1836090
Anthony Lamb,25.0,GSW,SF,62.0,4.0,19.3,2.4,5.1,0.471,1.2,3.2,0.367,1.2,1.9,0.652,0.588,0.7,1.0,0.767,0.9,2.6,3.5,1.5,0.5,0.3,0.9,2.2,6.7,0.0,2023,694878
Austin Reaves,24.0,LAL,SG,64.0,22.0,28.8,4.0,7.7,0.529,1.3,3.4,0.398,2.7,4.3,0.631,0.616,3.6,4.1,0.864,0.5,2.5,3.0,3.4,0.5,0.3,1.5,1.7,13.0,0.0,2023,1563518
Austin Rivers,30.0,MIN,SG,52.0,10.0,19.5,1.8,4.0,0.435,0.8,2.4,0.35,0.9,1.7,0.558,0.538,0.6,0.8,0.769,0.1,1.5,1.6,1.4,0.5,0.1,0.4,1.5,4.9,0.0,2023,2905851
Ayo Dosunmu,23.0,CHI,SG,80.0,51.0,26.2,3.5,7.1,0.493,0.7,2.4,0.312,2.8,4.8,0.583,0.545,0.8,1.0,0.805,0.6,2.2,2.8,2.6,0.8,0.3,1.2,2.3,8.6,0.0,2023,1563518
Bam Adebayo,25.0,MIA,C,75.0,75.0,34.6,8.0,14.9,0.54,0.0,0.2,0.083,8.0,14.7,0.545,0.541,4.3,5.4,0.806,2.5,6.7,9.2,3.2,1.2,0.8,2.5,2.8,20.4,0.0,2023,30351780
Ben Simmons,26.0,BRK,PG,42.0,33.0,26.3,3.2,5.6,0.566,0.0,0.0,0.0,3.2,5.5,0.571,0.566,0.6,1.4,0.439,1.0,5.3,6.3,6.1,1.3,0.6,2.3,3.3,6.9,0.0,2023,35448672
Bennedict Mathurin,20.0,IND,SG,78.0,17.0,28.5,5.3,12.2,0.434,1.3,4.0,0.323,4.0,8.2,0.488,0.487,4.8,5.8,0.828,1.1,3.0,4.1,1.5,0.6,0.2,1.9,2.1,16.7,0.0,2023,6586800
Bismack Biyombo,30.0,PHO,C,61.0,14.0,14.3,2.0,3.4,0.578,0.0,0.0,0.0,2.0,3.4,0.578,0.578,0.4,1.1,0.357,1.5,2.8,4.3,0.9,0.3,1.4,0.8,1.9,4.3,0.0,2023,2905851
Blake Griffin,33.0,BOS,C,41.0,16.0,13.9,1.5,3.2,0.485,0.6,1.6,0.348,1.0,1.6,0.625,0.573,0.5,0.8,0.656,1.1,2.6,3.8,1.5,0.3,0.2,0.5,1.8,4.1,0.0,2023,2905851
Blake Wesley,19.0,SAS,SG,37.0,1.0,18.1,1.9,5.8,0.321,0.5,1.4,0.385,1.3,4.4,0.301,0.367,0.7,1.2,0.591,0.3,1.9,2.2,2.6,0.7,0.1,1.8,1.8,5.0,0.0,2023,2385480
Boban Marjanovic,34.0,HOU,C,31.0,0.0,5.5,1.3,1.9,0.683,0.0,0.0,0.0,1.3,1.9,0.695,0.683,0.6,0.9,0.741,0.6,1.3,1.9,0.3,0.2,0.1,0.5,0.3,3.3,0.0,2023,4101478
Bobby Portis,27.0,MIL,PF,70.0,22.0,26.0,5.7,11.5,0.496,1.4,3.7,0.37,4.3,7.8,0.555,0.555,1.4,1.8,0.768,2.2,7.4,9.6,1.5,0.4,0.2,1.2,1.6,14.1,0.0,2023,10843350
Bogdan Bogdanovic,30.0,ATL,SG,54.0,9.0,27.9,5.1,11.3,0.447,2.7,6.7,0.406,2.4,4.6,0.506,0.566,1.2,1.4,0.831,0.4,2.6,3.1,2.8,0.8,0.3,1.2,1.6,14.0,0.0,2023,18000000
Bojan Bogdanovic,33.0,DET,PF,59.0,59.0,32.1,7.3,14.9,0.488,2.5,6.0,0.411,4.8,9.0,0.539,0.57,4.5,5.1,0.884,0.6,3.2,3.8,2.6,0.6,0.1,2.3,1.9,21.6,0.0,2023,19550000
Bol Bol,23.0,ORL,PF,70.0,33.0,21.5,3.7,6.8,0.546,0.4,1.6,0.265,3.3,5.2,0.633,0.577,1.2,1.5,0.759,1.0,4.8,5.8,1.0,0.4,1.2,1.6,1.3,9.1,0.0,2023,2200000
Bones Hyland,22.0,LAC,PG,56.0,1.0,19.4,4.1,10.2,0.399,2.1,5.6,0.371,2.0,4.6,0.434,0.502,1.5,1.8,0.843,0.4,2.1,2.4,3.1,0.7,0.3,1.5,1.7,11.8,0.0,2023,2201520
Bradley Beal,29.0,WAS,SG,50.0,50.0,33.5,8.9,17.6,0.506,1.6,4.4,0.365,7.3,13.2,0.552,0.551,3.8,4.6,0.842,0.8,3.1,3.9,5.4,0.9,0.7,2.9,2.1,23.2,0.0,2023,43279250
Brandon Clarke,26.0,MEM,PF,56.0,8.0,19.5,4.1,6.2,0.656,0.0,0.1,0.167,4.1,6.1,0.665,0.658,1.8,2.4,0.723,1.6,3.9,5.5,1.3,0.6,0.7,1.0,2.3,10.0,0.0,2023,4343919
Brandon Ingram,25.0,NOP,SF,45.0,45.0,34.2,9.0,18.6,0.484,1.4,3.6,0.39,7.6,14.9,0.507,0.522,5.3,6.0,0.882,0.5,5.0,5.5,5.8,0.7,0.4,3.3,2.6,24.7,0.0,2023,31650600
Braxton Key,25.0,DET,SF,3.0,0.0,3.0,0.3,0.3,1.0,0.0,0.0,0.0,0.3,0.3,1.0,1.0,0.7,0.7,1.0,0.0,0.3,0.3,0.0,0.0,0.0,0.0,0.0,1.3,0.0,2023,201802
Brook Lopez,34.0,MIL,C,78.0,78.0,30.4,6.1,11.5,0.531,1.7,4.7,0.374,4.4,6.9,0.637,0.606,1.9,2.4,0.784,2.0,4.7,6.7,1.3,0.5,2.5,1.4,2.6,15.9,0.0,2023,13906976
Bruce Brown,26.0,DEN,SF,80.0,31.0,28.5,4.5,9.3,0.483,1.1,3.2,0.358,3.3,6.1,0.548,0.545,1.5,1.9,0.758,0.8,3.3,4.1,3.4,1.1,0.6,1.5,2.4,11.5,0.0,2023,6479000
Bruno Fernando,24.0,ATL,C,39.0,4.0,10.4,1.5,2.9,0.527,0.0,0.1,0.0,1.5,2.8,0.546,0.527,0.9,1.3,0.7,1.4,2.1,3.5,0.8,0.2,0.9,0.6,1.9,3.9,0.0,2023,2717391
Bryce McGowens,20.0,CHO,SG,46.0,7.0,17.1,1.7,4.4,0.396,0.6,1.7,0.325,1.2,2.7,0.443,0.46,1.3,1.7,0.75,0.4,1.6,2.0,1.2,0.3,0.1,0.9,1.0,5.3,0.0,2023,1461055
Bryn Forbes,29.0,MIN,SG,25.0,0.0,10.7,1.2,3.3,0.361,0.6,1.8,0.304,0.6,1.5,0.432,0.446,0.6,0.6,1.0,0.2,0.4,0.6,0.7,0.3,0.1,0.5,0.9,3.6,0.0,2023,2298385
Buddy Boeheim,23.0,DET,SF,10.0,0.0,9.0,0.5,2.7,0.185,0.4,2.5,0.16,0.1,0.2,0.5,0.259,0.2,0.2,1.0,0.2,0.4,0.6,0.4,0.2,0.0,0.0,0.6,1.6,0.0,2023,508891
Buddy Hield,30.0,IND,SF,80.0,73.0,31.0,5.9,13.0,0.458,3.6,8.5,0.425,2.3,4.5,0.518,0.596,1.3,1.6,0.822,0.8,4.2,5.0,2.8,1.2,0.3,1.7,2.0,16.8,0.0,2023,21177750
CJ McCollum,31.0,NOP,PG,75.0,75.0,35.3,7.8,17.9,0.437,2.8,7.2,0.389,5.0,10.7,0.469,0.515,2.4,3.2,0.769,0.7,3.6,4.4,5.7,0.9,0.5,2.4,2.0,20.9,0.0,2023,33333333
Cade Cunningham,21.0,DET,PG,12.0,12.0,33.3,7.8,18.7,0.415,1.4,5.1,0.279,6.3,13.6,0.466,0.453,3.0,3.6,0.837,1.0,5.2,6.2,6.0,0.8,0.6,3.3,2.8,19.9,0.0,2023,10552800
Caleb Houstan,20.0,ORL,SF,51.0,4.0,15.9,1.3,3.6,0.363,0.9,2.7,0.338,0.4,0.9,0.435,0.489,0.3,0.4,0.833,0.7,1.3,1.9,0.6,0.2,0.1,0.4,1.2,3.8,0.0,2023,2000000
Caleb Martin,27.0,MIA,SF,71.0,49.0,29.3,3.6,7.7,0.464,1.2,3.3,0.356,2.4,4.4,0.545,0.54,1.3,1.6,0.805,1.2,3.6,4.8,1.6,1.0,0.4,1.1,2.0,9.6,0.0,2023,6479000
Cam Reddish,23.0,POR,SF,40.0,20.0,24.8,3.5,7.8,0.446,1.1,3.6,0.313,2.4,4.2,0.56,0.518,1.6,1.9,0.853,0.5,1.8,2.2,1.4,1.0,0.4,1.2,1.8,9.7,0.0,2023,5954454
Cam Thomas,21.0,BRK,SG,57.0,4.0,16.6,3.5,8.0,0.441,0.9,2.3,0.383,2.6,5.7,0.464,0.497,2.6,3.1,0.868,0.1,1.5,1.7,1.4,0.4,0.1,1.1,1.0,10.6,0.0,2023,2138160
Cameron Johnson,26.0,BRK,PF,42.0,41.0,28.5,5.3,11.3,0.47,2.5,6.1,0.404,2.9,5.2,0.548,0.579,2.4,2.9,0.842,0.8,3.6,4.4,1.9,1.2,0.3,0.9,2.0,15.5,0.0,2023,5887899
Cameron Payne,28.0,PHO,PG,48.0,15.0,20.2,3.9,9.4,0.415,1.4,3.9,0.368,2.5,5.6,0.448,0.49,1.0,1.3,0.766,0.3,2.0,2.2,4.5,0.7,0.2,1.7,1.8,10.3,0.0,2023,6000000
Caris LeVert,28.0,CLE,SG,74.0,30.0,30.2,4.3,10.0,0.431,1.7,4.4,0.392,2.6,5.6,0.462,0.517,1.8,2.4,0.722,0.7,3.1,3.8,3.9,1.0,0.3,1.6,2.3,12.1,0.0,2023,18796296
Carlik Jones,25.0,CHI,PG,7.0,0.0,8.0,0.9,2.1,0.4,0.4,0.9,0.5,0.4,1.3,0.333,0.5,0.7,1.1,0.625,0.1,0.6,0.7,0.9,0.3,0.0,0.3,0.3,2.9,0.0,2023,612162
Cedi Osman,27.0,CLE,SF,77.0,2.0,20.1,3.1,6.9,0.451,1.5,4.1,0.372,1.6,2.8,0.564,0.56,1.0,1.4,0.694,0.3,2.0,2.3,1.5,0.5,0.1,0.7,1.6,8.7,0.0,2023,7426088
Charles Bassey,22.0,SAS,C,35.0,2.0,14.5,2.5,3.9,0.644,0.1,0.2,0.375,2.4,3.6,0.661,0.656,0.6,1.1,0.595,2.1,3.4,5.5,1.4,0.5,0.9,1.2,2.1,5.7,0.0,2023,2674742
Chima Moneke,27.0,SAC,SF,2.0,0.0,4.0,0.5,1.0,0.5,0.0,0.0,0.0,0.5,1.0,0.5,0.5,0.0,1.0,0.0,1.0,0.0,1.0,0.5,0.0,0.0,1.0,1.0,1.0,0.0,2023,500000
Chimezie Metu,25.0,SAC,PF,66.0,0.0,10.4,2.0,3.3,0.589,0.1,0.6,0.237,1.8,2.7,0.663,0.61,0.8,1.1,0.74,0.7,2.3,3.0,0.6,0.3,0.3,0.5,1.2,4.9,0.0,2023,1910860
Chris Boucher,30.0,TOR,PF,76.0,0.0,20.0,3.4,7.0,0.493,0.8,2.5,0.328,2.6,4.5,0.585,0.552,1.7,2.2,0.762,2.1,3.5,5.5,0.4,0.6,0.8,0.5,1.9,9.4,0.0,2023,12690000
Chris Duarte,25.0,IND,SF,46.0,12.0,19.5,2.7,7.2,0.369,1.2,3.8,0.316,1.5,3.5,0.428,0.452,1.3,1.6,0.847,0.4,2.1,2.5,1.4,0.5,0.2,0.9,1.4,7.9,0.0,2023,3936960
Chris Paul,37.0,PHO,PG,59.0,59.0,32.0,5.0,11.3,0.44,1.7,4.4,0.375,3.3,6.9,0.482,0.513,2.3,2.7,0.831,0.5,3.8,4.3,8.9,1.5,0.4,1.9,2.1,13.9,0.0,2023,28400000
Chris Silva,26.0,DAL,PF,1.0,0.0,3.0,1.0,1.0,1.0,0.0,0.0,0.0,1.0,1.0,1.0,1.0,0.0,0.0,0.0,0.0,0.0,0.0,0.0,0.0,0.0,1.0,2.0,2.0,0.0,2023,211045
Christian Braun,21.0,DEN,SG,76.0,6.0,15.5,1.9,3.8,0.495,0.4,1.3,0.354,1.4,2.5,0.565,0.554,0.5,0.8,0.625,0.6,1.8,2.4,0.8,0.5,0.2,0.5,1.3,4.7,0.0,2023,2808600
Christian Koloko,22.0,TOR,C,58.0,19.0,13.8,1.2,2.6,0.48,0.0,0.2,0.083,1.2,2.4,0.514,0.483,0.6,1.0,0.627,1.4,1.5,2.9,0.5,0.4,1.0,0.3,2.2,3.1,0.0,2023,1500000
Christian Wood,27.0,DAL,C,67.0,17.0,25.9,5.9,11.5,0.515,1.6,4.2,0.376,4.3,7.3,0.594,0.583,3.2,4.2,0.772,1.3,6.0,7.3,1.8,0.4,1.1,1.8,2.5,16.6,0.0,2023,14317459
Chuma Okeke,24.0,ORL,SF,27.0,8.0,19.2,1.6,4.5,0.352,1.0,3.2,0.302,0.6,1.3,0.472,0.459,0.6,0.8,0.762,1.0,2.6,3.6,1.4,0.7,0.4,0.6,1.5,4.7,0.0,2023,3433320
Clint Capela,28.0,ATL,C,65.0,63.0,26.6,5.4,8.2,0.653,0.0,0.0,0.0,5.4,8.2,0.654,0.653,1.2,2.0,0.603,4.0,7.1,11.0,0.9,0.7,1.2,0.8,2.1,12.0,0.0,2023,18206896
Coby White,22.0,CHI,SG,74.0,2.0,23.4,3.6,8.0,0.443,1.7,4.6,0.372,1.8,3.4,0.54,0.551,0.8,0.9,0.871,0.2,2.6,2.9,2.8,0.7,0.1,1.0,1.6,9.7,0.0,2023,7413955
Cody Martin,27.0,CHO,SF,7.0,0.0,19.1,2.0,5.1,0.389,0.4,2.0,0.214,1.6,3.1,0.5,0.431,0.6,1.0,0.571,1.1,2.3,3.4,1.6,0.6,0.1,0.3,1.9,5.0,0.0,2023,7000000
Cody Zeller,30.0,MIA,C,15.0,2.0,14.5,2.5,3.9,0.627,0.0,0.1,0.0,2.5,3.8,0.649,0.627,1.6,2.3,0.686,1.7,2.6,4.3,0.7,0.2,0.3,0.9,2.2,6.5,0.0,2023,743922
Cole Anthony,22.0,ORL,PG,60.0,4.0,25.9,4.6,10.2,0.454,1.3,3.4,0.364,3.4,6.7,0.5,0.516,2.5,2.8,0.894,0.8,4.0,4.8,3.9,0.6,0.5,1.5,2.6,13.0,0.0,2023,3613680
Cole Swider,23.0,LAL,SF,7.0,0.0,5.9,0.4,1.3,0.333,0.4,1.1,0.375,0.0,0.1,0.0,0.5,0.0,0.0,0.0,0.1,0.9,1.0,0.6,0.0,0.0,0.0,0.4,1.3,0.0,2023,508891
Collin Sexton,24.0,UTA,PG,48.0,15.0,23.9,4.9,9.8,0.506,1.0,2.5,0.393,3.9,7.2,0.546,0.558,3.4,4.1,0.819,0.8,1.4,2.2,2.9,0.6,0.1,1.8,2.3,14.3,0.0,2023,16700000
Corey Kispert,23.0,WAS,SF,74.0,45.0,28.3,3.9,7.9,0.497,2.2,5.2,0.424,1.7,2.7,0.637,0.637,1.0,1.2,0.852,0.4,2.4,2.8,1.2,0.4,0.1,0.7,1.3,11.1,0.0,2023,3552840
Cory Joseph,31.0,DET,PG,62.0,2.0,19.8,2.4,5.7,0.427,1.1,2.9,0.389,1.3,2.8,0.468,0.527,0.9,1.2,0.792,0.3,1.4,1.7,3.5,0.5,0.1,0.9,1.4,6.9,0.0,2023,5155500
D'Angelo Russell,26.0,LAL,PG,71.0,71.0,32.5,6.3,13.4,0.469,2.7,6.9,0.396,3.5,6.5,0.548,0.572,2.5,3.0,0.829,0.5,2.5,3.0,6.2,1.0,0.4,2.6,2.0,17.8,0.0,2023,31377750
Daishen Nix,20.0,HOU,PG,57.0,7.0,16.0,1.4,4.2,0.342,0.7,2.5,0.286,0.7,1.7,0.423,0.426,0.4,0.6,0.667,0.3,1.4,1.7,2.3,0.5,0.1,1.5,1.0,4.0,0.0,2023,1563518
Dalano Banton,23.0,TOR,PG,31.0,2.0,9.0,1.8,4.2,0.423,0.5,1.6,0.294,1.3,2.5,0.506,0.481,0.5,0.8,0.708,0.4,1.1,1.5,1.2,0.4,0.4,0.6,1.1,4.6,0.0,2023,1563518
Dalen Terry,20.0,CHI,SG,38.0,0.0,5.6,0.8,1.9,0.444,0.2,0.7,0.259,0.7,1.2,0.556,0.493,0.4,0.6,0.667,0.3,0.7,1.0,0.6,0.3,0.1,0.2,0.6,2.2,0.0,2023,3191400
Damian Jones,27.0,UTA,C,41.0,1.0,11.6,1.3,2.1,0.64,0.2,0.4,0.588,1.1,1.7,0.652,0.698,0.5,0.7,0.759,1.0,2.0,3.0,0.4,0.2,0.5,0.6,1.3,3.5,0.0,2023,2298385
Damian Lillard,32.0,POR,PG,58.0,58.0,36.3,9.6,20.7,0.463,4.2,11.3,0.371,5.4,9.4,0.574,0.564,8.8,9.6,0.914,0.8,4.0,4.8,7.3,0.9,0.3,3.3,1.9,32.2,0.0,2023,42492492
Damion Lee,30.0,PHO,SG,74.0,5.0,20.4,2.7,6.1,0.442,1.5,3.3,0.445,1.2,2.8,0.439,0.564,1.3,1.4,0.904,0.5,2.5,3.0,1.3,0.4,0.1,1.1,1.6,8.2,0.0,2023,2133278
Daniel Gafford,24.0,WAS,C,78.0,47.0,20.6,3.7,5.1,0.732,0.0,0.0,0.0,3.7,5.1,0.732,0.732,1.6,2.4,0.679,2.1,3.5,5.6,1.1,0.4,1.3,1.1,2.4,9.0,0.0,2023,1930681
Daniel Theis,30.0,IND,C,7.0,1.0,15.6,3.0,6.3,0.477,0.3,1.6,0.182,2.7,4.7,0.576,0.5,0.7,1.7,0.417,1.0,2.1,3.1,1.3,0.3,0.9,0.4,1.0,7.0,0.0,2023,8694369
Danny Green,35.0,CLE,SG,11.0,0.0,12.5,2.0,4.5,0.449,1.5,3.4,0.432,0.5,1.1,0.5,0.612,0.1,0.1,1.0,0.3,1.0,1.3,0.5,0.5,0.3,0.9,1.5,5.5,0.0,2023,11710528
Dario Saric,28.0,OKC,C,57.0,12.0,14.1,2.2,4.9,0.458,0.8,2.0,0.391,1.4,2.8,0.506,0.54,1.1,1.3,0.829,0.9,2.7,3.6,1.3,0.4,0.1,1.0,1.7,6.4,0.0,2023,9240000
Darius Bazley,22.0,PHO,C,43.0,1.0,14.3,1.9,4.3,0.454,0.5,1.2,0.377,1.5,3.0,0.485,0.508,0.9,1.6,0.543,0.8,2.4,3.2,0.9,0.5,0.8,0.6,1.0,5.2,0.0,2023,4264628
Darius Days,23.0,HOU,SF,4.0,0.0,6.3,1.3,3.0,0.417,0.8,2.5,0.3,0.5,0.5,1.0,0.542,0.5,0.5,1.0,0.3,1.3,1.5,0.3,0.0,0.3,0.0,0.5,3.8,0.0,2023,508891
Darius Garland,23.0,CLE,PG,69.0,69.0,35.5,7.6,16.4,0.462,2.4,6.0,0.41,5.1,10.4,0.492,0.537,4.0,4.7,0.863,0.4,2.3,2.7,7.8,1.2,0.1,2.9,2.1,21.6,0.0,2023,8920794
David Roddy,21.0,MEM,PF,70.0,4.0,18.0,2.6,6.0,0.429,0.9,3.0,0.307,1.6,3.0,0.553,0.506,0.6,0.9,0.631,0.7,2.0,2.8,0.8,0.4,0.3,0.8,1.5,6.7,0.0,2023,2588640
Davion Mitchell,24.0,SAC,PG,80.0,9.0,18.1,2.3,5.0,0.454,0.8,2.5,0.32,1.5,2.5,0.584,0.533,0.3,0.4,0.806,0.2,1.1,1.3,2.3,0.6,0.2,0.8,1.4,5.6,0.0,2023,4833600
Davis Bertans,30.0,DAL,PF,45.0,1.0,10.9,1.5,3.6,0.431,1.2,3.1,0.39,0.3,0.4,0.737,0.603,0.3,0.3,0.867,0.2,1.0,1.2,0.5,0.2,0.2,0.2,1.2,4.6,0.0,2023,16000000
Davon Reed,27.0,LAL,SG,43.0,1.0,8.0,0.7,2.0,0.333,0.4,1.1,0.37,0.3,0.9,0.289,0.435,0.4,0.6,0.667,0.2,1.1,1.4,0.5,0.3,0.1,0.5,0.9,2.1,0.0,2023,1902133
Day'Ron Sharpe,21.0,BRK,C,48.0,3.0,11.5,1.9,3.6,0.544,0.1,0.2,0.545,1.8,3.3,0.544,0.561,0.7,1.1,0.636,2.1,2.1,4.2,0.8,0.3,0.7,0.9,1.9,4.7,0.0,2023,2109480
De'Aaron Fox,25.0,SAC,PG,73.0,73.0,33.4,9.3,18.2,0.512,1.6,5.0,0.324,7.7,13.2,0.584,0.557,4.7,6.0,0.78,0.5,3.6,4.2,6.1,1.1,0.3,2.5,2.4,25.0,0.0,2023,30351780
De'Andre Hunter,25.0,ATL,SF,67.0,67.0,31.7,5.7,12.3,0.461,1.5,4.3,0.35,4.2,8.0,0.521,0.522,2.6,3.1,0.826,0.7,3.6,4.2,1.4,0.5,0.3,1.2,3.0,15.4,0.0,2023,9835881
De'Anthony Melton,24.0,PHI,SG,77.0,58.0,27.9,3.6,8.5,0.425,2.0,5.2,0.39,1.6,3.2,0.484,0.546,0.9,1.1,0.793,0.9,3.2,4.1,2.6,1.6,0.5,1.3,2.5,10.1,0.0,2023,8250000
DeAndre Jordan,34.0,DEN,C,39.0,8.0,15.0,2.3,2.9,0.765,0.0,0.0,1.0,2.2,2.9,0.763,0.77,0.6,1.2,0.458,1.3,3.8,5.2,0.9,0.3,0.6,1.2,1.8,5.1,0.0,2023,10733758
DeMar DeRozan,33.0,CHI,SF,74.0,74.0,36.2,8.9,17.6,0.504,0.6,1.9,0.324,8.3,15.7,0.526,0.522,6.2,7.1,0.872,0.5,4.2,4.6,5.1,1.1,0.5,2.1,2.5,24.5,0.0,2023,27300000
Dean Wade,26.0,CLE,PF,44.0,13.0,20.3,1.7,4.0,0.412,1.0,2.9,0.354,0.6,1.1,0.56,0.54,0.3,0.5,0.652,0.5,3.0,3.4,0.8,0.6,0.5,0.4,2.0,4.7,0.0,2023,1930681
Deandre Ayton,24.0,PHO,C,67.0,67.0,30.4,7.8,13.2,0.589,0.1,0.4,0.292,7.7,12.9,0.597,0.592,2.3,3.0,0.76,2.6,7.4,10.0,1.7,0.6,0.8,1.8,2.8,18.0,0.0,2023,30913750
Dejounte Murray,26.0,ATL,SG,74.0,74.0,36.4,8.3,17.8,0.464,1.8,5.2,0.344,6.5,12.6,0.514,0.514,2.1,2.6,0.832,0.7,4.5,5.3,6.1,1.5,0.3,2.2,1.4,20.5,0.0,2023,17071120
Delon Wright,30.0,WAS,PG,50.0,14.0,24.4,2.8,5.8,0.474,0.8,2.4,0.345,1.9,3.4,0.564,0.545,1.0,1.2,0.867,1.2,2.4,3.6,3.9,1.8,0.3,0.9,1.2,7.4,0.0,2023,7804878
Deni Avdija,22.0,WAS,SF,76.0,40.0,26.6,3.3,7.6,0.437,0.9,3.1,0.297,2.4,4.6,0.53,0.497,1.6,2.2,0.739,1.0,5.4,6.4,2.8,0.9,0.4,1.6,2.8,9.2,0.0,2023,4916160
Deonte Burton,29.0,SAC,PF,2.0,0.0,3.0,0.0,1.0,0.0,0.0,0.5,0.0,0.0,0.5,0.0,0.0,0.0,0.0,0.0,0.0,0.0,0.0,0.0,0.0,0.0,0.0,0.0,0.0,0.0,2023,105522
Dereon Seabron,22.0,NOP,SG,5.0,0.0,2.4,0.4,1.0,0.4,0.0,0.0,0.0,0.4,1.0,0.4,0.4,0.0,0.0,0.0,0.2,0.0,0.2,0.0,0.0,0.0,0.0,0.2,0.8,0.0,2023,511816
Derrick Rose,34.0,NYK,PG,27.0,0.0,12.5,2.3,5.9,0.384,0.7,2.3,0.302,1.6,3.6,0.438,0.443,0.4,0.4,0.917,0.3,1.2,1.5,1.7,0.3,0.2,0.8,0.7,5.6,0.0,2023,14520730
Derrick White,28.0,BOS,SG,82.0,70.0,28.3,4.3,9.2,0.462,1.8,4.8,0.381,2.5,4.5,0.548,0.56,2.0,2.3,0.875,0.6,2.9,3.6,3.9,0.7,0.9,1.2,2.2,12.4,0.0,2023,17142857
Desmond Bane,24.0,MEM,SG,58.0,58.0,31.7,7.8,16.2,0.479,2.9,7.0,0.408,4.9,9.2,0.534,0.568,3.1,3.5,0.883,0.7,4.3,5.0,4.4,1.0,0.4,2.2,2.6,21.5,0.0,2023,2130240
Devin Booker,26.0,PHO,SG,53.0,53.0,34.6,9.9,20.1,0.494,2.1,6.0,0.351,7.8,14.2,0.554,0.546,5.8,6.8,0.855,0.9,3.7,4.5,5.5,1.0,0.3,2.7,3.0,27.8,0.0,2023,33833400
Devin Vassell,22.0,SAS,SG,38.0,32.0,31.0,6.9,15.7,0.439,2.7,7.0,0.387,4.2,8.7,0.48,0.525,2.1,2.6,0.78,0.2,3.7,3.9,3.6,1.1,0.4,1.5,1.5,18.5,0.0,2023,4437000
Devon Dotson,23.0,WAS,PG,6.0,0.0,8.8,0.2,1.7,0.1,0.2,0.7,0.25,0.0,1.0,0.0,0.15,0.0,0.0,0.0,1.0,0.7,1.7,1.3,0.8,0.0,0.5,1.5,0.5,0.0,2023,169630
Dewayne Dedmon,33.0,PHI,C,38.0,1.0,11.2,2.0,4.0,0.51,0.3,1.0,0.308,1.7,2.9,0.58,0.55,0.9,1.3,0.673,0.9,2.6,3.5,0.7,0.2,0.5,0.7,2.0,5.2,0.0,2023,8283688
Dillon Brooks,27.0,MEM,SF,73.0,73.0,30.3,5.4,13.6,0.396,2.0,6.0,0.326,3.4,7.6,0.451,0.468,1.6,2.1,0.779,0.6,2.7,3.3,2.6,0.9,0.2,1.4,3.3,14.3,0.0,2023,11400000
Domantas Sabonis,26.0,SAC,C,79.0,79.0,34.6,7.3,11.9,0.615,0.4,1.1,0.373,6.9,10.8,0.639,0.632,4.1,5.5,0.742,3.2,9.1,12.3,7.3,0.8,0.5,2.9,3.5,19.1,0.0,2023,21100000
Dominick Barlow,19.0,SAS,PF,28.0,0.0,14.6,1.6,3.1,0.535,0.0,0.1,0.0,1.6,2.9,0.561,0.535,0.6,0.9,0.72,1.6,2.0,3.6,0.9,0.4,0.7,0.5,2.0,3.9,0.0,2023,508891
Donovan Mitchell,26.0,CLE,SG,68.0,68.0,35.8,10.0,20.6,0.484,3.6,9.3,0.386,6.4,11.3,0.566,0.572,4.7,5.4,0.867,0.9,3.3,4.3,4.4,1.5,0.4,2.6,2.5,28.3,0.0,2023,30913750
Donovan Williams,21.0,ATL,SG,2.0,0.0,2.0,1.0,2.5,0.4,0.0,1.0,0.0,1.0,1.5,0.667,0.4,0.0,0.0,0.0,0.0,1.0,1.0,0.0,0.0,0.0,0.0,0.0,2.0,0.0,2023,239822
Donte DiVincenzo,26.0,GSW,SG,72.0,36.0,26.3,3.3,7.5,0.435,2.1,5.3,0.397,1.2,2.3,0.525,0.574,0.8,1.0,0.817,1.1,3.4,4.5,3.5,1.3,0.1,1.6,1.8,9.4,0.0,2023,4500000
Dorian Finney-Smith,29.0,BRK,PF,66.0,66.0,30.4,3.0,7.6,0.391,1.7,5.1,0.337,1.2,2.5,0.503,0.505,0.7,0.9,0.763,1.7,3.1,4.8,1.5,0.8,0.5,0.9,2.2,8.3,0.0,2023,12939848
Doug McDermott,31.0,SAS,SF,64.0,0.0,20.5,3.7,8.2,0.457,1.9,4.7,0.413,1.8,3.5,0.516,0.575,0.8,1.1,0.757,0.4,1.8,2.2,1.4,0.2,0.1,0.9,1.8,10.2,0.0,2023,13750000
Draymond Green,32.0,GSW,PF,73.0,73.0,31.5,3.4,6.5,0.527,0.5,1.8,0.305,2.9,4.7,0.612,0.57,1.1,1.5,0.713,0.9,6.3,7.2,6.8,1.0,0.8,2.8,3.1,8.5,0.0,2023,25806468
Drew Eubanks,25.0,POR,C,78.0,28.0,20.3,2.7,4.3,0.641,0.1,0.2,0.389,2.7,4.1,0.655,0.651,1.1,1.6,0.664,1.7,3.7,5.4,1.3,0.5,1.3,0.9,2.2,6.6,0.0,2023,1968175
Dru Smith,25.0,BRK,SG,15.0,1.0,10.5,1.2,3.0,0.4,0.3,1.3,0.263,0.9,1.7,0.5,0.456,0.2,0.2,1.0,0.1,1.5,1.6,1.5,0.7,0.3,0.2,1.5,2.9,0.0,2023,374357
Duncan Robinson,28.0,MIA,SF,42.0,1.0,16.5,2.1,5.6,0.371,1.5,4.6,0.328,0.6,1.1,0.556,0.504,0.7,0.8,0.906,0.2,1.5,1.6,1.1,0.3,0.0,0.7,1.8,6.4,0.0,2023,16902000
Dwight Powell,31.0,DAL,C,76.0,64.0,19.2,2.6,3.5,0.732,0.0,0.1,0.0,2.6,3.5,0.746,0.732,1.5,2.2,0.667,2.0,2.2,4.1,0.9,0.6,0.3,0.9,2.8,6.7,0.0,2023,11080125
Dylan Windler,26.0,CLE,SF,3.0,0.0,3.3,0.7,1.0,0.667,0.3,0.7,0.5,0.3,0.3,1.0,0.833,0.0,0.0,0.0,0.0,0.0,0.0,0.3,0.3,0.0,0.3,0.0,1.7,0.0,2023,4037277
Dyson Daniels,19.0,NOP,PG,59.0,11.0,17.7,1.5,3.5,0.418,0.5,1.5,0.314,1.0,2.1,0.492,0.483,0.4,0.7,0.65,0.6,2.6,3.2,2.3,0.7,0.2,1.0,1.7,3.8,0.0,2023,5508600
Edmond Sumner,27.0,BRK,SG,53.0,12.0,13.9,2.3,5.1,0.461,0.6,1.6,0.356,1.8,3.4,0.511,0.519,1.9,2.0,0.917,0.2,1.2,1.5,1.3,0.6,0.2,0.9,1.6,7.1,0.0,2023,1968175
Eric Gordon,34.0,LAC,SG,69.0,58.0,28.5,4.2,9.5,0.446,1.9,5.2,0.371,2.3,4.3,0.535,0.547,2.1,2.5,0.821,0.2,1.7,1.9,2.7,0.6,0.4,1.5,1.1,12.4,0.0,2023,19568360
Eugene Omoruyi,25.0,DET,SF,40.0,6.0,16.1,2.5,5.7,0.443,0.6,2.2,0.281,1.9,3.5,0.547,0.498,1.3,1.9,0.68,1.1,1.7,2.8,0.7,0.7,0.1,0.9,2.3,7.0,0.0,2023,1013119
Evan Fournier,30.0,NYK,SG,27.0,7.0,17.0,2.1,6.1,0.337,1.3,4.2,0.307,0.8,1.9,0.404,0.443,0.7,0.8,0.857,0.1,1.7,1.8,1.3,0.6,0.1,0.8,1.7,6.1,0.0,2023,18000000
Evan Mobley,21.0,CLE,PF,79.0,79.0,34.4,6.6,12.0,0.554,0.3,1.3,0.216,6.4,10.7,0.595,0.566,2.6,3.8,0.674,2.4,6.6,9.0,2.8,0.8,1.5,1.8,2.8,16.2,0.0,2023,8478720
Facundo Campazzo,31.0,DAL,PG,8.0,0.0,6.5,0.4,1.6,0.231,0.4,1.4,0.273,0.0,0.3,0.0,0.346,0.1,0.3,0.5,0.0,0.3,0.3,1.1,0.8,0.0,0.4,0.4,1.3,0.0,2023,464299
Frank Jackson,24.0,UTA,PG,1.0,0.0,5.0,0.0,3.0,0.0,0.0,1.0,0.0,0.0,2.0,0.0,0.0,0.0,0.0,0.0,1.0,1.0,2.0,1.0,0.0,0.0,0.0,0.0,0.0,0.0,2023,113114
Frank Kaminsky,29.0,HOU,C,36.0,0.0,6.5,0.9,1.8,0.492,0.4,0.9,0.394,0.5,0.8,0.6,0.595,0.4,0.4,0.875,0.2,1.3,1.4,0.9,0.2,0.1,0.3,0.6,2.5,0.0,2023,2463490
Frank Ntilikina,24.0,DAL,SG,47.0,5.0,12.9,1.0,2.8,0.364,0.4,1.4,0.254,0.7,1.4,0.477,0.428,0.5,0.7,0.667,0.1,1.2,1.3,1.2,0.3,0.1,0.6,1.4,2.9,0.0,2023,2036318
Franz Wagner,21.0,ORL,SF,80.0,80.0,32.6,6.8,14.0,0.485,1.6,4.5,0.361,5.2,9.5,0.544,0.543,3.4,4.0,0.842,0.9,3.2,4.1,3.5,1.0,0.2,2.1,2.3,18.6,0.0,2023,5258280
Fred VanVleet,28.0,TOR,PG,69.0,69.0,36.7,6.3,16.1,0.393,3.0,8.8,0.342,3.3,7.3,0.455,0.486,3.7,4.1,0.898,0.4,3.6,4.1,7.2,1.8,0.6,2.0,2.8,19.3,0.0,2023,21250000
Furkan Korkmaz,25.0,PHI,SG,37.0,0.0,9.5,1.3,3.0,0.432,0.5,1.2,0.391,0.8,1.8,0.462,0.514,0.7,1.0,0.722,0.2,1.0,1.1,0.6,0.3,0.1,0.6,0.5,3.8,0.0,2023,5000000
Gabe Vincent,26.0,MIA,PG,68.0,34.0,25.9,3.4,8.3,0.402,1.7,5.1,0.334,1.6,3.2,0.512,0.505,1.0,1.1,0.872,0.4,1.7,2.1,2.5,0.9,0.1,1.4,2.3,9.4,0.0,2023,1815677
Gabe York,29.0,IND,SG,3.0,0.0,18.7,2.7,7.0,0.381,2.0,6.0,0.333,0.7,1.0,0.667,0.524,0.7,0.7,1.0,0.0,2.0,2.0,1.7,0.7,0.0,0.0,1.7,8.0,0.0,2023,32171
Garrett Temple,36.0,NOP,SG,25.0,0.0,6.5,0.7,1.8,0.4,0.4,1.0,0.423,0.3,0.8,0.368,0.522,0.1,0.2,0.75,0.2,0.5,0.7,0.5,0.4,0.1,0.2,0.6,2.0,0.0,2023,5155500
Garrison Mathews,26.0,ATL,SG,54.0,0.0,12.7,1.4,3.7,0.363,1.2,3.3,0.35,0.2,0.4,0.476,0.52,0.9,1.0,0.906,0.2,1.1,1.4,0.5,0.4,0.1,0.4,1.1,4.8,0.0,2023,2000000
Gary Harris,28.0,ORL,SG,48.0,42.0,24.7,2.9,6.4,0.45,2.0,4.5,0.431,0.9,1.9,0.494,0.603,0.6,0.6,0.9,0.4,1.6,2.0,1.2,0.9,0.3,0.6,1.9,8.3,0.0,2023,13000000
Gary Payton II,30.0,GSW,SG,22.0,1.0,16.7,1.9,3.1,0.594,0.6,1.2,0.5,1.3,2.0,0.651,0.688,0.3,0.3,0.857,1.1,2.0,3.1,1.4,1.0,0.2,0.7,2.0,4.6,0.0,2023,8300000
George Hill,36.0,IND,SG,46.0,1.0,18.1,1.7,3.6,0.47,0.7,2.1,0.358,1.0,1.5,0.62,0.572,0.9,1.2,0.764,0.3,1.5,1.8,2.4,0.6,0.1,0.7,1.2,5.0,0.0,2023,4000000
Georges Niang,29.0,PHI,PF,78.0,1.0,19.4,2.8,6.4,0.442,2.0,4.9,0.401,0.9,1.5,0.576,0.596,0.5,0.6,0.867,0.2,2.1,2.4,1.0,0.4,0.2,0.7,1.9,8.2,0.0,2023,3465000
Giannis Antetokounmpo,28.0,MIL,PF,63.0,63.0,32.1,11.2,20.3,0.553,0.7,2.7,0.275,10.5,17.6,0.596,0.572,7.9,12.3,0.645,2.2,9.6,11.8,5.7,0.8,0.8,3.9,3.1,31.1,0.0,2023,42492492
Goga Bitadze,23.0,ORL,C,38.0,1.0,12.0,1.8,3.3,0.552,0.2,0.7,0.231,1.7,2.6,0.636,0.576,0.6,1.1,0.548,1.6,2.0,3.6,1.0,0.4,0.7,0.6,1.7,4.4,0.0,2023,5377520
Goran Dragic,36.0,MIL,PG,58.0,0.0,15.0,2.4,5.8,0.421,0.9,2.5,0.359,1.5,3.3,0.468,0.499,0.5,0.8,0.689,0.3,1.1,1.4,2.6,0.2,0.1,1.1,1.1,6.3,0.0,2023,3523762
Gordon Hayward,32.0,CHO,SF,50.0,50.0,31.5,5.5,11.6,0.475,1.0,3.2,0.325,4.5,8.4,0.532,0.52,2.6,3.2,0.811,0.7,3.6,4.3,4.1,0.8,0.2,2.0,1.4,14.7,0.0,2023,30075000
Gorgui Dieng,33.0,SAS,C,31.0,1.0,11.5,1.5,3.8,0.385,0.7,2.4,0.28,0.8,1.4,0.571,0.474,0.3,0.4,0.769,0.9,2.6,3.5,1.7,0.1,0.5,1.0,1.8,3.9,0.0,2023,4105236
Grant Williams,24.0,BOS,PF,79.0,23.0,25.9,2.7,6.0,0.454,1.5,3.7,0.395,1.3,2.3,0.546,0.575,1.2,1.5,0.77,1.1,3.5,4.6,1.7,0.5,0.4,1.0,2.4,8.1,0.0,2023,4306281
Grayson Allen,27.0,MIL,SG,72.0,70.0,27.4,3.4,7.7,0.44,2.0,5.1,0.399,1.4,2.7,0.518,0.571,1.6,1.8,0.905,0.8,2.4,3.3,2.3,0.9,0.2,1.0,1.6,10.4,0.0,2023,8925000
Hamidou Diallo,24.0,DET,SF,56.0,0.0,17.8,3.8,6.7,0.573,0.1,0.4,0.238,3.8,6.3,0.593,0.58,1.6,2.6,0.588,1.0,2.4,3.5,1.0,0.9,0.3,1.3,2.2,9.3,0.0,2023,5200000
Harrison Barnes,30.0,SAC,PF,82.0,82.0,32.5,4.6,9.6,0.473,1.6,4.3,0.374,3.0,5.3,0.553,0.556,4.3,5.0,0.847,1.1,3.4,4.5,1.6,0.7,0.1,1.0,1.3,15.0,0.0,2023,18352273
Haywood Highsmith,26.0,MIA,PF,54.0,11.0,17.9,1.7,4.0,0.431,0.7,2.0,0.339,1.0,2.0,0.523,0.516,0.2,0.5,0.464,1.1,2.4,3.5,0.8,0.7,0.3,0.8,1.5,4.4,0.0,2023,1752638
Immanuel Quickley,23.0,NYK,SG,81.0,21.0,28.9,5.2,11.6,0.448,2.1,5.6,0.37,3.1,6.0,0.521,0.537,2.5,3.1,0.819,0.7,3.4,4.2,3.4,1.0,0.2,1.2,2.0,14.9,0.0,2023,2316240
Isaac Okoro,22.0,CLE,SF,76.0,46.0,21.7,2.3,4.7,0.494,0.8,2.3,0.363,1.5,2.4,0.617,0.582,1.0,1.4,0.757,0.7,1.8,2.5,1.1,0.7,0.4,0.6,2.1,6.4,0.0,2023,7040880
Isaiah Hartenstein,24.0,NYK,C,82.0,8.0,19.8,2.1,4.0,0.535,0.1,0.5,0.216,2.0,3.5,0.576,0.547,0.6,0.9,0.676,2.5,4.0,6.5,1.2,0.6,0.8,0.8,2.6,5.0,0.0,2023,8854879
Isaiah Jackson,21.0,IND,C,63.0,12.0,16.5,2.8,5.0,0.563,0.0,0.2,0.143,2.8,4.8,0.582,0.566,1.5,2.3,0.651,1.8,2.7,4.5,0.8,0.5,1.5,0.8,2.4,7.2,0.0,2023,2573760
Isaiah Joe,23.0,OKC,SG,73.0,10.0,19.1,3.1,7.0,0.441,2.2,5.4,0.409,0.9,1.6,0.553,0.599,1.1,1.4,0.82,0.4,2.0,2.4,1.2,0.7,0.1,0.5,1.4,9.5,0.0,2023,1836090
Isaiah Livers,24.0,DET,PF,52.0,22.0,23.1,2.3,5.5,0.417,1.4,3.9,0.365,0.9,1.6,0.541,0.545,0.6,0.8,0.821,0.5,2.2,2.8,0.8,0.5,0.5,0.6,2.0,6.7,0.0,2023,1563518
Isaiah Mobley,23.0,CLE,PF,12.0,0.0,7.0,1.0,2.3,0.429,0.3,0.7,0.375,0.8,1.7,0.45,0.482,0.3,0.3,1.0,0.3,1.3,1.7,0.3,0.3,0.3,0.1,0.7,2.6,0.0,2023,508891
Isaiah Roby,24.0,SAS,PF,42.0,2.0,11.3,1.6,3.7,0.432,0.4,1.4,0.3,1.2,2.3,0.516,0.49,0.5,1.0,0.488,0.5,2.0,2.5,0.9,0.4,0.2,0.7,1.3,4.1,0.0,2023,2330681
Isaiah Stewart,21.0,DET,C,50.0,47.0,28.3,3.9,8.8,0.442,1.3,4.1,0.327,2.6,4.7,0.542,0.518,2.2,3.0,0.738,2.3,5.8,8.1,1.4,0.4,0.7,1.4,2.7,11.3,0.0,2023,3433320
Isaiah Todd,21.0,WAS,PF,6.0,1.0,10.2,0.5,3.2,0.158,0.2,1.7,0.1,0.3,1.5,0.222,0.184,0.3,0.3,1.0,0.3,1.7,2.0,0.7,0.2,0.0,0.3,0.7,1.5,0.0,2023,1575000
Ivica Zubac,25.0,LAC,C,76.0,76.0,28.6,4.3,6.8,0.634,0.0,0.0,0.0,4.3,6.7,0.637,0.634,2.2,3.1,0.697,3.1,6.8,9.9,1.0,0.4,1.3,1.5,2.9,10.8,0.0,2023,10123457
JD Davison,20.0,BOS,SG,12.0,0.0,5.5,0.7,1.6,0.421,0.2,0.6,0.286,0.5,1.0,0.5,0.474,0.1,0.2,0.5,0.2,0.6,0.8,0.9,0.2,0.2,0.3,0.4,1.6,0.0,2023,508891
JT Thor,20.0,CHO,PF,69.0,8.0,14.0,1.4,3.4,0.399,0.6,1.8,0.317,0.8,1.7,0.487,0.481,0.5,0.7,0.702,0.5,1.7,2.2,0.5,0.3,0.3,0.6,1.0,3.8,0.0,2023,1563518
Ja Morant,23.0,MEM,PG,61.0,59.0,31.9,9.3,19.9,0.466,1.5,4.9,0.307,7.8,15.0,0.519,0.504,6.1,8.1,0.748,1.0,4.9,5.9,8.1,1.1,0.3,3.4,1.6,26.2,0.0,2023,12119440
JaMychal Green,32.0,GSW,PF,57.0,1.0,14.0,2.4,4.4,0.54,0.7,1.9,0.378,1.6,2.5,0.667,0.623,0.9,1.2,0.776,1.3,2.3,3.6,0.9,0.4,0.4,0.9,1.8,6.4,0.0,2023,8200000
JaVale McGee,35.0,DAL,C,42.0,7.0,8.5,1.9,3.0,0.64,0.0,0.1,0.4,1.9,2.9,0.65,0.648,0.6,1.0,0.585,0.7,1.8,2.5,0.3,0.1,0.6,0.9,1.3,4.4,0.0,2023,5461219
Jabari Walker,20.0,POR,PF,56.0,0.0,11.1,1.5,3.5,0.419,0.3,1.0,0.286,1.2,2.5,0.472,0.46,0.6,0.8,0.756,0.9,1.5,2.3,0.6,0.2,0.2,0.5,1.2,3.9,0.0,2023,1017781
Jack White,25.0,DEN,SF,17.0,0.0,3.9,0.5,1.1,0.421,0.2,0.5,0.333,0.3,0.6,0.5,0.5,0.1,0.2,0.667,0.4,0.6,1.0,0.2,0.2,0.1,0.1,0.5,1.2,0.0,2023,508891
Jacob Gilyard,24.0,MEM,PG,1.0,0.0,41.0,1.0,3.0,0.333,1.0,3.0,0.333,0.0,0.0,0.0,0.5,0.0,0.0,0.0,0.0,4.0,4.0,7.0,3.0,0.0,2.0,3.0,3.0,0.0,2023,5849
Jaden Hardy,20.0,DAL,SG,48.0,5.0,14.8,3.0,6.9,0.438,1.3,3.3,0.404,1.7,3.7,0.469,0.533,1.4,1.6,0.823,0.2,1.6,1.9,1.4,0.4,0.1,1.0,1.3,8.8,0.0,2023,1017781
Jaden Ivey,20.0,DET,SG,74.0,73.0,31.1,5.5,13.3,0.416,1.6,4.7,0.343,3.9,8.6,0.457,0.477,3.6,4.8,0.747,1.0,2.9,3.9,5.2,0.8,0.2,3.2,3.3,16.3,0.0,2023,7252200
Jaden McDaniels,22.0,MIN,SF,79.0,79.0,30.6,4.7,9.1,0.517,1.4,3.4,0.398,3.3,5.7,0.588,0.591,1.3,1.8,0.736,1.2,2.7,3.9,1.9,0.9,1.0,1.4,3.4,12.1,0.0,2023,2161440
Jaden Springer,20.0,PHI,SG,16.0,2.0,5.6,1.1,2.2,0.486,0.1,0.3,0.4,0.9,1.9,0.5,0.514,0.4,0.5,0.75,0.4,0.5,0.9,0.5,0.4,0.2,0.2,0.9,2.6,0.0,2023,2125200
Jae Crowder,32.0,MIL,PF,18.0,3.0,18.9,2.5,5.2,0.479,1.3,3.1,0.436,1.2,2.2,0.538,0.606,0.6,0.7,0.833,0.9,2.9,3.8,1.5,0.7,0.3,0.4,1.5,6.9,0.0,2023,10183800
Jae'Sean Tate,27.0,HOU,SF,31.0,7.0,21.8,3.5,7.4,0.48,0.4,1.5,0.283,3.1,5.9,0.53,0.509,1.6,2.2,0.725,1.3,2.5,3.8,2.7,0.7,0.2,1.5,3.4,9.1,0.0,2023,7065217
Jake LaRavia,21.0,MEM,PF,35.0,0.0,11.8,1.1,2.7,0.389,0.7,2.0,0.338,0.4,0.7,0.542,0.516,0.2,0.3,0.778,0.5,1.3,1.8,0.6,0.3,0.1,0.5,1.4,3.0,0.0,2023,3047640
Jakob Poeltl,27.0,TOR,C,72.0,71.0,26.5,5.4,8.6,0.629,0.0,0.0,0.0,5.4,8.6,0.63,0.629,1.7,2.8,0.592,3.3,5.8,9.1,2.7,0.9,1.2,1.7,2.7,12.5,0.0,2023,9398148
Jalen Brunson,26.0,NYK,PG,68.0,68.0,35.0,8.6,17.6,0.491,2.0,4.7,0.416,6.7,12.8,0.519,0.547,4.8,5.8,0.829,0.6,3.0,3.5,6.2,0.9,0.2,2.1,2.2,24.0,0.0,2023,27733332
Jalen Duren,19.0,DET,C,67.0,31.0,24.9,3.9,5.9,0.648,0.0,0.0,0.0,3.9,5.9,0.652,0.648,1.4,2.3,0.611,3.4,5.5,8.9,1.1,0.7,0.9,1.4,2.7,9.1,0.0,2023,4124280
Jalen Green,20.0,HOU,SG,76.0,76.0,34.2,7.4,17.9,0.416,2.5,7.3,0.338,5.0,10.6,0.471,0.485,4.8,6.1,0.786,0.6,3.2,3.7,3.7,0.8,0.2,2.6,1.7,22.1,0.0,2023,9441840
Jalen Johnson,21.0,ATL,SF,70.0,6.0,14.9,2.3,4.6,0.491,0.4,1.5,0.288,1.8,3.1,0.587,0.537,0.7,1.1,0.628,0.7,3.3,4.0,1.2,0.5,0.5,0.6,1.6,5.6,0.0,2023,2792640
Jalen McDaniels,25.0,PHI,SF,80.0,24.0,23.9,3.5,7.7,0.455,1.0,2.9,0.332,2.6,4.8,0.53,0.518,1.5,1.7,0.841,0.8,3.5,4.3,1.6,1.0,0.4,1.2,2.6,9.4,0.0,2023,1930681
Jalen Smith,22.0,IND,C,68.0,31.0,18.8,3.6,7.5,0.476,0.8,2.8,0.283,2.8,4.7,0.593,0.53,1.5,2.0,0.759,1.9,3.9,5.8,1.0,0.3,0.9,1.1,2.3,9.4,0.0,2023,4670160
Jalen Suggs,21.0,ORL,SG,53.0,19.0,23.5,3.5,8.4,0.419,1.2,3.8,0.327,2.3,4.6,0.496,0.493,1.6,2.2,0.723,1.0,2.0,3.0,2.9,1.3,0.5,1.8,2.3,9.9,0.0,2023,6922320
Jalen Williams,21.0,OKC,SG,75.0,62.0,30.3,5.5,10.6,0.521,1.0,2.7,0.356,4.5,7.9,0.579,0.567,2.1,2.5,0.812,1.1,3.4,4.5,3.3,1.4,0.5,1.6,2.5,14.1,0.0,2023,4341480
Jamal Cain,23.0,MIA,PF,18.0,0.0,13.3,2.1,3.7,0.561,0.4,1.1,0.35,1.7,2.6,0.652,0.614,0.9,1.2,0.773,0.8,2.1,2.9,0.7,0.6,0.1,0.3,1.2,5.4,0.0,2023,508891
Jamal Murray,25.0,DEN,PG,65.0,65.0,32.8,7.3,16.0,0.454,2.6,6.6,0.398,4.6,9.4,0.494,0.537,2.8,3.3,0.833,0.7,3.2,4.0,6.2,1.0,0.2,2.2,1.6,20.0,0.0,2023,31650600
Jamaree Bouyea,23.0,WAS,PG,5.0,0.0,14.2,1.2,2.8,0.429,0.4,1.2,0.333,0.8,1.6,0.5,0.5,0.2,0.4,0.5,0.2,1.0,1.2,0.8,0.8,0.4,0.8,1.2,3.0,0.0,2023,116986
James Bouknight,22.0,CHO,SG,34.0,0.0,15.1,2.0,5.7,0.358,1.0,3.2,0.303,1.1,2.5,0.429,0.443,0.6,0.9,0.667,0.2,1.9,2.1,1.2,0.4,0.1,0.9,1.4,5.6,0.0,2023,4362240
James Harden,33.0,PHI,PG,58.0,58.0,36.8,6.4,14.5,0.441,2.8,7.2,0.385,3.6,7.3,0.495,0.536,5.4,6.2,0.867,0.7,5.4,6.1,10.7,1.2,0.5,3.4,1.9,21.0,0.0,2023,33000000
James Johnson,35.0,IND,PF,18.0,1.0,9.0,1.2,2.7,0.449,0.2,0.8,0.2,1.1,1.9,0.559,0.48,0.2,0.4,0.5,0.2,1.4,1.7,0.8,0.4,0.3,0.4,1.8,2.8,0.0,2023,3841067
James Wiseman,21.0,DET,C,45.0,22.0,19.3,4.2,7.5,0.558,0.1,0.4,0.2,4.1,7.1,0.58,0.563,1.5,2.2,0.701,1.6,4.3,5.9,0.7,0.2,0.6,1.1,2.4,10.0,0.0,2023,9603360
Jared Butler,22.0,OKC,PG,6.0,1.0,12.8,2.5,5.3,0.469,1.2,2.3,0.5,1.3,3.0,0.444,0.578,0.0,0.0,0.0,0.2,0.5,0.7,1.3,0.8,0.0,0.8,0.8,6.2,0.0,2023,1674655
Jared Rhoden,23.0,DET,SG,14.0,0.0,14.1,1.2,3.1,0.386,0.4,1.4,0.25,0.9,1.7,0.5,0.443,0.4,0.4,1.0,0.8,1.9,2.6,0.3,0.3,0.1,0.2,1.6,3.2,0.0,2023,307089
Jarred Vanderbilt,23.0,LAL,PF,78.0,65.0,24.1,3.2,5.8,0.548,0.4,1.2,0.322,2.8,4.6,0.604,0.58,1.2,1.8,0.691,2.2,5.3,7.5,2.4,1.1,0.3,1.2,2.4,7.9,0.0,2023,4374000
Jarrell Brantley,26.0,UTA,PF,4.0,0.0,9.8,2.0,3.5,0.571,1.0,2.3,0.444,1.0,1.3,0.8,0.714,0.5,0.5,1.0,0.3,1.3,1.5,0.8,0.0,0.5,0.5,0.8,5.5,0.0,2023,105522
Jarrett Allen,24.0,CLE,C,68.0,68.0,32.6,5.9,9.2,0.644,0.0,0.1,0.1,5.9,9.1,0.653,0.645,2.4,3.3,0.733,3.3,6.5,9.8,1.7,0.8,1.2,1.4,2.3,14.3,0.0,2023,20000000
Jarrett Culver,23.0,ATL,SF,10.0,1.0,13.7,1.7,4.3,0.395,0.1,1.2,0.083,1.6,3.1,0.516,0.407,0.9,1.3,0.692,1.0,2.8,3.8,0.6,0.6,0.2,0.7,1.4,4.4,0.0,2023,260295
Jason Preston,23.0,LAC,PG,14.0,0.0,8.9,1.3,2.9,0.439,0.4,1.3,0.278,0.9,1.6,0.565,0.5,0.0,0.1,0.0,0.1,1.4,1.6,1.9,0.1,0.0,0.7,0.5,2.9,0.0,2023,1563518
Javonte Green,29.0,CHI,SF,32.0,1.0,15.0,1.9,3.4,0.565,0.4,1.1,0.371,1.5,2.3,0.658,0.625,0.9,1.4,0.667,0.8,1.9,2.8,0.7,0.8,0.7,0.6,1.6,5.2,0.0,2023,1815677
Jaxson Hayes,22.0,NOP,C,47.0,2.0,13.0,1.8,3.3,0.551,0.1,0.6,0.103,1.8,2.7,0.654,0.561,1.2,1.8,0.699,0.8,2.0,2.8,0.7,0.4,0.4,0.7,1.4,5.0,0.0,2023,6803012
Jay Huff,24.0,WAS,C,7.0,0.0,13.6,2.1,3.6,0.6,0.9,1.7,0.5,1.3,1.9,0.692,0.72,2.1,2.3,0.938,0.9,2.1,3.0,1.4,0.4,0.6,0.7,2.1,7.3,0.0,2023,116986
Jay Scrubb,22.0,ORL,SG,2.0,0.0,15.0,2.5,3.5,0.714,1.0,1.0,1.0,1.5,2.5,0.6,0.857,0.5,1.0,0.5,0.0,3.0,3.0,0.5,1.0,0.0,1.5,1.0,6.5,0.0,2023,49719
Jaylen Brown,26.0,BOS,SF,67.0,67.0,35.9,10.1,20.6,0.491,2.4,7.3,0.335,7.7,13.4,0.576,0.55,3.9,5.1,0.765,1.2,5.7,6.9,3.5,1.1,0.4,2.9,2.6,26.6,0.0,2023,29776785
Jaylen Nowell,23.0,MIN,SG,65.0,2.0,19.3,4.3,9.6,0.448,1.0,3.6,0.289,3.3,6.0,0.542,0.502,1.2,1.5,0.778,0.6,2.1,2.6,2.0,0.6,0.1,1.0,1.6,10.8,0.0,2023,1930681
Jaylin Williams,20.0,OKC,C,49.0,36.0,18.7,2.1,4.8,0.436,0.9,2.3,0.407,1.1,2.5,0.463,0.534,0.8,1.1,0.704,0.9,4.0,4.9,1.6,0.6,0.2,0.8,2.3,5.9,0.0,2023,2000000
Jayson Tatum,24.0,BOS,SF,74.0,74.0,36.9,9.8,21.1,0.466,3.2,9.3,0.35,6.6,11.8,0.558,0.543,7.2,8.4,0.854,1.1,7.7,8.8,4.6,1.1,0.7,2.9,2.2,30.1,0.0,2023,30351780
Jeff Green,36.0,DEN,PF,56.0,4.0,19.5,2.9,5.9,0.488,0.5,1.9,0.288,2.3,4.0,0.58,0.534,1.6,2.1,0.744,0.7,1.9,2.6,1.2,0.3,0.3,0.8,1.8,7.8,0.0,2023,4500000
Jerami Grant,28.0,POR,PF,63.0,63.0,35.7,6.9,14.5,0.475,2.3,5.7,0.401,4.6,8.8,0.523,0.554,4.4,5.4,0.813,0.8,3.7,4.5,2.4,0.8,0.8,1.8,2.4,20.5,0.0,2023,20955000
Jeremiah Robinson-Earl,22.0,OKC,PF,43.0,20.0,18.9,2.6,5.8,0.444,0.9,2.6,0.333,1.7,3.2,0.533,0.518,0.8,1.0,0.833,1.7,2.5,4.2,1.0,0.6,0.3,0.4,1.7,6.8,0.0,2023,2000000
Jeremy Sochan,19.0,SAS,PF,56.0,53.0,26.0,4.5,9.9,0.453,0.6,2.4,0.246,3.9,7.5,0.519,0.483,1.4,2.1,0.698,1.7,3.6,5.3,2.5,0.8,0.4,1.7,2.5,11.0,0.0,2023,5063520
Jericho Sims,24.0,NYK,C,52.0,16.0,15.6,1.6,2.1,0.776,0.0,0.0,0.0,1.6,2.0,0.783,0.776,0.2,0.3,0.75,1.9,2.8,4.7,0.5,0.3,0.5,0.5,1.8,3.4,0.0,2023,1639842
Jevon Carter,27.0,MIL,PG,81.0,39.0,22.3,3.0,7.0,0.423,1.8,4.2,0.421,1.2,2.8,0.425,0.549,0.4,0.5,0.816,0.4,2.1,2.5,2.4,0.8,0.4,1.0,2.0,8.0,0.0,2023,6025000
Jimmy Butler,33.0,MIA,PF,64.0,64.0,33.4,7.5,13.9,0.539,0.6,1.6,0.35,6.9,12.3,0.564,0.56,7.4,8.7,0.85,2.2,3.7,5.9,5.3,1.8,0.3,1.6,1.3,22.9,0.0,2023,37653300
Jock Landale,27.0,PHO,C,69.0,4.0,14.2,2.6,4.9,0.528,0.3,1.2,0.25,2.3,3.7,0.621,0.559,1.1,1.5,0.752,1.7,2.3,4.1,1.0,0.2,0.4,0.9,1.8,6.6,0.0,2023,1563518
Joe Harris,31.0,BRK,SF,74.0,33.0,20.6,2.7,5.9,0.457,1.9,4.5,0.426,0.8,1.4,0.551,0.618,0.2,0.4,0.643,0.3,1.9,2.2,1.4,0.5,0.2,0.6,1.9,7.6,0.0,2023,18642857
Joe Ingles,35.0,MIL,SF,46.0,0.0,22.7,2.3,5.4,0.435,1.8,4.4,0.409,0.5,1.0,0.556,0.603,0.4,0.5,0.857,0.3,2.5,2.8,3.3,0.7,0.1,1.2,1.6,6.9,0.0,2023,6479000
Joe Wieskamp,23.0,TOR,SF,9.0,0.0,5.6,0.3,1.6,0.214,0.3,1.3,0.25,0.0,0.2,0.0,0.321,0.0,0.0,0.0,0.0,0.4,0.4,0.3,0.0,0.0,0.1,0.3,1.0,0.0,2023,2909261
Joel Embiid,28.0,PHI,C,66.0,66.0,34.6,11.0,20.1,0.548,1.0,3.0,0.33,10.0,17.1,0.587,0.573,10.0,11.7,0.857,1.7,8.4,10.2,4.2,1.0,1.7,3.4,3.1,33.1,0.0,2023,33616770
John Butler,20.0,POR,C,19.0,1.0,11.6,0.9,2.8,0.321,0.4,1.8,0.229,0.5,0.9,0.5,0.396,0.2,0.2,0.75,0.2,0.7,0.9,0.6,0.4,0.5,0.1,1.2,2.4,0.0,2023,503041
John Collins,25.0,ATL,PF,71.0,71.0,30.0,5.1,10.0,0.508,1.0,3.4,0.292,4.1,6.6,0.619,0.557,2.0,2.5,0.803,1.1,5.4,6.5,1.2,0.6,1.0,1.1,3.1,13.1,0.0,2023,23500000
John Konchar,26.0,MEM,SF,72.0,23.0,20.8,1.9,4.4,0.431,0.8,2.5,0.339,1.1,2.0,0.545,0.525,0.4,0.5,0.778,0.9,3.4,4.3,1.4,1.1,0.3,0.5,1.6,5.1,0.0,2023,2300000
John Wall,32.0,LAC,PG,34.0,3.0,22.2,4.1,9.9,0.408,1.0,3.2,0.303,3.1,6.7,0.459,0.457,2.3,3.3,0.681,0.4,2.3,2.7,5.2,0.8,0.4,2.4,1.7,11.4,0.0,2023,47345760
Johnny Davis,20.0,WAS,SG,28.0,5.0,15.1,2.4,6.1,0.386,0.6,2.5,0.243,1.8,3.6,0.485,0.436,0.5,1.0,0.519,0.4,2.0,2.3,1.0,0.4,0.3,0.6,1.7,5.8,0.0,2023,4810320
Johnny Juzang,21.0,UTA,SG,18.0,0.0,12.9,1.9,5.8,0.337,0.8,3.5,0.238,1.1,2.3,0.488,0.409,0.1,0.2,0.5,0.4,1.7,2.2,0.4,0.2,0.2,0.2,0.7,4.8,0.0,2023,508891
Jonas Valanciunas,30.0,NOP,C,79.0,79.0,24.9,5.6,10.3,0.547,0.5,1.4,0.349,5.2,8.9,0.577,0.57,2.3,2.8,0.826,2.8,7.3,10.2,1.8,0.3,0.7,2.0,3.1,14.1,0.0,2023,14700000
Jonathan Isaac,25.0,ORL,PF,11.0,0.0,11.3,2.0,4.8,0.415,0.5,1.4,0.4,1.5,3.5,0.421,0.472,0.5,0.8,0.556,1.4,2.6,4.0,0.5,1.3,0.4,0.4,0.5,5.0,0.0,2023,17400000
Jonathan Kuminga,20.0,GSW,PF,67.0,16.0,20.8,3.9,7.4,0.525,0.8,2.2,0.37,3.1,5.2,0.59,0.579,1.3,2.1,0.652,1.0,2.4,3.4,1.9,0.6,0.5,1.4,2.3,9.9,0.0,2023,5739840
Jordan Clarkson,30.0,UTA,SG,61.0,61.0,32.6,7.5,16.9,0.444,2.5,7.5,0.338,5.0,9.4,0.53,0.519,3.3,4.0,0.816,1.2,2.9,4.0,4.4,0.5,0.2,3.0,2.0,20.8,0.0,2023,13340000
Jordan Goodwin,24.0,WAS,PG,62.0,7.0,17.8,2.5,5.7,0.448,0.6,1.9,0.322,1.9,3.8,0.511,0.501,0.9,1.1,0.768,0.9,2.4,3.3,2.7,0.9,0.4,0.9,1.5,6.6,0.0,2023,1280206
Jordan Hall,21.0,SAS,SF,9.0,0.0,9.2,1.0,3.1,0.321,0.3,1.7,0.2,0.7,1.4,0.462,0.375,0.8,1.0,0.778,0.3,1.0,1.3,1.2,0.1,0.0,0.8,0.7,3.1,0.0,2023,193027
Jordan McLaughlin,26.0,MIN,PG,43.0,0.0,15.8,1.4,3.4,0.421,0.6,1.8,0.308,0.9,1.6,0.552,0.503,0.3,0.4,0.833,0.3,1.1,1.4,3.4,0.7,0.1,0.8,0.7,3.7,0.0,2023,2160000
Jordan Nwora,24.0,IND,SF,62.0,14.0,19.2,3.1,7.2,0.436,1.4,3.4,0.408,1.7,3.8,0.462,0.533,1.1,1.4,0.791,0.8,2.9,3.7,1.4,0.4,0.2,1.1,1.2,8.7,0.0,2023,2800000
Jordan Poole,23.0,GSW,PG,82.0,43.0,30.0,6.7,15.6,0.43,2.6,7.8,0.336,4.1,7.8,0.524,0.514,4.4,5.1,0.87,0.4,2.4,2.7,4.5,0.8,0.3,3.1,2.6,20.4,0.0,2023,3901399
Jordan Schakel,24.0,WAS,SF,2.0,0.0,3.0,0.5,1.0,0.5,0.5,0.5,1.0,0.0,0.5,0.0,0.75,0.0,0.0,0.0,0.0,0.0,0.0,0.5,0.5,0.0,0.0,0.5,1.5,0.0,2023,96514
Jose Alvarado,24.0,NOP,PG,61.0,10.0,21.5,3.3,8.0,0.411,1.4,4.0,0.336,1.9,4.0,0.488,0.496,1.1,1.3,0.813,0.5,1.9,2.3,3.0,1.1,0.2,1.3,2.0,9.0,0.0,2023,1563518
Josh Christopher,21.0,HOU,SG,64.0,2.0,12.3,2.4,5.1,0.465,0.3,1.4,0.236,2.1,3.8,0.55,0.497,0.7,0.9,0.75,0.3,0.8,1.1,1.1,0.5,0.2,0.9,0.9,5.8,0.0,2023,2372160
Josh Giddey,20.0,OKC,PF,76.0,76.0,31.1,7.1,14.7,0.482,1.0,3.1,0.325,6.1,11.6,0.524,0.516,1.4,1.9,0.731,1.9,5.9,7.9,6.2,0.8,0.4,2.8,1.9,16.6,0.0,2023,6287400
Josh Green,22.0,DAL,SG,60.0,21.0,25.7,3.4,6.4,0.537,1.1,2.8,0.402,2.3,3.6,0.643,0.626,1.1,1.6,0.723,0.9,2.1,3.0,1.7,0.7,0.1,1.2,2.6,9.1,0.0,2023,3098400
Josh Hart,27.0,NYK,SF,76.0,52.0,32.3,3.6,6.8,0.529,0.8,2.2,0.372,2.8,4.7,0.601,0.588,1.7,2.3,0.75,1.9,5.9,7.8,3.8,1.2,0.3,1.5,2.6,9.8,0.0,2023,12960000
Josh Minott,20.0,MIN,SF,15.0,0.0,6.4,1.2,2.4,0.5,0.1,0.4,0.333,1.1,2.0,0.533,0.528,0.5,0.5,1.0,0.3,1.3,1.7,0.3,0.3,0.4,0.2,0.7,3.1,0.0,2023,1017781
Josh Okogie,24.0,PHO,SG,72.0,26.0,18.8,2.3,5.8,0.391,0.9,2.7,0.335,1.3,3.0,0.442,0.471,1.9,2.7,0.724,1.5,2.0,3.5,1.5,0.8,0.5,0.9,1.6,7.3,0.0,2023,1968175
Josh Richardson,29.0,NOP,SG,65.0,10.0,23.5,3.7,8.5,0.431,1.6,4.5,0.365,2.0,4.0,0.506,0.528,1.1,1.2,0.852,0.6,2.1,2.7,2.7,1.1,0.3,1.3,1.8,10.1,0.0,2023,12196094
Jrue Holiday,32.0,MIL,PG,67.0,65.0,32.6,7.3,15.3,0.479,2.4,6.1,0.384,5.0,9.1,0.542,0.556,2.3,2.6,0.859,1.2,3.9,5.1,7.4,1.2,0.4,2.9,1.7,19.3,0.0,2023,34319520
Juan Toscano-Anderson,29.0,UTA,SF,52.0,9.0,13.5,1.2,2.8,0.448,0.2,0.8,0.186,1.1,1.9,0.56,0.476,0.4,0.5,0.792,0.5,1.8,2.4,1.3,0.3,0.2,0.7,1.5,3.0,0.0,2023,2133278
Julian Champagnie,21.0,SAS,SF,17.0,3.0,18.8,3.5,7.6,0.454,1.9,4.8,0.402,1.5,2.8,0.542,0.581,0.8,1.0,0.824,0.6,2.9,3.5,0.6,0.4,0.3,0.6,1.5,9.7,0.0,2023,508891
Julius Randle,28.0,NYK,PF,77.0,77.0,35.5,8.5,18.6,0.459,2.8,8.3,0.343,5.7,10.3,0.553,0.536,5.2,6.9,0.757,1.8,8.1,10.0,4.1,0.6,0.3,2.8,3.0,25.1,0.0,2023,23760000
Justin Champagnie,21.0,BOS,SF,5.0,0.0,6.8,1.0,3.0,0.333,0.2,1.0,0.2,0.8,2.0,0.4,0.367,0.0,0.0,0.0,0.6,1.0,1.6,0.8,0.2,0.0,0.0,0.4,2.2,0.0,2023,853241
Justin Holiday,33.0,DAL,SF,46.0,2.0,15.3,1.7,4.4,0.377,1.0,3.1,0.322,0.7,1.3,0.508,0.49,0.1,0.2,0.625,0.1,1.1,1.2,0.9,0.4,0.4,0.5,1.5,4.5,0.0,2023,5987975
Justin Jackson,27.0,BOS,SF,23.0,0.0,4.7,0.3,1.2,0.259,0.2,0.9,0.25,0.1,0.3,0.286,0.352,0.0,0.1,0.5,0.1,0.7,0.7,0.4,0.2,0.2,0.1,0.3,0.9,0.0,2023,1836090
Justin Minaya,23.0,POR,SF,4.0,0.0,22.3,1.8,5.8,0.304,0.8,3.0,0.25,1.0,2.8,0.364,0.37,0.0,0.3,0.0,0.8,3.0,3.8,1.0,0.5,1.3,1.0,2.3,4.3,0.0,2023,35096
Justise Winslow,26.0,POR,PF,29.0,11.0,26.8,2.8,6.8,0.409,0.5,1.6,0.311,2.3,5.3,0.438,0.444,0.7,1.0,0.714,1.7,3.3,5.0,3.4,1.0,0.4,1.5,3.1,6.8,0.0,2023,4097561
Jusuf Nurkic,28.0,POR,C,52.0,52.0,26.8,5.0,9.7,0.519,0.8,2.3,0.361,4.2,7.4,0.567,0.561,2.4,3.7,0.661,2.2,6.9,9.1,2.9,0.8,0.8,2.3,3.6,13.3,0.0,2023,15625000
KJ Martin,22.0,HOU,SF,82.0,49.0,28.0,5.0,8.8,0.569,0.8,2.6,0.315,4.2,6.1,0.679,0.617,1.8,2.7,0.68,1.5,4.0,5.5,1.5,0.5,0.4,1.1,1.8,12.7,0.0,2023,1782621
KZ Okpala,23.0,SAC,PF,35.0,3.0,7.1,0.5,1.1,0.421,0.2,0.6,0.333,0.3,0.5,0.529,0.513,0.2,0.2,0.875,0.2,0.8,1.0,0.4,0.2,0.2,0.2,1.1,1.3,0.0,2023,1902133
Kai Jones,22.0,CHO,C,46.0,0.0,12.0,1.5,2.6,0.558,0.1,0.4,0.211,1.4,2.2,0.624,0.575,0.4,0.6,0.731,0.8,1.9,2.7,0.3,0.4,0.7,0.7,1.4,3.4,0.0,2023,2909040
Karl-Anthony Towns,27.0,MIN,PF,29.0,29.0,33.0,7.3,14.8,0.495,2.1,5.7,0.366,5.2,9.1,0.576,0.565,4.1,4.7,0.874,1.7,6.5,8.1,4.8,0.7,0.6,3.0,3.8,20.8,0.0,2023,33833400
Kawhi Leonard,31.0,LAC,SF,52.0,50.0,33.6,8.6,16.8,0.512,2.0,4.8,0.416,6.6,11.9,0.551,0.572,4.7,5.4,0.871,1.1,5.4,6.5,3.9,1.4,0.5,1.7,1.6,23.8,0.0,2023,42492492
Keegan Murray,22.0,SAC,SF,80.0,78.0,29.8,4.4,9.8,0.453,2.6,6.3,0.411,1.9,3.5,0.527,0.584,0.8,1.0,0.765,1.1,3.5,4.6,1.2,0.8,0.5,0.8,2.0,12.2,0.0,2023,8008440
Keita Bates-Diop,27.0,SAS,PF,67.0,42.0,21.7,3.5,6.9,0.508,0.8,2.1,0.394,2.7,4.8,0.557,0.568,1.8,2.2,0.793,1.0,2.7,3.7,1.5,0.7,0.3,0.8,0.9,9.7,0.0,2023,1878720
Keldon Johnson,23.0,SAS,SF,63.0,63.0,32.7,8.0,17.7,0.452,2.1,6.5,0.329,5.9,11.2,0.523,0.512,3.9,5.2,0.749,0.9,4.2,5.0,2.9,0.7,0.2,2.1,2.0,22.0,0.0,2023,3873024
Kelly Olynyk,31.0,UTA,C,68.0,68.0,28.6,4.1,8.2,0.499,1.4,3.5,0.394,2.7,4.7,0.576,0.583,2.9,3.4,0.853,1.2,5.0,6.2,3.7,0.9,0.5,2.5,3.4,12.5,0.0,2023,12804878
Kemba Walker,32.0,DAL,PG,9.0,1.0,16.0,2.7,6.3,0.421,0.8,3.1,0.25,1.9,3.2,0.586,0.482,1.9,2.3,0.81,0.3,1.4,1.8,2.1,0.2,0.2,0.4,1.2,8.0,0.0,2023,37281261
Kendall Brown,19.0,IND,SG,6.0,0.0,6.7,0.7,1.2,0.571,0.0,0.2,0.0,0.7,1.0,0.667,0.571,0.2,0.3,0.5,0.3,0.7,1.0,0.5,0.7,0.0,0.3,1.5,1.5,0.0,2023,508891
Kendrick Nunn,27.0,WAS,SG,70.0,2.0,13.8,2.7,6.4,0.424,1.1,3.2,0.354,1.6,3.2,0.493,0.512,0.5,0.6,0.854,0.2,1.3,1.6,1.3,0.4,0.1,0.9,0.9,7.1,0.0,2023,5250000
Kennedy Chandler,20.0,MEM,PG,36.0,0.0,7.8,1.0,2.3,0.422,0.1,0.4,0.133,0.9,1.9,0.485,0.434,0.2,0.4,0.462,0.3,0.8,1.1,1.6,0.3,0.1,0.5,0.4,2.2,0.0,2023,1200000
Kenrich Williams,28.0,OKC,PF,53.0,10.0,22.8,3.4,6.5,0.517,0.9,2.5,0.373,2.4,4.0,0.608,0.59,0.3,0.7,0.436,1.8,3.1,4.9,2.0,0.8,0.3,0.6,2.1,8.0,0.0,2023,2000000
Kentavious Caldwell-Pope,29.0,DEN,SG,76.0,76.0,31.3,3.8,8.3,0.462,1.8,4.2,0.423,2.1,4.1,0.502,0.569,1.4,1.6,0.824,0.5,2.3,2.7,2.4,1.5,0.5,1.1,1.9,10.8,0.0,2023,14004703
Keon Ellis,23.0,SAC,SG,16.0,0.0,4.4,0.4,1.0,0.438,0.4,0.8,0.5,0.1,0.3,0.25,0.625,0.3,0.4,0.571,0.3,0.3,0.5,0.4,0.3,0.1,0.1,0.6,1.5,0.0,2023,508891
Keon Johnson,20.0,POR,SG,40.0,0.0,10.4,1.7,4.5,0.376,0.7,2.0,0.346,1.0,2.4,0.402,0.455,0.7,1.0,0.659,0.3,0.8,1.1,1.5,0.5,0.2,1.1,1.1,4.7,0.0,2023,2681040
Kessler Edwards,22.0,SAC,SF,36.0,4.0,10.7,1.0,2.6,0.387,0.5,1.5,0.309,0.5,1.1,0.5,0.478,0.3,0.4,0.733,0.6,1.1,1.7,0.6,0.4,0.2,0.4,1.1,2.8,0.0,2023,1637966
Kevin Durant,34.0,PHO,PF,47.0,47.0,35.6,10.3,18.3,0.56,2.0,4.9,0.404,8.3,13.4,0.617,0.614,6.5,7.1,0.919,0.4,6.3,6.7,5.0,0.7,1.4,3.3,2.1,29.1,0.0,2023,44119845
Kevin Huerter,24.0,SAC,SG,75.0,75.0,29.4,5.6,11.5,0.485,2.7,6.8,0.402,2.9,4.7,0.604,0.603,1.3,1.7,0.725,0.6,2.8,3.3,2.9,1.1,0.3,1.3,2.4,15.2,0.0,2023,14508929
Kevin Knox,23.0,POR,SF,63.0,5.0,15.1,2.4,5.3,0.458,1.0,3.0,0.349,1.4,2.3,0.596,0.556,0.7,1.0,0.767,0.5,2.3,2.8,0.5,0.4,0.2,0.8,1.5,6.6,0.0,2023,3000000
Kevin Love,34.0,MIA,PF,62.0,20.0,20.0,2.7,6.8,0.389,1.6,4.8,0.334,1.1,2.1,0.516,0.506,1.3,1.5,0.879,1.0,5.5,6.4,1.9,0.3,0.2,1.1,1.6,8.2,0.0,2023,30556968
Kevon Harris,25.0,ORL,SG,34.0,0.0,13.4,1.4,3.1,0.439,0.5,1.3,0.372,0.9,1.9,0.484,0.514,0.9,1.2,0.756,0.8,1.2,2.1,0.5,0.5,0.1,0.6,1.6,4.1,0.0,2023,508891
Kevon Looney,26.0,GSW,C,82.0,70.0,23.9,3.0,4.7,0.63,0.0,0.0,0.0,3.0,4.7,0.632,0.63,1.1,1.9,0.606,3.3,5.9,9.3,2.5,0.6,0.6,0.5,2.7,7.0,0.0,2023,8000000
Khem Birch,30.0,TOR,C,20.0,0.0,8.1,1.0,1.6,0.594,0.1,0.1,0.5,0.9,1.5,0.6,0.609,0.2,0.3,0.8,0.4,0.9,1.3,0.4,0.3,0.3,0.4,1.2,2.2,0.0,2023,6667500
Khris Middleton,31.0,MIL,SF,33.0,19.0,24.3,5.4,12.3,0.436,1.5,4.9,0.315,3.8,7.4,0.516,0.499,2.8,3.1,0.902,0.8,3.4,4.2,4.9,0.7,0.2,2.2,2.1,15.1,0.0,2023,37984276
Killian Hayes,21.0,DET,PG,76.0,56.0,28.3,4.0,10.7,0.377,1.1,3.8,0.28,3.0,7.0,0.429,0.426,1.2,1.5,0.821,0.4,2.5,2.9,6.2,1.4,0.4,2.3,2.9,10.3,0.0,2023,5837760
Klay Thompson,32.0,GSW,SF,69.0,69.0,33.0,7.9,18.1,0.436,4.4,10.6,0.412,3.6,7.6,0.47,0.556,1.7,1.9,0.879,0.6,3.6,4.1,2.4,0.7,0.4,1.8,1.9,21.9,0.0,2023,40600080
Kobi Simmons,25.0,CHO,SG,5.0,0.0,5.6,0.2,1.2,0.167,0.2,1.0,0.2,0.0,0.2,0.0,0.25,0.4,0.4,1.0,0.2,0.6,0.8,1.0,0.0,0.4,0.2,0.0,1.0,0.0,2023,32795
Kris Dunn,28.0,UTA,PG,22.0,3.0,25.8,5.3,9.8,0.537,0.8,1.6,0.472,4.5,8.2,0.55,0.576,1.9,2.4,0.774,0.4,4.1,4.5,5.6,1.1,0.5,1.6,2.6,13.2,0.0,2023,1000001
Kristaps Porzingis,27.0,WAS,C,65.0,65.0,32.6,7.8,15.7,0.498,2.1,5.5,0.385,5.7,10.2,0.559,0.565,5.4,6.4,0.851,1.8,6.6,8.4,2.7,0.9,1.5,2.1,3.0,23.2,0.0,2023,33833400
Kyle Anderson,29.0,MIN,PF,69.0,46.0,28.4,3.7,7.2,0.509,0.6,1.5,0.41,3.0,5.7,0.536,0.553,1.4,2.0,0.735,1.0,4.4,5.3,4.9,1.1,0.9,1.5,2.1,9.4,0.0,2023,8780488
Kyle Kuzma,27.0,WAS,PF,64.0,64.0,35.0,8.0,17.8,0.448,2.5,7.5,0.333,5.5,10.3,0.533,0.518,2.7,3.7,0.73,0.9,6.4,7.2,3.7,0.6,0.5,3.0,2.3,21.2,0.0,2023,13000000
Kyle Lowry,36.0,MIA,PG,55.0,44.0,31.2,3.6,8.8,0.404,1.9,5.6,0.345,1.6,3.2,0.509,0.514,2.1,2.5,0.859,0.8,3.3,4.1,5.1,1.0,0.4,1.9,2.6,11.2,0.0,2023,28333334
Kyrie Irving,30.0,DAL,SG,60.0,60.0,37.4,9.9,20.1,0.494,3.1,8.3,0.379,6.8,11.8,0.574,0.572,4.1,4.6,0.905,1.0,4.1,5.1,5.5,1.1,0.8,2.1,2.8,27.1,0.0,2023,38917057
LaMelo Ball,21.0,CHO,PG,36.0,36.0,35.2,8.2,20.0,0.411,4.0,10.6,0.376,4.2,9.4,0.45,0.51,2.8,3.4,0.836,1.2,5.3,6.4,8.4,1.3,0.3,3.6,3.3,23.3,0.0,2023,8623920
Lamar Stevens,25.0,CLE,SF,62.0,25.0,18.1,2.1,4.6,0.448,0.5,1.5,0.316,1.6,3.1,0.513,0.5,0.6,0.9,0.702,0.8,2.6,3.3,0.5,0.4,0.3,0.4,1.3,5.3,0.0,2023,1782621
Landry Shamet,25.0,PHO,SG,40.0,9.0,20.2,2.8,7.5,0.377,1.9,5.0,0.377,1.0,2.5,0.376,0.502,1.1,1.3,0.882,0.3,1.4,1.7,2.3,0.7,0.1,0.9,1.5,8.7,0.0,2023,9500000
Lauri Markkanen,25.0,UTA,PF,66.0,66.0,34.4,8.7,17.3,0.499,3.0,7.7,0.391,5.6,9.6,0.585,0.586,5.3,6.0,0.875,2.0,6.7,8.6,1.9,0.6,0.6,1.9,2.1,25.6,0.0,2023,16475454
LeBron James,38.0,LAL,PF,55.0,54.0,35.5,11.1,22.2,0.5,2.2,6.9,0.321,8.9,15.3,0.58,0.549,4.6,5.9,0.768,1.2,7.1,8.3,6.8,0.9,0.6,3.2,1.6,28.9,0.0,2023,44474988
Leandro Bolmaro,22.0,UTA,SF,14.0,0.0,4.9,0.2,1.4,0.15,0.0,0.3,0.0,0.2,1.1,0.188,0.15,0.0,0.0,0.0,0.3,0.2,0.5,0.5,0.2,0.1,0.5,0.7,0.4,0.0,2023,1709300
Lester Quinones,22.0,GSW,SG,4.0,0.0,4.5,0.5,1.3,0.4,0.5,1.0,0.5,0.0,0.3,0.0,0.6,1.0,1.5,0.667,0.3,0.5,0.8,0.5,0.3,0.0,1.3,0.0,2.5,0.0,2023,129405
Lindell Wigginton,24.0,MIL,PG,7.0,1.0,12.4,2.6,5.3,0.486,0.9,2.6,0.333,1.7,2.7,0.632,0.568,1.1,1.3,0.889,0.0,1.0,1.0,2.0,0.0,0.3,1.7,1.0,7.1,0.0,2023,99438
Lindy Waters III,25.0,OKC,SG,41.0,0.0,13.0,1.7,4.3,0.393,1.4,4.0,0.358,0.3,0.4,0.75,0.556,0.4,0.5,0.8,0.4,1.4,1.8,0.7,0.3,0.3,0.2,1.0,5.2,0.0,2023,2316876
Louis King,23.0,PHI,PF,1.0,0.0,29.0,8.0,13.0,0.615,4.0,8.0,0.5,4.0,5.0,0.8,0.769,0.0,1.0,0.0,2.0,2.0,4.0,2.0,1.0,0.0,2.0,4.0,20.0,0.0,2023,307089
Luguentz Dort,23.0,OKC,SF,74.0,73.0,30.7,4.6,11.8,0.388,1.8,5.5,0.33,2.8,6.3,0.44,0.466,2.7,3.5,0.772,1.7,2.9,4.6,2.1,1.0,0.3,1.2,3.3,13.7,0.0,2023,15277778
Luka Doncic,23.0,DAL,PG,66.0,66.0,36.2,10.9,22.0,0.496,2.8,8.2,0.342,8.1,13.8,0.588,0.56,7.8,10.5,0.742,0.8,7.8,8.6,8.0,1.4,0.5,3.6,2.5,32.4,0.0,2023,37096500
Luka Garza,24.0,MIN,C,28.0,0.0,8.7,2.3,4.1,0.543,0.5,1.4,0.359,1.8,2.8,0.636,0.603,1.5,1.9,0.788,1.2,1.1,2.3,0.6,0.1,0.1,0.5,1.5,6.5,0.0,2023,508891
Luka Samanic,23.0,UTA,PF,7.0,4.0,23.0,3.7,8.1,0.456,1.1,4.4,0.258,2.6,3.7,0.692,0.526,1.3,1.9,0.692,0.0,4.3,4.3,2.1,0.9,0.3,1.4,2.4,9.9,0.0,2023,538317
Luke Kennard,26.0,MEM,SG,59.0,14.0,22.3,3.2,6.5,0.492,2.3,4.6,0.494,0.9,1.9,0.487,0.666,0.6,0.7,0.949,0.3,2.4,2.7,1.5,0.5,0.1,0.8,1.4,9.3,0.0,2023,13745455
Luke Kornet,27.0,BOS,C,69.0,0.0,11.7,1.6,2.5,0.665,0.0,0.2,0.231,1.6,2.3,0.701,0.674,0.5,0.6,0.821,1.2,1.6,2.9,0.8,0.2,0.7,0.4,1.2,3.8,0.0,2023,2133278
Mac McClung,24.0,PHI,SG,2.0,0.0,20.5,4.5,10.0,0.45,2.0,5.5,0.364,2.5,4.5,0.556,0.55,1.5,2.5,0.6,1.5,3.5,5.0,4.5,0.0,0.0,1.5,1.5,12.5,0.0,2023,160856
Malachi Flynn,24.0,TOR,PG,53.0,2.0,13.0,1.6,4.6,0.36,0.9,2.5,0.353,0.8,2.1,0.367,0.457,0.5,0.6,0.758,0.3,1.2,1.4,1.3,0.4,0.1,0.5,1.2,4.6,0.0,2023,2145720
Malaki Branham,19.0,SAS,SG,66.0,32.0,23.5,4.1,9.3,0.44,1.2,3.9,0.302,2.9,5.4,0.539,0.503,0.9,1.1,0.829,0.4,2.3,2.7,1.9,0.5,0.1,1.2,1.7,10.2,0.0,2023,2925600
Malcolm Brogdon,30.0,BOS,PG,67.0,0.0,26.0,5.3,10.9,0.484,2.0,4.4,0.444,3.3,6.5,0.51,0.574,2.4,2.7,0.87,0.6,3.6,4.2,3.7,0.7,0.3,1.5,1.6,14.9,0.0,2023,22600000
Malcolm Hill,27.0,CHI,SF,5.0,0.0,1.8,0.4,0.8,0.5,0.2,0.6,0.333,0.2,0.2,1.0,0.625,0.0,0.0,0.0,0.0,0.6,0.6,0.0,0.0,0.0,0.0,0.2,1.0,0.0,2023,508891
Malik Beasley,26.0,LAL,SG,81.0,27.0,25.8,4.6,11.6,0.395,2.9,8.1,0.357,1.7,3.4,0.484,0.52,0.6,0.8,0.769,0.4,3.1,3.5,1.5,0.8,0.1,1.1,1.3,12.7,0.0,2023,15558035
Malik Monk,24.0,SAC,SG,77.0,0.0,22.3,4.6,10.3,0.448,1.9,5.2,0.359,2.8,5.2,0.538,0.538,2.4,2.7,0.889,0.4,2.2,2.6,3.9,0.6,0.3,1.9,1.6,13.5,0.0,2023,9472219
Mamadi Diakite,26.0,CLE,C,22.0,2.0,8.0,1.1,2.3,0.48,0.3,1.0,0.333,0.8,1.3,0.586,0.55,0.1,0.1,1.0,0.4,1.0,1.4,0.4,0.2,0.4,0.5,1.2,2.6,0.0,2023,508891
MarJon Beauchamp,22.0,MIL,SF,52.0,11.0,13.5,1.8,4.7,0.395,0.9,2.7,0.331,0.9,1.9,0.485,0.492,0.5,0.7,0.73,0.7,1.5,2.2,0.7,0.4,0.1,0.9,1.4,5.1,0.0,2023,2485200
Marcus Morris,33.0,LAC,PF,65.0,65.0,28.1,4.2,9.9,0.426,1.7,4.7,0.364,2.5,5.2,0.484,0.513,1.0,1.3,0.782,0.4,3.5,4.0,1.8,0.6,0.3,0.9,2.1,11.2,0.0,2023,16372093
Marcus Smart,28.0,BOS,PG,61.0,61.0,32.1,4.1,9.9,0.415,1.9,5.6,0.336,2.2,4.3,0.519,0.511,1.4,1.9,0.746,0.8,2.4,3.1,6.3,1.5,0.4,2.3,2.8,11.5,0.0,2023,17207142
Mark Williams,21.0,CHO,C,43.0,17.0,19.3,3.7,5.8,0.637,0.0,0.0,0.0,3.7,5.8,0.637,0.637,1.6,2.3,0.691,2.2,4.9,7.1,0.4,0.7,1.0,0.9,2.2,9.0,0.0,2023,3722040
Markelle Fultz,24.0,ORL,PG,60.0,60.0,29.6,5.8,11.3,0.514,0.5,1.5,0.31,5.4,9.9,0.544,0.534,1.9,2.4,0.783,1.2,2.8,3.9,5.7,1.5,0.4,2.3,2.2,14.0,0.0,2023,16500000
Markieff Morris,33.0,DAL,PF,35.0,2.0,10.1,1.3,3.3,0.409,0.8,2.0,0.394,0.5,1.3,0.432,0.53,0.3,0.3,1.0,0.4,1.7,2.0,0.9,0.3,0.1,0.5,1.4,3.8,0.0,2023,2905851
Marko Simonovic,23.0,CHI,C,7.0,0.0,2.9,0.3,1.0,0.286,0.1,0.6,0.25,0.1,0.4,0.333,0.357,0.1,0.3,0.5,0.1,0.1,0.3,0.0,0.0,0.0,0.0,0.7,0.9,0.0,2023,1563518
Mason Plumlee,32.0,LAC,C,79.0,60.0,26.0,4.2,6.1,0.68,0.0,0.0,0.0,4.2,6.1,0.68,0.68,2.5,4.0,0.636,2.9,6.0,8.9,3.1,0.6,0.6,1.5,2.7,10.8,0.0,2023,9080417
Matisse Thybulle,25.0,POR,SG,71.0,28.0,16.9,1.5,3.6,0.435,0.8,2.1,0.365,0.8,1.5,0.533,0.542,0.3,0.4,0.679,0.6,1.4,2.0,0.7,1.2,0.5,0.3,1.6,4.1,0.0,2023,4379526
Matt Ryan,25.0,MIN,SF,34.0,0.0,9.1,1.2,3.2,0.37,0.9,2.5,0.381,0.2,0.7,0.333,0.519,0.3,0.4,0.833,0.1,0.6,0.8,0.5,0.1,0.0,0.2,0.8,3.6,0.0,2023,806097
Matthew Dellavedova,32.0,SAC,PG,32.0,0.0,6.7,0.5,1.6,0.34,0.3,0.8,0.333,0.3,0.7,0.348,0.43,0.1,0.2,0.571,0.0,0.4,0.4,1.3,0.2,0.0,0.3,0.6,1.5,0.0,2023,2628597
Max Christie,19.0,LAL,SG,41.0,3.0,12.5,1.1,2.6,0.415,0.6,1.5,0.419,0.4,1.1,0.409,0.538,0.3,0.4,0.875,0.2,1.7,1.8,0.5,0.2,0.2,0.3,0.8,3.1,0.0,2023,1017781
Max Strus,26.0,MIA,SF,80.0,33.0,28.4,4.1,9.9,0.41,2.5,7.0,0.35,1.6,2.8,0.559,0.535,1.0,1.1,0.876,0.6,2.6,3.2,2.1,0.5,0.2,0.9,2.1,11.5,0.0,2023,1815677
Maxi Kleber,31.0,DAL,PF,37.0,5.0,25.1,2.1,4.6,0.456,1.1,3.0,0.348,1.0,1.5,0.667,0.571,0.7,1.0,0.711,0.8,2.8,3.6,1.4,0.3,0.8,0.7,2.3,5.9,0.0,2023,9000000
Meyers Leonard,30.0,MIL,C,9.0,2.0,12.7,1.6,3.2,0.483,0.8,2.0,0.389,0.8,1.2,0.636,0.603,0.9,1.0,0.889,1.3,2.4,3.8,0.1,0.2,0.0,0.7,1.8,4.8,0.0,2023,713558
Mfiondu Kabengele,25.0,BOS,PF,4.0,0.0,9.0,0.5,1.8,0.286,0.0,0.8,0.0,0.5,1.0,0.5,0.286,0.5,0.5,1.0,1.3,1.3,2.5,0.0,0.5,0.0,0.3,0.8,1.5,0.0,2023,508891
Micah Potter,24.0,UTA,PF,7.0,0.0,7.4,1.4,2.1,0.667,0.6,1.0,0.571,0.9,1.1,0.75,0.8,0.0,0.0,0.0,0.4,1.9,2.3,0.6,0.1,0.0,0.3,0.7,3.4,0.0,2023,508891
Michael Carter-Williams,31.0,ORL,PG,4.0,0.0,11.0,1.5,3.5,0.429,0.3,0.8,0.333,1.3,2.8,0.455,0.464,1.0,1.8,0.571,0.3,1.0,1.3,1.8,0.3,0.3,1.0,1.3,4.3,0.0,2023,652829
Mikal Bridges,26.0,BRK,SG,83.0,83.0,35.7,7.1,15.3,0.468,2.0,5.3,0.382,5.1,9.9,0.514,0.535,3.8,4.3,0.895,1.0,3.4,4.4,3.3,1.1,0.7,1.5,1.9,20.1,0.0,2023,20100000
Mike Conley,35.0,MIN,PG,67.0,66.0,30.3,3.9,9.1,0.428,2.0,5.2,0.385,1.9,3.9,0.486,0.539,2.1,2.5,0.834,0.5,2.2,2.7,6.7,1.1,0.2,1.5,2.1,11.9,0.0,2023,22680000
Mike Muscala,31.0,BOS,C,63.0,9.0,15.0,2.1,4.6,0.449,1.3,3.3,0.391,0.8,1.3,0.588,0.587,0.6,0.8,0.769,0.6,2.6,3.2,0.8,0.2,0.4,0.4,1.6,6.1,0.0,2023,3500000
Miles McBride,22.0,NYK,PG,64.0,2.0,11.9,1.2,3.4,0.358,0.6,2.1,0.299,0.6,1.3,0.457,0.451,0.4,0.7,0.667,0.2,0.6,0.8,1.1,0.6,0.1,0.4,0.9,3.5,0.0,2023,1563518
Mitchell Robinson,24.0,NYK,C,59.0,58.0,27.0,3.2,4.7,0.671,0.0,0.0,0.0,3.2,4.7,0.671,0.671,1.0,2.1,0.484,4.5,4.9,9.4,0.9,0.9,1.8,0.7,2.7,7.4,0.0,2023,17045454
Mo Bamba,24.0,LAL,C,49.0,7.0,15.7,2.4,4.9,0.485,1.0,2.5,0.387,1.4,2.4,0.59,0.585,0.8,1.3,0.661,1.2,3.4,4.6,0.9,0.3,0.9,0.6,2.1,6.6,0.0,2023,10300000
Monte Morris,27.0,WAS,PG,62.0,61.0,27.3,4.0,8.3,0.48,1.3,3.3,0.382,2.7,5.0,0.543,0.555,1.0,1.2,0.831,0.4,3.0,3.4,5.3,0.7,0.2,1.0,1.2,10.3,0.0,2023,9125000
Montrezl Harrell,29.0,PHI,C,57.0,7.0,11.9,2.2,3.7,0.598,0.0,0.1,0.0,2.2,3.6,0.616,0.598,1.2,1.8,0.693,1.2,1.6,2.8,0.6,0.3,0.4,0.6,1.3,5.6,0.0,2023,2463490
Moritz Wagner,25.0,ORL,C,57.0,18.0,19.5,3.5,6.9,0.5,0.9,2.9,0.313,2.6,4.1,0.631,0.564,2.7,3.2,0.841,1.2,3.3,4.5,1.5,0.6,0.2,1.2,2.4,10.5,0.0,2023,1878720
Moses Brown,23.0,BRK,C,36.0,1.0,8.2,1.7,2.7,0.635,0.0,0.0,0.0,1.7,2.7,0.635,0.635,0.9,2.0,0.458,1.6,2.3,3.9,0.1,0.1,0.4,0.4,1.1,4.3,0.0,2023,824041
Moses Moody,20.0,GSW,SG,63.0,3.0,13.0,1.7,3.6,0.476,0.8,2.1,0.363,0.9,1.5,0.641,0.584,0.6,0.8,0.698,0.4,1.2,1.7,0.8,0.3,0.1,0.5,0.9,4.8,0.0,2023,3740160
Moussa Diabate,21.0,LAC,C,22.0,1.0,8.9,1.1,2.1,0.511,0.0,0.1,0.5,1.0,2.0,0.511,0.521,0.5,0.7,0.625,1.4,0.9,2.3,0.2,0.3,0.4,0.4,0.7,2.7,0.0,2023,508891
Myles Turner,26.0,IND,C,62.0,62.0,29.4,6.5,11.8,0.548,1.5,4.0,0.373,5.0,7.8,0.638,0.612,3.5,4.5,0.783,1.4,6.1,7.5,1.4,0.6,2.3,1.7,3.5,18.0,0.0,2023,35096500
Naji Marshall,25.0,NOP,SF,77.0,21.0,23.3,3.2,7.4,0.433,0.9,2.8,0.303,2.4,4.6,0.513,0.49,1.8,2.3,0.789,0.6,3.0,3.6,2.5,0.7,0.2,1.3,1.5,9.1,0.0,2023,1782621
Nassir Little,22.0,POR,SF,54.0,4.0,18.1,2.5,5.6,0.442,1.1,2.9,0.367,1.4,2.7,0.524,0.538,0.6,0.9,0.717,0.5,2.1,2.6,0.9,0.4,0.4,0.7,1.2,6.6,0.0,2023,4171548
Nathan Knight,25.0,MIN,C,38.0,0.0,7.7,1.2,2.1,0.568,0.2,0.6,0.364,1.0,1.6,0.644,0.617,1.0,1.5,0.684,0.6,0.9,1.5,0.3,0.3,0.2,0.6,1.1,3.7,0.0,2023,1836090
Naz Reid,23.0,MIN,C,68.0,11.0,18.4,4.6,8.5,0.537,1.1,3.2,0.346,3.5,5.3,0.653,0.602,1.3,1.9,0.677,1.1,3.8,4.9,1.1,0.6,0.8,1.4,2.6,11.5,0.0,2023,1930681
Neemias Queta,23.0,SAC,C,5.0,0.0,5.8,1.2,1.8,0.667,0.0,0.0,0.0,1.2,1.8,0.667,0.667,0.0,0.4,0.0,1.0,1.2,2.2,0.2,0.0,0.4,0.2,1.4,2.4,0.0,2023,508891
Nerlens Noel,28.0,BRK,C,17.0,4.0,11.5,0.8,2.1,0.361,0.1,0.1,0.5,0.7,2.0,0.353,0.375,0.5,0.7,0.667,0.6,2.1,2.7,0.6,0.9,0.6,0.8,1.9,2.1,0.0,2023,9391069
Nick Richards,25.0,CHO,C,65.0,9.0,18.7,3.0,4.8,0.629,0.0,0.0,1.0,3.0,4.8,0.628,0.631,2.1,2.8,0.749,2.3,4.1,6.4,0.6,0.2,1.1,0.9,2.4,8.2,0.0,2023,1782621
Nickeil Alexander-Walker,24.0,MIN,SG,59.0,3.0,15.0,2.2,5.0,0.444,1.0,2.7,0.384,1.2,2.3,0.515,0.547,0.7,1.0,0.667,0.3,1.5,1.7,1.8,0.5,0.4,0.9,1.5,6.2,0.0,2023,5009633
Nicolas Batum,34.0,LAC,PF,78.0,19.0,21.9,2.1,4.9,0.42,1.6,4.1,0.391,0.5,0.8,0.563,0.583,0.4,0.6,0.708,0.8,3.0,3.8,1.6,0.7,0.6,0.6,1.9,6.1,0.0,2023,19700319
Nikola Jokic,27.0,DEN,C,69.0,69.0,33.7,9.4,14.8,0.632,0.8,2.2,0.383,8.5,12.7,0.675,0.66,4.9,6.0,0.822,2.4,9.4,11.8,9.8,1.3,0.7,3.6,2.5,24.5,0.0,2023,33047803
Nikola Jovic,19.0,MIA,PF,15.0,8.0,13.6,1.9,4.6,0.406,0.5,2.3,0.229,1.3,2.3,0.588,0.464,1.2,1.3,0.947,0.6,1.5,2.1,0.7,0.5,0.1,0.7,1.3,5.5,0.0,2023,2239920
Nikola Vucevic,32.0,CHI,C,82.0,82.0,33.5,7.3,14.0,0.52,1.5,4.2,0.349,5.8,9.8,0.594,0.573,1.6,1.9,0.835,1.9,9.1,11.0,3.2,0.7,0.7,1.7,2.2,17.6,0.0,2023,22000000
Noah Vonleh,27.0,BOS,C,23.0,1.0,7.4,0.5,1.0,0.458,0.0,0.2,0.25,0.4,0.9,0.5,0.479,0.1,0.1,1.0,0.8,1.3,2.1,0.3,0.1,0.3,0.5,1.5,1.1,0.0,2023,1160955
Norman Powell,29.0,LAC,SG,60.0,8.0,26.1,5.7,11.8,0.479,1.9,4.8,0.397,3.8,7.1,0.534,0.559,3.8,4.6,0.812,0.4,2.5,2.9,1.8,0.8,0.3,1.7,2.1,17.0,0.0,2023,16758621
OG Anunoby,25.0,TOR,SF,67.0,67.0,35.6,6.3,13.2,0.476,2.1,5.5,0.387,4.2,7.7,0.539,0.556,2.1,2.5,0.838,1.4,3.5,5.0,2.0,1.9,0.7,2.0,3.0,16.8,0.0,2023,17357143
Obi Toppin,24.0,NYK,PF,67.0,5.0,15.7,2.8,6.3,0.446,1.3,3.7,0.344,1.5,2.6,0.593,0.548,0.6,0.7,0.809,0.4,2.4,2.8,1.0,0.3,0.2,0.6,1.0,7.4,0.0,2023,5348280
Ochai Agbaji,22.0,UTA,SG,59.0,22.0,20.5,2.8,6.5,0.427,1.4,3.9,0.355,1.4,2.7,0.532,0.532,0.9,1.2,0.812,0.7,1.3,2.1,1.1,0.3,0.3,0.7,1.7,7.9,0.0,2023,3918360
Olivier Sarr,23.0,OKC,C,9.0,1.0,12.7,1.7,3.3,0.5,0.1,0.9,0.125,1.6,2.4,0.636,0.517,0.6,0.8,0.714,1.3,2.1,3.4,0.4,0.1,0.6,0.4,1.9,4.0,0.0,2023,257371
Omer Yurtseven,24.0,MIA,C,9.0,0.0,9.2,1.8,3.0,0.593,0.3,0.8,0.429,1.4,2.2,0.65,0.648,0.6,0.7,0.833,0.9,1.7,2.6,0.2,0.2,0.2,0.4,1.8,4.4,0.0,2023,1752638
Onyeka Okongwu,22.0,ATL,C,80.0,18.0,23.1,4.0,6.2,0.638,0.1,0.2,0.308,3.9,6.1,0.647,0.642,1.9,2.5,0.781,2.7,4.5,7.2,1.0,0.7,1.3,1.0,3.1,9.9,0.0,2023,6395160
Orlando Robinson,22.0,MIA,C,31.0,1.0,13.7,1.5,2.9,0.528,0.0,0.2,0.0,1.5,2.7,0.566,0.528,0.7,1.0,0.71,1.5,2.5,4.1,0.8,0.4,0.4,0.5,1.7,3.7,0.0,2023,386055
Oshae Brissett,24.0,IND,PF,65.0,2.0,16.7,1.9,4.9,0.386,0.7,2.4,0.31,1.2,2.5,0.457,0.461,1.6,2.2,0.717,1.0,2.4,3.4,0.7,0.5,0.2,0.5,1.2,6.1,0.0,2023,1846738
Ousmane Dieng,19.0,OKC,PF,39.0,1.0,14.6,1.9,4.6,0.42,0.7,2.5,0.265,1.3,2.1,0.602,0.492,0.4,0.6,0.652,0.5,2.2,2.7,1.2,0.4,0.2,0.7,1.1,4.9,0.0,2023,4569840
PJ Dozier,26.0,SAC,SF,16.0,0.0,4.9,0.6,2.1,0.303,0.1,1.0,0.125,0.5,1.1,0.471,0.333,0.0,0.0,0.0,0.1,0.8,0.9,0.6,0.4,0.1,0.3,0.4,1.4,0.0,2023,784654
Paolo Banchero,20.0,ORL,PF,72.0,72.0,33.8,6.7,15.6,0.427,1.2,4.0,0.298,5.5,11.6,0.471,0.465,5.5,7.4,0.738,1.2,5.7,6.9,3.7,0.8,0.5,2.8,2.2,20.0,0.0,2023,11055120
Pascal Siakam,28.0,TOR,PF,71.0,71.0,37.4,8.9,18.5,0.48,1.3,4.0,0.324,7.6,14.5,0.523,0.515,5.2,6.7,0.774,1.8,6.0,7.8,5.8,0.9,0.5,2.4,3.2,24.2,0.0,2023,35448672
Pat Connaughton,30.0,MIL,SF,61.0,33.0,23.7,2.7,6.9,0.392,1.8,5.3,0.339,0.9,1.6,0.566,0.521,0.4,0.7,0.659,0.8,3.8,4.6,1.3,0.6,0.2,0.5,1.1,7.6,0.0,2023,5728393
Patrick Beverley,34.0,CHI,SG,67.0,67.0,27.1,2.1,5.4,0.4,1.2,3.6,0.335,1.0,1.8,0.529,0.511,0.7,1.0,0.723,0.7,3.0,3.7,2.9,0.9,0.6,0.9,2.8,6.2,0.0,2023,13801614
Patrick Williams,21.0,CHI,PF,82.0,65.0,28.3,3.8,8.3,0.464,1.4,3.4,0.415,2.4,4.9,0.498,0.549,1.1,1.3,0.857,1.0,3.0,4.0,1.2,0.9,0.9,1.2,1.8,10.2,0.0,2023,7775400
Paul George,32.0,LAC,SF,56.0,56.0,34.6,8.2,17.9,0.457,2.8,7.6,0.371,5.4,10.3,0.521,0.536,4.6,5.3,0.871,0.8,5.3,6.1,5.1,1.5,0.4,3.1,2.8,23.8,0.0,2023,42492492
Paul Reed,23.0,PHI,C,69.0,2.0,10.9,1.8,3.0,0.593,0.0,0.1,0.167,1.8,2.9,0.606,0.596,0.6,0.7,0.745,1.6,2.2,3.8,0.4,0.7,0.7,0.7,1.8,4.2,0.0,2023,1782621
Payton Pritchard,25.0,BOS,PG,48.0,3.0,13.4,2.1,5.1,0.412,1.2,3.2,0.364,0.9,1.9,0.495,0.527,0.3,0.3,0.75,0.5,1.3,1.8,1.3,0.3,0.0,0.8,0.8,5.6,0.0,2023,2239200
Peyton Watson,20.0,DEN,SG,23.0,2.0,8.1,1.3,2.6,0.492,0.3,0.6,0.429,1.0,2.0,0.511,0.542,0.5,0.9,0.55,0.3,1.3,1.6,0.5,0.1,0.5,0.3,0.6,3.3,0.0,2023,2193960
Precious Achiuwa,23.0,TOR,C,55.0,12.0,20.7,3.6,7.3,0.485,0.5,2.0,0.269,3.0,5.4,0.564,0.521,1.6,2.3,0.702,1.8,4.1,6.0,0.9,0.6,0.5,1.1,1.9,9.2,0.0,2023,2840160
Quentin Grimes,22.0,NYK,SG,71.0,66.0,29.9,4.0,8.5,0.468,2.2,5.7,0.386,1.8,2.7,0.641,0.599,1.1,1.4,0.796,0.7,2.5,3.2,2.1,0.7,0.4,1.0,2.5,11.3,0.0,2023,2277000
Quenton Jackson,24.0,WAS,PG,9.0,0.0,15.0,2.1,4.7,0.452,0.1,1.3,0.083,2.0,3.3,0.6,0.464,1.9,2.4,0.773,0.2,0.7,0.9,1.7,0.4,0.1,0.4,1.1,6.2,0.0,2023,219630
RJ Barrett,22.0,NYK,SG,73.0,73.0,33.9,7.0,16.1,0.434,1.7,5.3,0.31,5.3,10.8,0.495,0.485,4.0,5.4,0.74,0.8,4.2,5.0,2.8,0.4,0.2,2.2,2.5,19.6,0.0,2023,10900634
RaiQuan Gray,23.0,BRK,PF,1.0,0.0,35.0,6.0,12.0,0.5,2.0,5.0,0.4,4.0,7.0,0.571,0.583,2.0,2.0,1.0,3.0,6.0,9.0,7.0,0.0,1.0,4.0,5.0,16.0,0.0,2023,5849
Raul Neto,30.0,CLE,PG,48.0,1.0,10.5,1.2,2.3,0.518,0.3,0.9,0.286,0.9,1.4,0.662,0.573,0.6,0.7,0.912,0.2,0.8,1.0,1.6,0.4,0.1,0.5,1.0,3.3,0.0,2023,2463490
Reggie Bullock,31.0,DAL,SF,78.0,55.0,30.3,2.5,6.0,0.409,1.9,5.1,0.38,0.5,0.9,0.562,0.569,0.3,0.5,0.703,0.4,3.2,3.6,1.4,0.7,0.2,0.5,2.1,7.2,0.0,2023,10012800
Reggie Jackson,32.0,DEN,PG,68.0,40.0,24.4,3.9,9.4,0.411,1.4,4.2,0.333,2.5,5.2,0.474,0.486,1.0,1.1,0.91,0.4,1.8,2.1,3.4,0.7,0.1,1.7,1.7,10.2,0.0,2023,11457217
Richaun Holmes,29.0,SAC,C,42.0,1.0,8.3,1.3,2.1,0.618,0.1,0.2,0.625,1.2,1.9,0.617,0.646,0.4,0.5,0.789,0.7,1.2,1.9,0.2,0.1,0.3,0.3,1.2,3.1,0.0,2023,11215260
Ricky Rubio,32.0,CLE,PG,33.0,2.0,17.2,1.8,5.4,0.343,0.6,2.5,0.256,1.2,2.9,0.417,0.402,0.8,1.1,0.8,0.3,1.8,2.1,3.5,0.8,0.2,0.9,1.5,5.2,0.0,2023,5853659
Robert Covington,32.0,LAC,PF,48.0,0.0,16.2,2.1,4.8,0.445,1.1,2.8,0.397,1.0,1.9,0.516,0.563,0.6,0.8,0.75,0.6,2.8,3.5,1.2,0.8,0.7,0.7,1.8,6.0,0.0,2023,12307692
Robert Williams,25.0,BOS,C,35.0,20.0,23.5,3.6,4.9,0.747,0.0,0.0,0.0,3.6,4.8,0.751,0.747,0.7,1.2,0.61,3.0,5.4,8.3,1.4,0.6,1.4,1.0,1.9,8.0,0.0,2023,10714287
Robin Lopez,34.0,CLE,C,37.0,2.0,8.1,1.3,2.0,0.64,0.1,0.1,0.5,1.2,1.9,0.648,0.653,0.4,0.5,0.778,0.6,0.8,1.4,0.5,0.1,0.2,0.7,1.2,3.0,0.0,2023,2905851
Rodney McGruder,31.0,DET,SG,32.0,12.0,16.4,1.9,4.8,0.408,1.3,3.0,0.423,0.7,1.7,0.382,0.543,0.6,0.7,0.818,0.6,1.7,2.3,0.9,0.5,0.0,0.3,1.2,5.7,0.0,2023,2298385
Romeo Langford,23.0,SAS,SG,43.0,21.0,19.6,2.8,6.0,0.467,0.4,1.4,0.262,2.4,4.6,0.53,0.498,0.9,1.3,0.696,1.3,1.3,2.7,1.2,0.6,0.3,0.7,1.6,6.9,0.0,2023,5634257
Royce O'Neale,29.0,BRK,SF,76.0,53.0,31.7,3.0,7.8,0.386,2.1,5.5,0.389,0.9,2.3,0.379,0.524,0.7,0.9,0.725,0.7,4.3,5.1,3.7,0.9,0.6,1.5,3.1,8.8,0.0,2023,9200000
Rudy Gay,36.0,UTA,PF,56.0,0.0,14.6,1.9,5.1,0.38,0.6,2.3,0.254,1.4,2.8,0.484,0.437,0.8,0.9,0.857,0.6,2.3,2.9,1.0,0.3,0.3,0.7,1.2,5.2,0.0,2023,6184500
Rudy Gobert,30.0,MIN,C,70.0,70.0,30.7,5.1,7.8,0.659,0.0,0.0,0.0,5.1,7.8,0.663,0.659,3.1,4.9,0.644,3.3,8.3,11.6,1.2,0.8,1.4,1.7,3.0,13.4,0.0,2023,38172414
Rui Hachimura,24.0,LAL,PF,63.0,9.0,23.3,4.5,9.3,0.486,0.8,2.5,0.319,3.7,6.7,0.55,0.53,1.4,1.9,0.739,0.8,3.7,4.5,0.9,0.3,0.4,0.8,1.1,11.2,0.0,2023,6263188
Russell Westbrook,34.0,LAC,PG,73.0,24.0,29.1,5.9,13.6,0.436,1.2,3.9,0.311,4.7,9.7,0.487,0.481,2.8,4.3,0.656,1.2,4.6,5.8,7.5,1.0,0.5,3.5,2.2,15.9,0.0,2023,47080179
Ryan Arcidiacono,28.0,POR,PG,20.0,4.0,8.6,0.5,1.9,0.243,0.4,1.2,0.348,0.1,0.7,0.071,0.351,0.0,0.0,0.0,0.0,0.8,0.8,1.2,0.3,0.0,0.4,0.9,1.3,0.0,2023,1836090
Ryan Rollins,20.0,GSW,PG,12.0,0.0,5.2,0.6,1.7,0.35,0.3,0.8,0.333,0.3,0.9,0.364,0.425,0.5,0.5,1.0,0.3,0.8,1.0,0.5,0.1,0.1,1.3,0.8,1.9,0.0,2023,1017781
Saben Lee,23.0,PHO,PG,25.0,1.0,14.9,2.0,4.8,0.405,0.4,1.2,0.367,1.5,3.6,0.418,0.45,1.7,2.3,0.737,0.5,1.3,1.8,2.7,0.8,0.0,1.0,1.3,6.0,0.0,2023,2266640
Saddiq Bey,23.0,ATL,SF,77.0,37.0,27.6,4.6,10.9,0.422,2.0,5.4,0.361,2.6,5.4,0.483,0.513,2.7,3.1,0.861,1.3,3.4,4.7,1.5,0.9,0.2,0.9,1.6,13.8,0.0,2023,2959080
Sam Hauser,25.0,BOS,SF,80.0,8.0,16.1,2.3,5.0,0.455,1.8,4.2,0.418,0.5,0.8,0.656,0.631,0.2,0.2,0.706,0.4,2.1,2.6,0.9,0.4,0.3,0.4,1.2,6.4,0.0,2023,1637966
Sam Merrill,26.0,CLE,SG,5.0,0.0,11.8,1.8,4.4,0.409,1.0,3.6,0.278,0.8,0.8,1.0,0.523,0.4,0.4,1.0,0.0,1.8,1.8,1.0,0.8,0.0,0.0,0.6,5.0,0.0,2023,1105522
Sandro Mamukelashvili,23.0,SAS,C,43.0,7.0,15.3,2.3,5.3,0.422,0.7,2.3,0.303,1.6,3.0,0.511,0.487,0.9,1.3,0.684,1.6,2.7,4.3,1.4,0.3,0.3,0.8,1.2,6.1,0.0,2023,1116112
Scottie Barnes,21.0,TOR,SF,77.0,76.0,34.8,6.0,13.2,0.456,0.8,2.9,0.281,5.2,10.3,0.505,0.487,2.5,3.2,0.772,2.3,4.3,6.6,4.8,1.1,0.8,2.0,2.2,15.3,0.0,2023,7644600
Serge Ibaka,33.0,MIL,C,16.0,0.0,11.6,1.6,3.4,0.481,0.4,1.1,0.333,1.3,2.3,0.556,0.537,0.5,0.8,0.615,0.9,1.8,2.8,0.3,0.1,0.4,0.7,1.4,4.1,0.0,2023,2905851
Seth Curry,32.0,BRK,SG,61.0,7.0,19.9,3.4,7.4,0.463,1.5,3.8,0.405,1.9,3.6,0.525,0.568,0.8,0.9,0.927,0.2,1.4,1.6,1.6,0.6,0.1,0.8,1.6,9.2,0.0,2023,8496653
Shaedon Sharpe,19.0,POR,SG,80.0,15.0,22.2,3.8,8.1,0.472,1.3,3.5,0.36,2.6,4.6,0.559,0.551,0.9,1.3,0.714,0.8,2.2,3.0,1.2,0.5,0.3,1.0,1.7,9.9,0.0,2023,6012960
Shai Gilgeous-Alexander,24.0,OKC,PG,68.0,68.0,35.5,10.4,20.3,0.51,0.9,2.5,0.345,9.5,17.8,0.533,0.531,9.8,10.9,0.905,0.9,4.0,4.8,5.5,1.6,1.0,2.8,2.8,31.4,0.0,2023,30913750
Shake Milton,26.0,PHI,SG,76.0,11.0,20.6,3.2,6.6,0.479,0.7,1.9,0.378,2.4,4.7,0.521,0.535,1.3,1.5,0.853,0.5,2.0,2.5,3.2,0.3,0.2,1.2,1.6,8.4,0.0,2023,1997718
Shaquille Harrison,29.0,POR,SG,5.0,0.0,24.0,3.0,7.2,0.417,0.6,2.0,0.3,2.4,5.2,0.462,0.458,2.2,3.0,0.733,0.2,4.2,4.4,6.0,2.2,0.4,1.2,2.4,8.8,0.0,2023,134862
Simone Fontecchio,27.0,UTA,SF,52.0,6.0,14.7,2.2,6.0,0.369,1.2,3.7,0.33,1.0,2.3,0.43,0.47,0.7,0.8,0.795,0.6,1.1,1.7,0.8,0.3,0.2,0.8,1.2,6.3,0.0,2023,3205128
Skylar Mays,25.0,POR,PG,6.0,6.0,31.5,5.7,11.3,0.5,2.0,4.3,0.462,3.7,7.0,0.524,0.588,2.0,2.2,0.923,0.3,2.8,3.2,8.3,1.0,0.2,1.7,1.8,15.3,0.0,2023,116574
Spencer Dinwiddie,29.0,BRK,SG,79.0,79.0,34.5,5.8,13.3,0.438,2.3,6.2,0.369,3.5,7.1,0.498,0.524,3.4,4.2,0.812,0.4,3.1,3.4,6.5,0.8,0.3,1.8,2.4,17.3,0.0,2023,19500000
Stanley Johnson,26.0,SAS,SF,30.0,0.0,15.6,2.2,4.1,0.533,0.6,1.3,0.45,1.6,2.7,0.573,0.607,0.9,1.3,0.667,0.7,2.4,3.2,2.2,0.5,0.2,1.1,1.6,5.8,0.0,2023,4022164
Stanley Umude,23.0,DET,SG,1.0,0.0,2.0,0.0,1.0,0.0,0.0,1.0,0.0,0.0,0.0,0.0,0.0,2.0,2.0,1.0,0.0,0.0,0.0,0.0,1.0,1.0,0.0,0.0,2.0,0.0,2023,58493
Stephen Curry,34.0,GSW,PG,56.0,56.0,34.7,10.0,20.2,0.493,4.9,11.4,0.427,5.1,8.8,0.579,0.614,4.6,5.0,0.915,0.7,5.4,6.1,6.3,0.9,0.4,3.2,2.1,29.4,0.0,2023,48070014
Sterling Brown,27.0,LAL,SF,4.0,0.0,6.0,0.0,1.0,0.0,0.0,0.5,0.0,0.0,0.5,0.0,0.0,0.0,0.0,0.0,0.8,1.3,2.0,0.5,0.8,0.0,0.0,1.0,0.0,0.0,2023,3122602
Steven Adams,29.0,MEM,C,42.0,42.0,27.0,3.7,6.3,0.597,0.0,0.0,0.0,3.7,6.2,0.599,0.597,1.1,3.1,0.364,5.1,6.5,11.5,2.3,0.9,1.1,1.9,2.3,8.6,0.0,2023,17926829
Taj Gibson,37.0,WAS,C,49.0,2.0,9.8,1.3,2.6,0.52,0.2,0.5,0.333,1.2,2.1,0.564,0.552,0.6,0.9,0.714,0.7,1.2,1.9,0.7,0.3,0.2,0.5,1.7,3.4,0.0,2023,2905851
Talen Horton-Tucker,22.0,UTA,SG,65.0,20.0,20.2,4.0,9.4,0.419,0.9,3.1,0.286,3.1,6.3,0.485,0.467,1.9,2.6,0.75,0.6,2.6,3.2,3.8,0.6,0.4,1.9,1.7,10.7,0.0,2023,10260000
Tari Eason,21.0,HOU,PF,82.0,5.0,21.5,3.6,8.0,0.448,0.7,2.1,0.343,2.9,6.0,0.486,0.493,1.3,1.8,0.752,2.4,3.7,6.0,1.1,1.2,0.6,1.2,2.3,9.3,0.0,2023,3359160
Taurean Prince,28.0,MIN,PF,54.0,4.0,22.1,3.3,7.0,0.467,1.4,3.6,0.381,1.9,3.4,0.557,0.565,1.2,1.4,0.844,0.3,2.2,2.4,1.6,0.5,0.3,1.3,2.3,9.1,0.0,2023,7295000
Terance Mann,26.0,LAC,SG,81.0,36.0,23.1,3.4,6.5,0.519,1.0,2.4,0.389,2.4,4.0,0.598,0.593,1.1,1.5,0.78,1.0,2.5,3.4,2.3,0.5,0.3,1.0,1.8,8.8,0.0,2023,1930681
Terence Davis,25.0,SAC,SG,64.0,5.0,13.1,2.4,5.7,0.423,1.4,3.8,0.366,1.0,1.9,0.537,0.545,0.5,0.7,0.791,0.3,1.9,2.2,1.0,0.7,0.2,0.8,1.6,6.7,0.0,2023,4000000
Terrence Ross,31.0,PHO,SG,63.0,9.0,21.1,3.2,7.4,0.43,1.5,4.1,0.368,1.7,3.3,0.507,0.532,0.4,0.5,0.794,0.3,2.1,2.4,1.5,0.6,0.2,0.7,1.5,8.3,0.0,2023,11500000
Terry Rozier,28.0,CHO,SG,63.0,63.0,35.3,7.8,18.9,0.415,2.6,8.0,0.327,5.2,10.8,0.48,0.484,2.8,3.5,0.809,0.8,3.3,4.1,5.1,1.2,0.3,2.1,1.9,21.1,0.0,2023,21486316
Terry Taylor,23.0,CHI,PF,31.0,2.0,8.5,1.3,2.4,0.52,0.2,0.6,0.263,1.1,1.8,0.607,0.553,0.2,0.4,0.545,0.9,0.6,1.5,0.3,0.1,0.2,0.3,0.8,2.9,0.0,2023,1703902
Thaddeus Young,34.0,TOR,PF,54.0,9.0,14.7,2.0,3.7,0.545,0.1,0.6,0.176,1.9,3.0,0.622,0.561,0.3,0.5,0.692,1.3,1.8,3.1,1.4,1.0,0.1,0.8,1.6,4.4,0.0,2023,8000000
Thanasis Antetokounmpo,30.0,MIL,PF,37.0,0.0,5.6,0.5,1.2,0.435,0.0,0.2,0.0,0.5,1.0,0.526,0.435,0.3,0.6,0.5,0.4,0.8,1.2,0.4,0.1,0.1,0.3,0.6,1.4,0.0,2023,1878720
Theo Maledon,21.0,CHO,PG,44.0,7.0,19.4,2.3,5.8,0.402,0.6,2.2,0.295,1.7,3.6,0.465,0.457,1.4,1.7,0.851,0.3,2.5,2.8,3.5,0.8,0.3,1.3,1.4,6.7,0.0,2023,2408891
Theo Pinson,27.0,DAL,SG,40.0,1.0,8.1,0.8,2.2,0.356,0.6,1.6,0.355,0.2,0.6,0.36,0.483,0.3,0.3,0.846,0.3,1.3,1.6,1.2,0.2,0.0,0.3,0.9,2.4,0.0,2023,1968175
Thomas Bryant,25.0,DEN,C,59.0,26.0,18.3,3.9,6.3,0.623,0.4,1.0,0.441,3.5,5.3,0.658,0.659,1.6,2.1,0.738,1.5,4.3,5.7,0.5,0.3,0.5,0.6,1.7,9.8,0.0,2023,1968175
Tobias Harris,30.0,PHI,SF,74.0,74.0,32.9,5.7,11.4,0.501,1.7,4.4,0.389,4.0,7.0,0.57,0.575,1.5,1.7,0.876,0.9,4.8,5.7,2.5,0.9,0.5,1.2,2.0,14.7,0.0,2023,37633050
Tony Bradley,25.0,CHI,C,12.0,0.0,2.8,0.5,1.0,0.5,0.3,0.4,0.6,0.3,0.6,0.429,0.625,0.3,0.3,1.0,0.1,0.8,0.9,0.1,0.1,0.1,0.1,0.2,1.6,0.0,2023,2036318
Torrey Craig,32.0,PHO,PF,79.0,60.0,24.7,2.9,6.3,0.456,1.3,3.2,0.395,1.6,3.1,0.518,0.556,0.4,0.6,0.711,1.8,3.6,5.4,1.5,0.6,0.8,0.9,2.3,7.4,0.0,2023,5121951
Trae Young,24.0,ATL,PG,73.0,73.0,34.8,8.2,19.0,0.429,2.1,6.3,0.335,6.1,12.7,0.476,0.485,7.8,8.8,0.886,0.8,2.2,3.0,10.2,1.1,0.1,4.1,1.4,26.2,0.0,2023,37096500
Tre Jones,23.0,SAS,PG,68.0,65.0,29.2,5.0,10.9,0.459,0.7,2.3,0.285,4.4,8.6,0.506,0.489,2.2,2.5,0.86,0.8,2.8,3.6,6.6,1.3,0.1,1.6,1.4,12.9,0.0,2023,1782621
Tre Mann,21.0,OKC,PG,67.0,5.0,17.7,2.9,7.5,0.393,1.2,3.8,0.315,1.7,3.6,0.475,0.474,0.6,0.8,0.764,0.4,1.9,2.3,1.8,0.6,0.2,0.9,1.5,7.7,0.0,2023,3046200
Trendon Watford,22.0,POR,PF,62.0,12.0,19.1,2.9,5.2,0.56,0.4,1.0,0.391,2.5,4.2,0.602,0.599,1.2,1.6,0.72,0.7,3.2,3.8,2.1,0.5,0.2,1.1,1.9,7.4,0.0,2023,1563518
Trent Forrest,24.0,ATL,SG,23.0,3.0,12.0,1.1,2.6,0.417,0.0,0.1,0.0,1.1,2.5,0.431,0.417,0.1,0.1,0.667,0.2,1.4,1.6,1.7,0.3,0.1,0.7,0.7,2.3,0.0,2023,508891
Trevelin Queen,25.0,IND,SG,7.0,0.0,10.0,1.0,4.1,0.241,0.3,2.1,0.133,0.7,2.0,0.357,0.276,0.7,0.7,1.0,1.1,1.3,2.4,0.9,0.3,0.7,1.0,0.6,3.0,0.0,2023,838891
Trevor Hudgins,23.0,HOU,PG,5.0,0.0,5.6,0.4,1.8,0.222,0.4,1.6,0.25,0.0,0.2,0.0,0.333,0.6,0.6,1.0,0.0,0.0,0.0,0.6,0.0,0.0,0.2,0.2,1.8,0.0,2023,508891
Trevor Keels,19.0,NYK,SG,3.0,0.0,2.7,0.3,1.3,0.25,0.3,1.3,0.25,0.0,0.0,0.0,0.375,0.0,0.0,0.0,0.0,0.7,0.7,0.0,0.0,0.0,0.0,0.0,1.0,0.0,2023,520589
Trey Lyles,27.0,SAC,PF,74.0,0.0,16.9,2.5,5.5,0.458,1.2,3.2,0.363,1.4,2.3,0.595,0.565,1.4,1.7,0.815,0.9,3.1,4.1,0.9,0.4,0.4,0.9,1.3,7.6,0.0,2023,2625000
Ty Jerome,25.0,GSW,SG,45.0,2.0,18.1,2.6,5.4,0.488,0.8,2.0,0.389,1.8,3.4,0.546,0.56,0.8,0.9,0.927,0.2,1.6,1.7,3.0,0.5,0.1,0.7,1.4,6.9,0.0,2023,4728948
Tyler Dorsey,26.0,DAL,SF,3.0,0.0,2.7,1.3,1.7,0.8,0.3,0.7,0.5,1.0,1.0,1.0,0.9,0.0,0.0,0.0,0.3,0.3,0.7,0.0,0.0,0.0,0.0,0.0,3.0,0.0,2023,201802
Tyler Herro,23.0,MIA,SG,67.0,67.0,34.9,7.3,16.6,0.439,3.0,8.0,0.378,4.2,8.5,0.497,0.531,2.5,2.7,0.934,0.4,5.0,5.4,4.2,0.8,0.2,2.4,1.5,20.1,0.0,2023,5722116
Tyrese Haliburton,22.0,IND,PG,56.0,56.0,33.6,7.4,15.0,0.49,2.9,7.2,0.4,4.5,7.8,0.572,0.586,3.1,3.6,0.871,0.6,3.1,3.7,10.4,1.6,0.4,2.5,1.2,20.7,0.0,2023,4215120
Tyrese Martin,23.0,ATL,SG,16.0,0.0,4.1,0.6,1.4,0.391,0.1,0.4,0.143,0.5,1.0,0.5,0.413,0.1,0.1,1.0,0.3,0.4,0.8,0.1,0.1,0.0,0.1,0.1,1.3,0.0,2023,1017781
Tyrese Maxey,22.0,PHI,SG,60.0,41.0,33.6,7.3,15.2,0.481,2.7,6.2,0.434,4.7,9.1,0.513,0.568,3.0,3.6,0.845,0.4,2.6,2.9,3.5,0.8,0.1,1.3,2.2,20.3,0.0,2023,2726880
Tyus Jones,26.0,MEM,PG,80.0,22.0,24.3,3.9,8.9,0.438,1.5,4.1,0.371,2.4,4.8,0.495,0.523,1.0,1.3,0.8,0.4,2.2,2.5,5.2,1.0,0.1,0.9,0.4,10.3,0.0,2023,15000000
Udoka Azubuike,23.0,UTA,C,36.0,4.0,10.0,1.6,2.0,0.819,0.0,0.0,0.0,1.6,2.0,0.819,0.819,0.2,0.6,0.35,0.9,2.4,3.3,0.3,0.2,0.4,0.5,0.9,3.5,0.0,2023,2174880
Udonis Haslem,42.0,MIA,C,7.0,1.0,10.1,1.4,4.1,0.345,0.4,1.3,0.333,1.0,2.9,0.35,0.397,0.6,0.7,0.8,0.6,1.0,1.6,0.0,0.1,0.3,0.1,1.6,3.9,0.0,2023,2905851
Usman Garuba,20.0,HOU,C,75.0,1.0,12.9,1.1,2.4,0.486,0.3,0.8,0.407,0.8,1.6,0.525,0.554,0.4,0.6,0.617,1.6,2.5,4.1,0.9,0.6,0.4,0.6,1.8,3.0,0.0,2023,2471160
Victor Oladipo,30.0,MIA,SG,42.0,2.0,26.3,3.8,9.6,0.397,1.7,5.0,0.33,2.1,4.5,0.471,0.484,1.4,1.9,0.747,0.4,2.7,3.0,3.5,1.4,0.3,2.1,2.4,10.7,0.0,2023,8750000
Vit Krejci,22.0,ATL,PG,29.0,0.0,5.7,0.5,1.3,0.405,0.2,0.7,0.238,0.3,0.6,0.625,0.473,0.0,0.1,0.5,0.2,0.7,0.9,0.6,0.2,0.0,0.2,0.6,1.2,0.0,2023,1563518
Vlatko Cancar,25.0,DEN,PF,60.0,9.0,14.8,1.8,3.8,0.476,0.7,1.9,0.374,1.1,1.9,0.58,0.57,0.6,0.7,0.927,0.4,1.7,2.1,1.3,0.4,0.2,0.6,1.4,5.0,0.0,2023,2234359
Walker Kessler,21.0,UTA,C,74.0,40.0,23.0,4.0,5.6,0.72,0.0,0.0,0.333,4.0,5.6,0.723,0.721,1.1,2.1,0.516,3.1,5.3,8.4,0.9,0.4,2.3,0.8,2.3,9.2,0.0,2023,2696400
Wenyen Gabriel,25.0,LAL,C,68.0,2.0,15.1,2.3,3.8,0.596,0.1,0.5,0.278,2.1,3.3,0.647,0.615,0.8,1.2,0.619,1.7,2.5,4.2,0.5,0.4,0.5,0.7,2.1,5.5,0.0,2023,1878720
Wesley Matthews,36.0,MIL,SF,52.0,0.0,15.8,1.1,3.1,0.363,0.8,2.4,0.315,0.4,0.7,0.528,0.484,0.5,0.5,0.857,0.7,1.5,2.2,0.7,0.4,0.3,0.3,1.4,3.4,0.0,2023,2905851
Will Barton,32.0,TOR,SG,56.0,2.0,17.7,2.5,6.5,0.379,1.2,3.2,0.367,1.3,3.3,0.391,0.47,0.7,0.8,0.787,0.3,2.2,2.4,2.0,0.5,0.2,0.9,1.0,6.8,0.0,2023,15059712
Willy Hernangomez,28.0,NOP,C,38.0,2.0,12.1,2.3,4.4,0.527,0.1,0.3,0.273,2.3,4.2,0.544,0.536,2.1,2.7,0.779,1.5,3.2,4.7,0.9,0.4,0.3,1.0,1.7,6.9,0.0,2023,2443581
Xavier Cooks,27.0,WAS,PF,10.0,1.0,12.6,1.7,2.8,0.607,0.0,0.1,0.0,1.7,2.7,0.63,0.607,0.4,1.0,0.4,1.6,2.2,3.8,0.6,0.6,0.4,0.8,1.3,3.8,0.0,2023,140384
Xavier Moon,28.0,LAC,SG,4.0,0.0,5.0,0.8,2.3,0.333,0.3,0.8,0.333,0.5,1.5,0.333,0.389,0.0,0.0,0.0,0.0,0.8,0.8,1.3,0.0,0.0,0.3,0.5,1.8,0.0,2023,116986
Xavier Sneed,25.0,CHO,SF,4.0,0.0,12.0,1.3,2.5,0.5,0.8,1.5,0.5,0.5,1.0,0.5,0.65,1.0,1.0,1.0,0.0,1.3,1.3,1.3,0.0,0.3,0.8,1.8,4.3,0.0,2023,102910
Yuta Watanabe,28.0,BRK,SF,58.0,1.0,16.0,2.0,4.0,0.491,1.0,2.3,0.444,0.9,1.7,0.557,0.621,0.6,0.8,0.723,0.5,1.9,2.4,0.8,0.4,0.3,0.4,1.4,5.6,0.0,2023,1968175
Zach Collins,25.0,SAS,C,63.0,26.0,22.9,4.5,8.7,0.518,0.9,2.3,0.374,3.6,6.4,0.571,0.568,1.7,2.3,0.761,1.8,4.5,6.4,2.9,0.6,0.8,2.0,3.2,11.6,0.0,2023,7350000
Zach LaVine,27.0,CHI,SG,77.0,77.0,35.9,8.7,18.0,0.485,2.6,7.1,0.375,6.1,11.0,0.556,0.558,4.7,5.6,0.848,0.5,3.9,4.5,4.2,0.9,0.2,2.5,2.1,24.8,0.0,2023,37096500
Zeke Nnaji,22.0,DEN,PF,53.0,5.0,13.7,2.1,3.7,0.561,0.3,1.2,0.262,1.8,2.5,0.71,0.605,0.8,1.2,0.645,1.2,1.4,2.6,0.3,0.3,0.4,0.6,2.0,5.2,0.0,2023,2617800
Ziaire Williams,21.0,MEM,SF,37.0,4.0,15.2,2.3,5.3,0.429,0.7,2.6,0.258,1.6,2.7,0.596,0.492,0.5,0.6,0.773,0.4,1.7,2.1,0.9,0.4,0.2,1.0,1.6,5.7,0.0,2023,4591680
Zion Williamson,22.0,NOP,PF,29.0,29.0,33.0,9.8,16.2,0.608,0.2,0.7,0.368,9.6,15.5,0.618,0.615,6.1,8.6,0.714,2.0,5.0,7.0,4.6,1.1,0.6,3.4,2.2,26.0,0.0,2023,13534817
AJ Griffin,20.0,ATL,SF,20.0,0.0,8.6,0.9,3.1,0.29,0.5,2.0,0.256,0.4,1.2,0.348,0.371,0.1,0.1,1.0,0.1,0.8,0.9,0.3,0.1,0.1,0.4,0.3,2.4,0.0,2024,3712920
Aaron Gordon,28.0,DEN,PF,73.0,73.0,31.5,5.5,9.8,0.556,0.5,1.9,0.29,4.9,7.9,0.619,0.584,2.4,3.7,0.658,2.4,4.1,6.5,3.5,0.8,0.6,1.4,1.9,13.9,0.0,2024,21266182
Aaron Nesmith,24.0,IND,SF,72.0,47.0,27.7,4.4,8.8,0.496,1.9,4.6,0.419,2.4,4.2,0.581,0.606,1.5,1.9,0.781,0.9,2.9,3.8,1.5,0.9,0.7,0.9,3.3,12.2,0.0,2024,5634257
Aaron Wiggins,25.0,OKC,SG,78.0,4.0,15.7,2.7,4.8,0.562,0.8,1.6,0.492,1.9,3.2,0.598,0.645,0.7,0.9,0.789,0.8,1.6,2.4,1.1,0.7,0.2,0.7,1.2,6.9,0.0,2024,1836096
Admiral Schofield,26.0,ORL,PF,23.0,0.0,3.7,0.4,1.1,0.385,0.3,0.7,0.375,0.2,0.4,0.4,0.5,0.0,0.1,0.0,0.1,0.6,0.7,0.3,0.0,0.0,0.2,0.4,1.1,0.0,2024,1997238
Al Horford,37.0,BOS,C,65.0,33.0,26.8,3.3,6.4,0.511,1.7,4.0,0.419,1.6,2.5,0.658,0.64,0.4,0.5,0.867,1.3,5.1,6.4,2.6,0.6,1.0,0.7,1.4,8.6,0.0,2024,10000000
Alec Burks,32.0,NYK,SG,66.0,1.0,18.4,3.2,8.6,0.369,1.9,5.0,0.376,1.3,3.6,0.36,0.478,2.2,2.5,0.868,0.4,1.9,2.3,1.3,0.4,0.2,0.7,1.1,10.4,0.0,2024,10489600
Aleksej Pokusevski,22.0,CHO,PF,28.0,0.0,14.5,1.8,4.3,0.405,0.6,2.0,0.327,1.1,2.4,0.47,0.479,1.1,1.5,0.732,0.6,2.6,3.2,1.3,0.5,0.5,0.7,0.8,5.2,0.0,2024,5009633
Alex Caruso,29.0,CHI,SG,71.0,57.0,28.7,3.6,7.6,0.468,1.9,4.7,0.408,1.6,2.9,0.563,0.593,1.0,1.4,0.76,0.9,3.0,3.8,3.5,1.7,1.0,1.4,2.5,10.1,0.0,2024,9460000
Alperen Sengun,21.0,HOU,C,63.0,63.0,32.5,8.4,15.6,0.537,0.5,1.8,0.297,7.8,13.8,0.567,0.553,3.9,5.6,0.693,2.9,6.4,9.3,5.0,1.2,0.7,2.6,3.3,21.1,0.0,2024,3536280
Amir Coffey,26.0,LAC,SF,70.0,13.0,20.9,2.4,5.0,0.472,1.0,2.6,0.38,1.4,2.4,0.571,0.571,0.9,1.0,0.859,0.4,1.7,2.1,1.1,0.6,0.2,0.5,1.5,6.6,0.0,2024,3666667
Andre Drummond,30.0,CHI,C,79.0,10.0,17.1,3.4,6.1,0.556,0.0,0.0,0.0,3.4,6.0,0.56,0.556,1.6,2.8,0.592,3.4,5.6,9.0,0.5,0.9,0.6,1.0,1.8,8.4,0.0,2024,3360000
Andrew Nembhard,24.0,IND,PG,68.0,47.0,25.0,3.8,7.7,0.498,0.9,2.5,0.357,2.9,5.2,0.567,0.557,0.7,0.8,0.804,0.5,1.5,2.1,4.1,0.9,0.1,1.5,2.1,9.2,0.0,2024,2131905
Andrew Wiggins,28.0,GSW,SF,71.0,59.0,27.0,5.0,11.0,0.453,1.3,3.6,0.358,3.7,7.4,0.498,0.511,2.0,2.7,0.751,1.5,3.0,4.5,1.7,0.6,0.6,1.2,2.1,13.2,0.0,2024,24330357
Anfernee Simons,24.0,POR,SG,46.0,46.0,34.4,7.8,18.2,0.43,3.4,8.8,0.385,4.4,9.4,0.472,0.523,3.5,3.9,0.916,0.5,3.2,3.6,5.5,0.5,0.1,2.7,2.1,22.6,0.0,2024,24107143
Anthony Davis,30.0,LAL,C,76.0,76.0,35.5,9.4,16.9,0.556,0.4,1.4,0.271,9.0,15.5,0.582,0.567,5.5,6.8,0.816,3.1,9.5,12.6,3.5,1.2,2.3,2.1,2.3,24.7,0.0,2024,40600080
Anthony Edwards,22.0,MIN,SG,79.0,78.0,35.1,9.1,19.7,0.461,2.4,6.7,0.357,6.7,13.0,0.515,0.522,5.4,6.4,0.836,0.7,4.8,5.4,5.1,1.3,0.5,3.1,1.8,25.9,0.0,2024,13534817
Anthony Gill,31.0,WAS,PF,50.0,3.0,9.3,1.5,3.2,0.469,0.2,0.8,0.244,1.3,2.4,0.546,0.5,0.6,0.7,0.806,0.7,1.1,1.9,0.7,0.3,0.2,0.5,1.0,3.8,0.0,2024,1997238
Bam Adebayo,26.0,MIA,C,71.0,71.0,34.0,7.5,14.3,0.521,0.2,0.6,0.357,7.3,13.7,0.528,0.529,4.1,5.5,0.755,2.2,8.1,10.4,3.9,1.1,0.9,2.3,2.2,19.3,0.0,2024,32600060
Ben Simmons,27.0,BRK,PG,15.0,12.0,23.9,2.9,4.9,0.581,0.0,0.0,0.0,2.9,4.9,0.581,0.581,0.4,1.0,0.4,2.1,5.9,7.9,5.7,0.8,0.6,1.8,2.4,6.1,0.0,2024,37893408
Bennedict Mathurin,21.0,IND,SF,59.0,19.0,26.1,5.0,11.2,0.446,1.4,3.6,0.374,3.7,7.6,0.481,0.507,3.1,3.8,0.821,1.0,2.9,4.0,2.0,0.6,0.2,1.6,2.0,14.5,0.0,2024,6916080
Blake Wesley,20.0,SAS,SG,61.0,3.0,14.4,1.7,3.5,0.474,0.2,0.9,0.218,1.5,2.6,0.563,0.502,0.9,1.3,0.667,0.3,1.2,1.5,2.7,0.5,0.1,0.9,1.5,4.4,0.0,2024,2504640
Bobby Portis,28.0,MIL,PF,82.0,4.0,24.5,5.7,11.2,0.508,1.2,3.0,0.407,4.5,8.2,0.545,0.562,1.2,1.5,0.79,1.7,5.7,7.4,1.3,0.8,0.4,1.1,2.3,13.8,0.0,2024,11710818
Bogdan Bogdanovic,31.0,ATL,SG,79.0,33.0,30.4,6.0,13.9,0.428,3.0,8.1,0.374,2.9,5.8,0.503,0.537,1.9,2.1,0.921,0.7,2.8,3.4,3.1,1.2,0.3,1.4,2.3,16.9,0.0,2024,18700000
Bojan Bogdanovic,34.0,NYK,PF,57.0,27.0,25.9,5.4,11.9,0.454,2.3,5.9,0.398,3.1,6.1,0.507,0.551,2.1,2.6,0.785,0.4,2.3,2.7,1.7,0.5,0.1,1.8,1.7,15.2,0.0,2024,20000000
Bol Bol,24.0,PHO,PF,43.0,0.0,10.9,2.2,3.5,0.616,0.5,1.2,0.423,1.7,2.3,0.717,0.689,0.3,0.4,0.789,0.7,2.4,3.2,0.4,0.2,0.6,0.4,1.0,5.2,0.0,2024,2200000
Bones Hyland,23.0,LAC,PG,37.0,5.0,14.6,2.6,6.8,0.386,1.2,3.6,0.326,1.4,3.1,0.457,0.474,0.5,0.6,0.783,0.1,1.4,1.5,2.5,0.7,0.1,1.2,1.4,6.9,0.0,2024,2306400
Bradley Beal,30.0,PHO,SG,53.0,53.0,33.3,7.1,13.9,0.513,1.9,4.4,0.43,5.2,9.4,0.552,0.582,2.1,2.5,0.813,1.0,3.4,4.4,5.0,1.0,0.5,2.5,2.4,18.2,0.0,2024,46741590
Brandon Clarke,27.0,MEM,PF,6.0,1.0,22.3,5.5,9.8,0.559,0.2,1.0,0.167,5.3,8.8,0.604,0.568,0.2,1.2,0.143,2.2,3.2,5.3,1.5,0.8,1.0,0.5,1.3,11.3,0.0,2024,12500000
Brandon Ingram,26.0,NOP,SF,64.0,64.0,32.9,7.8,15.9,0.492,1.3,3.8,0.355,6.5,12.1,0.534,0.534,3.8,4.8,0.801,0.7,4.4,5.1,5.7,0.8,0.6,2.5,2.3,20.8,0.0,2024,33833400
Bruce Brown,27.0,TOR,SG,67.0,44.0,27.9,4.1,8.7,0.478,0.8,2.4,0.323,3.4,6.2,0.538,0.523,1.7,2.1,0.824,0.8,3.4,4.2,2.9,0.9,0.3,1.3,2.2,10.8,0.0,2024,6802950
Bruno Fernando,25.0,ATL,C,45.0,2.0,15.2,2.4,4.2,0.583,0.0,0.1,0.0,2.4,4.1,0.596,0.583,1.4,2.1,0.667,1.3,3.0,4.3,1.0,0.6,0.6,1.0,2.4,6.3,0.0,2024,2581522
Bryce McGowens,21.0,CHO,SG,59.0,14.0,14.9,1.7,3.9,0.439,0.6,1.7,0.333,1.1,2.2,0.523,0.513,1.1,1.4,0.776,0.3,1.4,1.7,0.9,0.4,0.2,0.5,1.3,5.1,0.0,2024,1719864
Buddy Boeheim,24.0,DET,SF,10.0,0.0,8.4,0.9,2.9,0.31,0.8,2.5,0.32,0.1,0.4,0.25,0.448,0.8,1.0,0.8,0.3,0.7,1.0,0.3,0.0,0.1,0.0,0.5,3.4,0.0,2024,1761752
Buddy Hield,31.0,PHI,SF,84.0,42.0,25.7,4.4,10.1,0.436,2.6,6.8,0.386,1.8,3.4,0.539,0.565,0.6,0.7,0.881,0.7,2.5,3.2,2.8,0.8,0.5,1.2,2.0,12.1,0.0,2024,19279841
CJ McCollum,32.0,NOP,PG,66.0,66.0,32.7,7.3,16.0,0.459,3.6,8.4,0.429,3.7,7.5,0.492,0.572,1.7,2.1,0.827,0.6,3.7,4.3,4.6,0.9,0.6,1.7,1.9,20.0,0.0,2024,35802469
Cade Cunningham,22.0,DET,PG,62.0,62.0,33.5,8.5,18.8,0.449,1.9,5.4,0.355,6.5,13.4,0.487,0.5,3.8,4.4,0.869,0.5,3.8,4.3,7.5,0.9,0.4,3.4,2.5,22.7,0.0,2024,11055360
Caleb Houstan,21.0,ORL,SF,59.0,13.0,13.8,1.4,3.5,0.388,1.2,3.3,0.373,0.1,0.2,0.615,0.563,0.4,0.4,0.808,0.5,0.9,1.4,0.5,0.3,0.1,0.3,1.0,4.3,0.0,2024,2000000
Caleb Martin,28.0,MIA,SF,64.0,23.0,27.4,3.8,8.7,0.431,1.3,3.6,0.349,2.5,5.1,0.489,0.504,1.2,1.5,0.778,1.2,3.2,4.4,2.2,0.7,0.5,1.2,2.0,10.0,0.0,2024,6802950
Cam Reddish,24.0,LAL,SF,48.0,26.0,20.5,1.9,4.9,0.389,0.8,2.3,0.336,1.1,2.6,0.435,0.468,0.9,1.1,0.759,0.6,1.5,2.1,1.0,1.0,0.3,0.6,1.3,5.4,0.0,2024,8109966
Cam Thomas,22.0,BRK,SG,66.0,51.0,31.4,8.0,18.0,0.442,2.2,6.0,0.364,5.8,12.0,0.481,0.503,4.3,5.1,0.856,0.4,2.8,3.2,2.9,0.7,0.2,1.9,2.1,22.5,0.0,2024,2240160
Cameron Johnson,27.0,BRK,PF,58.0,47.0,27.6,4.8,10.7,0.446,2.4,6.1,0.391,2.4,4.6,0.519,0.557,1.5,1.9,0.789,0.9,3.4,4.3,2.4,0.8,0.3,1.0,1.8,13.4,0.0,2024,8060533
Cameron Payne,29.0,PHI,PG,78.0,10.0,16.7,2.7,6.2,0.432,1.3,3.4,0.39,1.3,2.7,0.486,0.541,0.7,0.9,0.866,0.3,1.2,1.5,2.6,0.5,0.1,0.8,1.6,7.4,0.0,2024,6500000
Cedi Osman,28.0,SAS,SF,72.0,3.0,17.6,2.6,5.3,0.479,1.2,3.1,0.389,1.4,2.3,0.601,0.591,0.5,0.7,0.673,0.3,2.2,2.5,1.7,0.5,0.2,0.7,1.5,6.8,0.0,2024,6718842
Charles Bassey,23.0,SAS,C,19.0,0.0,10.8,1.5,2.1,0.725,0.0,0.1,0.0,1.5,2.1,0.744,0.725,0.3,0.3,0.833,1.2,2.8,4.0,1.1,0.4,0.9,0.8,1.6,3.3,0.0,2024,2600000
Chet Holmgren,21.0,OKC,C,82.0,82.0,29.4,6.2,11.6,0.53,1.6,4.3,0.37,4.6,7.4,0.623,0.598,2.7,3.4,0.793,1.6,6.3,7.9,2.4,0.6,2.3,1.6,2.4,16.5,0.0,2024,10386000
Chris Boucher,31.0,TOR,PF,50.0,0.0,14.1,2.2,4.3,0.507,0.6,1.9,0.33,1.6,2.5,0.642,0.578,1.4,1.8,0.772,1.2,2.9,4.1,0.5,0.3,0.5,0.6,1.4,6.4,0.0,2024,11750000
Chris Duarte,26.0,SAC,SF,59.0,11.0,12.2,1.4,3.6,0.381,0.7,2.2,0.346,0.6,1.4,0.434,0.486,0.4,0.6,0.788,0.4,1.4,1.8,0.7,0.5,0.1,0.4,1.4,3.9,0.0,2024,4124400
Chris Paul,38.0,GSW,PG,58.0,18.0,26.4,3.6,8.1,0.441,1.3,3.6,0.371,2.2,4.4,0.498,0.525,0.7,0.9,0.827,0.3,3.6,3.9,6.8,1.2,0.1,1.3,1.9,9.2,0.0,2024,30800000
Christian Braun,22.0,DEN,SG,82.0,4.0,20.2,2.7,5.9,0.46,0.8,2.0,0.384,1.9,3.9,0.498,0.525,1.1,1.6,0.694,1.0,2.8,3.7,1.6,0.5,0.4,0.7,1.7,7.3,0.0,2024,2949120
Chuma Okeke,25.0,ORL,SF,47.0,8.0,9.2,0.9,2.4,0.357,0.5,1.7,0.28,0.4,0.6,0.567,0.46,0.1,0.1,0.571,0.4,1.3,1.7,0.4,0.2,0.1,0.3,0.4,2.3,0.0,2024,5266712
Clint Capela,29.0,ATL,C,73.0,73.0,25.8,4.8,8.5,0.571,0.0,0.0,0.0,4.8,8.5,0.572,0.571,1.8,2.8,0.631,4.6,6.0,10.6,1.2,0.6,1.5,1.0,2.2,11.5,0.0,2024,20616000
Coby White,23.0,CHI,PG,79.0,78.0,36.5,6.8,15.3,0.447,2.6,7.0,0.376,4.2,8.3,0.508,0.534,2.8,3.3,0.838,0.6,4.0,4.5,5.1,0.7,0.2,2.1,2.4,19.1,0.0,2024,9942113
Cody Martin,28.0,CHO,SF,28.0,22.0,26.9,2.9,7.7,0.381,1.0,3.1,0.314,2.0,4.6,0.426,0.444,0.7,1.2,0.606,0.7,3.2,3.9,3.7,1.1,0.6,1.6,1.7,7.5,0.0,2024,7560000
Cole Anthony,23.0,ORL,PG,81.0,0.0,22.4,4.1,9.4,0.435,1.1,3.4,0.338,3.0,6.0,0.49,0.496,2.2,2.7,0.826,0.8,3.0,3.8,2.9,0.8,0.5,1.6,2.2,11.6,0.0,2024,5539771
Cole Swider,24.0,MIA,SF,18.0,0.0,4.8,0.8,2.1,0.395,0.6,1.7,0.333,0.3,0.4,0.625,0.526,0.1,0.1,1.0,0.1,0.3,0.4,0.3,0.1,0.1,0.4,0.2,2.3,0.0,2024,547349
Collin Gillespie,24.0,DEN,PG,24.0,0.0,9.4,1.3,2.9,0.464,0.6,1.6,0.395,0.7,1.3,0.548,0.572,0.3,0.5,0.667,0.0,0.8,0.9,1.1,0.5,0.0,0.6,1.0,3.6,0.0,2024,1761752
Collin Sexton,25.0,UTA,SG,78.0,51.0,26.6,6.5,13.3,0.487,1.6,4.2,0.394,4.8,9.1,0.53,0.549,4.1,4.7,0.859,0.9,1.7,2.6,4.9,0.8,0.2,2.1,2.0,18.7,0.0,2024,17325000
Corey Kispert,24.0,WAS,SF,80.0,22.0,25.8,4.8,9.9,0.486,2.3,6.0,0.383,2.5,3.9,0.643,0.602,1.4,2.0,0.726,0.4,2.4,2.8,2.0,0.5,0.2,1.2,1.8,13.4,0.0,2024,3722040
DaQuan Jeffries,26.0,NYK,SG,17.0,0.0,2.7,0.4,1.0,0.353,0.1,0.6,0.2,0.2,0.4,0.571,0.412,0.0,0.1,0.0,0.0,0.3,0.3,0.3,0.0,0.1,0.2,0.1,0.8,0.0,2024,2066585
Daishen Nix,21.0,MIN,PG,15.0,0.0,3.3,0.6,1.6,0.375,0.4,1.1,0.353,0.2,0.5,0.429,0.5,0.2,0.4,0.5,0.1,0.1,0.2,0.4,0.3,0.0,0.3,0.1,1.8,0.0,2024,1836096
Dalen Terry,21.0,CHI,SG,59.0,2.0,11.5,1.2,2.7,0.439,0.3,1.3,0.23,0.9,1.4,0.627,0.494,0.4,0.7,0.581,0.5,1.4,1.9,1.4,0.5,0.3,0.5,1.4,3.1,0.0,2024,3350760
Damian Jones,28.0,CLE,C,39.0,0.0,6.9,1.1,1.8,0.597,0.1,0.4,0.214,1.0,1.5,0.69,0.618,0.5,0.5,0.857,0.5,1.1,1.6,0.4,0.2,0.3,0.3,0.7,2.7,0.0,2024,2586665
Damian Lillard,33.0,MIL,PG,73.0,73.0,35.3,7.4,17.5,0.424,3.0,8.5,0.354,4.4,9.0,0.49,0.51,6.5,7.0,0.92,0.5,3.9,4.4,7.0,1.0,0.2,2.6,1.8,24.3,0.0,2024,45640084
Daniel Gafford,25.0,DAL,C,74.0,66.0,24.5,4.7,6.5,0.725,0.0,0.0,0.0,4.7,6.5,0.725,0.725,1.6,2.4,0.674,2.6,5.0,7.6,1.6,0.9,2.1,1.0,3.1,11.0,0.0,2024,12402000
Daniel Theis,31.0,LAC,C,60.0,3.0,16.9,2.6,4.9,0.532,0.4,1.2,0.366,2.2,3.7,0.586,0.577,0.6,0.8,0.76,1.4,2.7,4.1,1.0,0.4,0.9,0.7,2.1,6.3,0.0,2024,9108386
Danilo Gallinari,35.0,MIL,SF,49.0,0.0,12.9,1.7,3.9,0.437,0.6,1.9,0.323,1.1,2.0,0.546,0.516,1.7,2.0,0.857,0.4,1.8,2.2,1.1,0.3,0.1,0.5,1.0,5.7,0.0,2024,6802950
Darius Bazley,23.0,UTA,PF,9.0,0.0,16.9,2.0,3.3,0.6,0.2,0.9,0.25,1.8,2.4,0.727,0.633,1.1,1.3,0.833,0.9,2.2,3.1,0.8,0.7,0.8,0.9,0.3,5.3,0.0,2024,6205035
Darius Garland,24.0,CLE,PG,57.0,57.0,33.4,6.6,14.8,0.446,2.3,6.2,0.371,4.3,8.5,0.501,0.524,2.6,3.1,0.834,0.5,2.1,2.7,6.5,1.3,0.1,3.1,1.7,18.0,0.0,2024,33500000
David Roddy,22.0,PHO,PF,65.0,13.0,18.1,2.5,6.3,0.403,0.7,2.5,0.293,1.8,3.8,0.478,0.462,0.7,1.0,0.691,0.8,2.4,3.2,1.2,0.4,0.2,0.9,1.1,6.5,0.0,2024,2718240
Davion Mitchell,25.0,SAC,PG,72.0,4.0,15.3,2.0,4.5,0.452,0.8,2.2,0.361,1.2,2.3,0.539,0.54,0.4,0.6,0.714,0.3,1.1,1.3,1.9,0.2,0.0,0.6,1.2,5.3,0.0,2024,5063640
Davis Bertans,31.0,CHO,PF,43.0,1.0,15.7,2.1,5.4,0.393,1.8,4.7,0.38,0.4,0.8,0.471,0.556,0.7,0.8,0.909,0.2,1.2,1.4,0.8,0.6,0.3,0.4,1.3,6.7,0.0,2024,17000000
Day'Ron Sharpe,22.0,BRK,C,61.0,1.0,15.1,2.8,4.8,0.571,0.1,0.2,0.267,2.7,4.6,0.588,0.578,1.2,2.0,0.61,2.6,3.7,6.4,1.4,0.4,0.7,1.1,2.1,6.8,0.0,2024,2210040
De'Aaron Fox,26.0,SAC,PG,74.0,74.0,35.9,9.7,20.9,0.465,2.9,7.8,0.369,6.8,13.1,0.522,0.534,4.2,5.7,0.738,0.9,3.7,4.6,5.6,2.0,0.4,2.6,2.6,26.6,0.0,2024,32600060
De'Andre Hunter,26.0,ATL,SF,57.0,37.0,29.5,5.3,11.6,0.459,2.1,5.3,0.385,3.3,6.3,0.521,0.547,2.9,3.4,0.847,0.5,3.4,3.9,1.5,0.7,0.3,1.5,2.6,15.6,0.0,2024,20089286
De'Anthony Melton,25.0,PHI,SG,38.0,33.0,26.9,3.7,9.5,0.386,2.0,5.6,0.36,1.6,3.8,0.425,0.493,1.7,2.1,0.835,0.7,3.0,3.7,3.0,1.6,0.4,1.0,2.2,11.1,0.0,2024,8000000
DeMar DeRozan,34.0,CHI,SF,79.0,79.0,37.8,8.2,17.2,0.48,0.9,2.8,0.333,7.3,14.3,0.509,0.507,6.6,7.7,0.853,0.5,3.8,4.3,5.3,1.1,0.6,1.7,2.0,24.0,0.0,2024,28600000
Dean Wade,27.0,CLE,PF,54.0,32.0,20.5,1.8,4.3,0.414,1.5,3.7,0.391,0.3,0.6,0.567,0.584,0.4,0.5,0.769,0.7,3.4,4.0,0.8,0.7,0.5,0.4,1.7,5.4,0.0,2024,5709877
Deandre Ayton,25.0,POR,C,55.0,55.0,32.4,7.8,13.6,0.57,0.0,0.2,0.1,7.7,13.4,0.576,0.571,1.2,1.4,0.823,3.2,7.9,11.1,1.6,1.0,0.8,1.8,2.0,16.7,0.0,2024,32459438
Dejounte Murray,27.0,ATL,SG,78.0,78.0,35.7,8.6,18.8,0.459,2.6,7.1,0.363,6.0,11.7,0.518,0.528,2.7,3.4,0.794,0.8,4.5,5.3,6.4,1.4,0.3,2.6,1.8,22.5,0.0,2024,18214000
Delon Wright,31.0,MIA,PG,47.0,1.0,15.8,1.6,4.0,0.394,0.5,1.4,0.368,1.0,2.6,0.408,0.46,0.8,1.0,0.822,0.4,1.4,1.8,2.5,1.1,0.2,0.3,0.7,4.5,0.0,2024,8195122
Deni Avdija,23.0,WAS,SF,75.0,75.0,30.1,5.4,10.7,0.506,1.2,3.1,0.374,4.2,7.6,0.56,0.56,2.7,3.6,0.74,1.1,6.1,7.2,3.8,0.8,0.5,2.1,2.5,14.7,0.0,2024,6263188
Dereon Seabron,23.0,NOP,SG,6.0,0.0,9.2,0.7,2.2,0.308,0.2,0.3,0.5,0.5,1.8,0.273,0.346,0.8,1.0,0.833,0.2,1.0,1.2,0.8,0.3,0.2,0.0,0.7,2.3,0.0,2024,547349
Derrick Rose,35.0,MEM,PG,24.0,7.0,16.6,3.2,6.9,0.461,0.6,1.7,0.366,2.5,5.2,0.492,0.506,1.0,1.1,0.889,0.3,1.6,1.9,3.3,0.3,0.1,1.3,0.9,8.0,0.0,2024,15596339
Derrick White,29.0,BOS,SG,73.0,73.0,32.6,5.3,11.5,0.461,2.7,6.8,0.396,2.6,4.7,0.555,0.578,1.9,2.1,0.901,0.7,3.5,4.2,5.2,1.0,1.2,1.5,2.1,15.2,0.0,2024,18357143
Desmond Bane,25.0,MEM,SG,42.0,42.0,34.4,8.6,18.5,0.464,3.3,8.6,0.381,5.3,9.9,0.536,0.552,3.3,3.8,0.87,0.9,3.5,4.4,5.5,1.0,0.5,2.7,2.9,23.7,0.0,2024,3845083
Devin Booker,27.0,PHO,PG,68.0,68.0,36.0,9.4,19.2,0.492,2.2,6.1,0.364,7.2,13.0,0.552,0.55,6.0,6.7,0.886,0.8,3.7,4.5,6.9,0.9,0.4,2.6,3.0,27.1,0.0,2024,36016200
Devin Vassell,23.0,SAS,SG,68.0,62.0,33.1,7.3,15.5,0.472,2.4,6.6,0.372,4.9,9.0,0.544,0.55,2.4,3.0,0.801,0.4,3.4,3.8,4.1,1.1,0.3,1.6,1.1,19.5,0.0,2024,5887899
Domantas Sabonis,27.0,SAC,C,82.0,82.0,35.7,7.7,13.0,0.594,0.4,1.1,0.379,7.3,12.0,0.613,0.609,3.6,5.1,0.704,3.6,10.1,13.7,8.2,0.9,0.6,3.3,3.0,19.4,0.0,2024,22000000
Dominick Barlow,20.0,SAS,PF,33.0,1.0,12.7,1.7,3.4,0.496,0.1,0.3,0.333,1.6,3.2,0.51,0.509,0.9,1.3,0.69,1.4,2.1,3.4,1.1,0.4,0.4,0.3,1.4,4.4,0.0,2024,1761752
Donovan Mitchell,27.0,CLE,SG,55.0,55.0,35.3,9.1,19.8,0.462,3.3,9.0,0.368,5.8,10.8,0.539,0.545,5.0,5.8,0.865,0.8,4.3,5.1,6.1,1.8,0.5,2.8,2.1,26.6,0.0,2024,33162030
Donte DiVincenzo,27.0,NYK,SG,81.0,63.0,29.1,5.5,12.4,0.443,3.5,8.7,0.401,2.0,3.7,0.542,0.584,1.1,1.4,0.754,0.8,2.9,3.7,2.7,1.3,0.4,1.4,2.0,15.5,0.0,2024,4725000
Dorian Finney-Smith,30.0,BRK,PF,68.0,56.0,28.4,3.2,7.5,0.421,1.7,4.9,0.348,1.4,2.6,0.56,0.535,0.5,0.7,0.717,1.6,3.1,4.7,1.6,0.8,0.6,0.9,2.2,8.5,0.0,2024,13932008
Doug McDermott,32.0,IND,SF,64.0,0.0,14.1,1.9,4.4,0.433,1.5,3.6,0.41,0.5,0.9,0.527,0.599,0.2,0.3,0.579,0.2,0.8,0.9,1.1,0.3,0.0,0.4,1.0,5.5,0.0,2024,13750000
Draymond Green,33.0,GSW,PF,55.0,52.0,27.1,3.4,6.8,0.497,0.9,2.3,0.395,2.4,4.4,0.551,0.566,1.0,1.3,0.73,1.4,5.9,7.2,6.0,1.0,0.9,2.5,3.0,8.6,0.0,2024,27586224
Duncan Robinson,29.0,MIA,SF,68.0,36.0,28.0,4.5,9.9,0.45,2.8,7.0,0.395,1.7,3.0,0.579,0.589,1.2,1.3,0.889,0.2,2.3,2.5,2.8,0.7,0.2,1.4,2.4,12.9,0.0,2024,18154000
Dylan Windler,27.0,ATL,SF,17.0,0.0,6.4,0.9,1.8,0.5,0.8,1.6,0.481,0.1,0.2,0.667,0.717,0.0,0.0,0.0,0.2,0.8,0.9,0.6,0.1,0.0,0.1,0.4,2.5,0.0,2024,5959021
Dyson Daniels,20.0,NOP,PG,61.0,16.0,22.3,2.3,5.1,0.447,0.7,2.2,0.311,1.6,2.9,0.551,0.514,0.6,0.9,0.642,1.0,2.9,3.9,2.7,1.4,0.4,1.0,1.7,5.8,0.0,2024,5784120
Eric Gordon,35.0,PHO,SG,68.0,24.0,27.8,4.0,9.1,0.443,2.2,5.8,0.378,1.8,3.3,0.561,0.565,0.8,0.9,0.797,0.2,1.6,1.8,2.0,1.0,0.4,1.1,1.2,11.0,0.0,2024,20917902
Eugene Omoruyi,26.0,WAS,SF,43.0,0.0,9.1,1.9,3.9,0.485,0.3,1.1,0.283,1.6,2.8,0.562,0.524,0.7,1.1,0.653,0.8,1.2,2.0,0.8,0.6,0.1,0.5,1.4,4.8,0.0,2024,1927896
Evan Fournier,31.0,DET,SG,32.0,0.0,18.1,2.5,6.9,0.357,1.0,4.1,0.254,1.4,2.8,0.505,0.432,0.9,1.1,0.806,0.2,1.7,1.8,1.5,0.9,0.2,0.7,1.5,6.9,0.0,2024,18857143
Evan Mobley,22.0,CLE,PF,50.0,50.0,30.6,6.4,11.0,0.58,0.4,1.2,0.373,6.0,9.9,0.604,0.6,2.5,3.4,0.719,2.2,7.1,9.4,3.2,0.9,1.4,1.8,2.7,15.7,0.0,2024,8882640
Franz Wagner,22.0,ORL,SF,72.0,72.0,32.5,7.3,15.2,0.482,1.3,4.6,0.281,6.0,10.6,0.57,0.525,3.8,4.4,0.85,1.0,4.3,5.3,3.7,1.1,0.4,1.9,2.3,19.7,0.0,2024,5508720
Fred VanVleet,29.0,HOU,PG,73.0,73.0,36.8,5.8,13.9,0.416,3.1,8.0,0.387,2.7,5.9,0.454,0.527,2.7,3.1,0.86,0.5,3.4,3.8,8.1,1.4,0.8,1.7,2.5,17.4,0.0,2024,22824074
Furkan Korkmaz,26.0,PHI,SG,35.0,0.0,8.6,0.9,2.2,0.395,0.4,1.1,0.35,0.5,1.0,0.444,0.487,0.4,0.6,0.7,0.1,0.7,0.9,0.7,0.4,0.1,0.3,0.5,2.5,0.0,2024,5370370
Garrett Temple,37.0,TOR,SG,27.0,2.0,10.7,1.1,2.9,0.372,0.4,1.5,0.3,0.6,1.4,0.447,0.449,0.7,0.8,0.818,0.7,1.0,1.7,1.0,0.4,0.1,0.5,1.0,3.3,0.0,2024,5401000
Garrison Mathews,27.0,ATL,SG,66.0,5.0,15.0,1.6,3.4,0.456,1.3,2.9,0.44,0.3,0.5,0.545,0.644,0.5,0.6,0.81,0.3,1.1,1.4,0.6,0.3,0.1,0.3,1.7,4.9,0.0,2024,2000000
Gary Harris,29.0,ORL,SG,54.0,27.0,24.0,2.4,5.5,0.441,1.4,3.8,0.371,1.0,1.7,0.598,0.569,0.6,0.8,0.756,0.4,1.2,1.7,1.6,0.9,0.3,0.6,1.7,6.9,0.0,2024,13000000
Gary Payton II,31.0,GSW,SG,44.0,0.0,15.5,2.3,4.2,0.563,0.5,1.3,0.364,1.9,2.9,0.648,0.617,0.3,0.5,0.609,1.0,1.5,2.6,1.1,0.9,0.4,0.6,1.8,5.5,0.0,2024,8715000
Giannis Antetokounmpo,29.0,MIL,PF,73.0,73.0,35.2,11.5,18.8,0.611,0.5,1.7,0.274,11.0,17.1,0.645,0.624,7.0,10.7,0.657,2.7,8.8,11.5,6.5,1.2,1.1,3.4,2.9,30.4,0.0,2024,45640084
Goga Bitadze,24.0,ORL,C,62.0,33.0,15.4,2.0,3.4,0.603,0.0,0.2,0.143,2.0,3.1,0.636,0.608,0.9,1.4,0.655,1.8,2.9,4.6,1.3,0.5,1.2,0.7,1.7,5.0,0.0,2024,2066585
Gordon Hayward,33.0,OKC,SF,51.0,28.0,24.4,3.7,7.9,0.464,0.7,1.8,0.411,2.9,6.1,0.479,0.51,1.7,2.4,0.742,0.7,2.8,3.5,3.1,0.8,0.3,1.3,1.3,9.8,0.0,2024,31500000
Grant Williams,25.0,CHO,PF,76.0,43.0,28.0,3.6,8.0,0.456,1.7,4.4,0.375,2.0,3.5,0.558,0.56,1.4,1.8,0.757,1.1,3.1,4.2,2.3,0.6,0.5,1.4,3.0,10.3,0.0,2024,6235494
Grayson Allen,28.0,PHO,SG,75.0,74.0,33.5,4.5,9.1,0.499,2.7,5.9,0.461,1.8,3.2,0.57,0.649,1.7,2.0,0.878,0.6,3.3,3.9,3.0,0.9,0.6,1.3,2.1,13.5,0.0,2024,8925000
Haywood Highsmith,27.0,MIA,PF,66.0,26.0,20.7,2.3,5.0,0.465,1.2,2.9,0.396,1.2,2.1,0.562,0.581,0.3,0.5,0.639,1.0,2.2,3.2,1.1,0.8,0.5,0.5,1.8,6.1,0.0,2024,1902137
Ibou Badji,21.0,POR,C,22.0,1.0,10.3,0.6,1.0,0.636,0.0,0.0,0.0,0.6,1.0,0.636,0.636,0.3,0.5,0.5,0.9,1.4,2.3,0.6,0.1,0.9,0.7,2.1,1.5,0.0,2024,1761752
Immanuel Quickley,24.0,TOR,SG,68.0,38.0,29.2,5.7,13.1,0.434,2.5,6.4,0.395,3.2,6.8,0.471,0.53,3.1,3.6,0.853,0.3,3.6,3.8,4.9,0.7,0.1,1.5,1.8,17.0,0.0,2024,4171548
Isaac Okoro,23.0,CLE,SF,69.0,42.0,27.3,3.4,7.0,0.49,1.2,3.1,0.391,2.2,3.8,0.57,0.577,1.3,2.0,0.679,1.0,2.0,3.0,1.9,0.8,0.5,0.8,2.0,9.4,0.0,2024,8920794
Isaiah Hartenstein,25.0,NYK,C,75.0,49.0,25.3,3.1,4.9,0.644,0.0,0.0,0.333,3.1,4.8,0.646,0.645,1.5,2.1,0.707,3.3,5.1,8.3,2.5,1.2,1.1,1.2,2.8,7.8,0.0,2024,9245121
Isaiah Jackson,22.0,IND,C,59.0,3.0,13.1,2.6,3.9,0.665,0.0,0.1,0.0,2.6,3.9,0.677,0.665,1.2,1.7,0.716,1.6,2.4,4.0,0.8,0.6,1.0,0.7,2.3,6.5,0.0,2024,2696280
Isaiah Joe,24.0,OKC,SG,78.0,1.0,18.5,2.8,6.2,0.458,1.9,4.5,0.416,1.0,1.7,0.568,0.609,0.6,0.7,0.865,0.4,1.9,2.3,1.3,0.6,0.3,0.6,1.1,8.2,0.0,2024,1997238
Isaiah Livers,25.0,DET,PF,23.0,6.0,20.4,1.7,5.0,0.345,1.0,3.3,0.286,0.8,1.7,0.462,0.44,0.5,0.8,0.667,0.7,1.4,2.1,1.1,0.6,0.2,0.7,1.9,5.0,0.0,2024,1836096
Isaiah Mobley,24.0,CLE,PF,10.0,0.0,7.2,1.0,2.4,0.417,0.3,1.0,0.3,0.7,1.4,0.5,0.479,0.0,0.1,0.0,0.3,0.7,1.0,0.6,0.2,0.0,0.2,0.6,2.3,0.0,2024,1761752
Isaiah Stewart,22.0,DET,PF,46.0,45.0,30.9,4.0,8.3,0.487,1.5,3.8,0.383,2.6,4.5,0.575,0.575,1.4,1.8,0.753,1.6,5.0,6.6,1.6,0.4,0.8,1.4,2.2,10.9,0.0,2024,5266713
Ivica Zubac,26.0,LAC,C,68.0,68.0,26.4,5.0,7.6,0.649,0.0,0.0,0.0,5.0,7.6,0.649,0.649,1.8,2.4,0.723,2.9,6.3,9.2,1.4,0.3,1.2,1.2,2.6,11.7,0.0,2024,10933333
JD Davison,21.0,BOS,SG,8.0,0.0,4.9,0.6,1.5,0.417,0.4,0.9,0.429,0.3,0.6,0.4,0.542,0.4,0.5,0.75,0.3,1.0,1.3,1.3,0.1,0.1,0.3,0.5,2.0,0.0,2024,1761752
JT Thor,21.0,CHO,PF,63.0,3.0,12.4,1.3,2.9,0.437,0.4,1.3,0.346,0.8,1.6,0.51,0.514,0.2,0.3,0.55,0.7,1.6,2.3,0.5,0.2,0.4,0.2,1.0,3.2,0.0,2024,1836096
Ja Morant,24.0,MEM,PG,9.0,9.0,35.3,8.9,18.9,0.471,1.6,5.7,0.275,7.3,13.2,0.555,0.512,5.8,7.1,0.813,0.7,4.9,5.6,8.1,0.8,0.6,3.0,2.1,25.1,0.0,2024,33500000
JaVale McGee,36.0,SAC,C,46.0,0.0,7.4,1.7,2.9,0.598,0.0,0.2,0.143,1.7,2.7,0.624,0.602,0.6,1.0,0.578,0.9,1.8,2.7,0.4,0.3,0.4,0.7,1.0,4.0,0.0,2024,5734280
Jabari Walker,21.0,POR,PF,72.0,23.0,23.6,3.3,7.1,0.46,0.6,1.9,0.295,2.7,5.1,0.522,0.5,1.8,2.4,0.754,2.1,5.0,7.1,1.0,0.6,0.3,0.9,2.4,8.9,0.0,2024,1719864
Jack White,26.0,MEM,SF,4.0,0.0,16.0,0.5,4.0,0.125,0.5,2.5,0.2,0.0,1.5,0.0,0.188,0.0,0.0,0.0,1.0,2.0,3.0,0.3,1.0,0.3,0.5,0.8,1.5,0.0,2024,1761752
Jacob Gilyard,25.0,BRK,PG,41.0,14.0,17.0,1.5,3.7,0.4,1.2,3.1,0.405,0.2,0.6,0.375,0.57,0.0,0.0,1.0,0.2,0.9,1.1,3.3,0.8,0.1,0.7,1.0,4.2,0.0,2024,547349
Jaden Hardy,21.0,DAL,SG,73.0,7.0,13.5,2.7,6.6,0.407,1.1,3.1,0.362,1.6,3.5,0.447,0.492,0.8,1.0,0.776,0.3,1.5,1.8,1.5,0.3,0.1,0.8,1.1,7.3,0.0,2024,1719864
Jaden Ivey,21.0,DET,SG,77.0,61.0,28.8,5.4,12.6,0.429,1.6,4.8,0.336,3.8,7.8,0.485,0.492,2.9,3.9,0.749,1.1,2.3,3.4,3.8,0.7,0.5,2.5,2.6,15.4,0.0,2024,7614480
Jaden McDaniels,23.0,MIN,SF,72.0,71.0,29.2,4.3,8.7,0.489,1.2,3.5,0.337,3.1,5.2,0.592,0.557,0.8,1.1,0.722,0.8,2.3,3.1,1.4,0.9,0.6,1.2,3.0,10.5,0.0,2024,3901399
Jaden Springer,21.0,BOS,SG,49.0,2.0,10.3,1.2,3.0,0.399,0.2,1.0,0.208,1.0,2.0,0.49,0.432,0.7,0.9,0.833,0.7,0.9,1.6,0.9,0.7,0.3,0.7,1.3,3.3,0.0,2024,2226240
Jae'Sean Tate,28.0,HOU,SF,65.0,9.0,15.9,1.7,3.5,0.472,0.4,1.2,0.299,1.3,2.3,0.559,0.522,0.4,0.6,0.667,0.9,2.1,3.0,1.0,0.6,0.2,0.6,2.1,4.1,0.0,2024,6500000
Jake LaRavia,22.0,MEM,PF,35.0,6.0,23.0,3.4,8.7,0.389,1.5,4.5,0.34,1.9,4.2,0.442,0.477,2.6,3.1,0.826,1.5,2.2,3.7,1.7,0.8,0.3,1.3,2.0,10.8,0.0,2024,3199920
Jalen Brunson,27.0,NYK,PG,77.0,77.0,35.4,10.3,21.4,0.479,2.7,6.8,0.401,7.5,14.6,0.516,0.543,5.5,6.5,0.847,0.6,3.1,3.6,6.7,0.9,0.2,2.4,1.9,28.7,0.0,2024,26346666
Jalen Duren,20.0,DET,C,61.0,60.0,29.1,5.7,9.2,0.619,0.0,0.1,0.0,5.7,9.2,0.623,0.619,2.3,3.0,0.79,3.1,8.5,11.6,2.4,0.5,0.8,2.1,3.1,13.8,0.0,2024,4330680
Jalen Green,21.0,HOU,SG,82.0,82.0,31.7,6.9,16.2,0.423,2.5,7.4,0.332,4.4,8.9,0.498,0.498,3.5,4.3,0.804,0.5,4.7,5.2,3.5,0.8,0.3,2.3,1.4,19.6,0.0,2024,9891480
Jalen Johnson,22.0,ATL,SF,56.0,52.0,33.7,6.4,12.5,0.511,1.3,3.6,0.355,5.1,9.0,0.574,0.562,1.9,2.6,0.728,1.3,7.4,8.7,3.6,1.2,0.8,1.8,2.4,16.0,0.0,2024,2925360
Jalen Smith,23.0,IND,C,61.0,14.0,17.2,3.8,6.5,0.592,1.0,2.4,0.424,2.8,4.1,0.689,0.67,1.2,1.7,0.692,1.8,3.7,5.5,1.0,0.3,0.6,0.7,2.0,9.9,0.0,2024,5043773
Jalen Suggs,22.0,ORL,SG,75.0,75.0,27.0,4.5,9.5,0.471,2.0,5.1,0.397,2.4,4.4,0.556,0.578,1.6,2.1,0.756,0.6,2.4,3.1,2.7,1.4,0.6,1.8,2.7,12.6,0.0,2024,7252080
Jalen Williams,22.0,OKC,PF,71.0,71.0,31.3,7.5,14.0,0.54,1.5,3.4,0.427,6.1,10.6,0.576,0.592,2.5,3.1,0.814,0.5,3.5,4.0,4.5,1.1,0.6,1.7,2.5,19.1,0.0,2024,4558680
Jamal Cain,24.0,MIA,PF,26.0,1.0,10.0,1.3,3.0,0.43,0.4,1.2,0.355,0.9,1.8,0.479,0.5,0.7,0.9,0.783,0.6,0.8,1.4,0.4,0.4,0.2,0.3,0.8,3.7,0.0,2024,1761752
Jamal Murray,26.0,DEN,PG,59.0,59.0,31.5,8.0,16.7,0.481,2.5,5.8,0.425,5.6,10.9,0.51,0.554,2.7,3.1,0.853,0.7,3.4,4.1,6.5,1.0,0.7,2.1,1.8,21.2,0.0,2024,33833400
James Bouknight,23.0,CHO,SG,14.0,0.0,5.8,1.3,2.9,0.439,0.9,2.1,0.433,0.4,0.8,0.455,0.598,0.1,0.1,0.5,0.1,0.6,0.6,0.4,0.1,0.1,0.1,0.2,3.6,0.0,2024,4570080
James Harden,34.0,LAC,PG,72.0,72.0,34.3,4.9,11.4,0.428,2.6,6.8,0.381,2.3,4.6,0.497,0.541,4.2,4.8,0.878,0.5,4.7,5.1,8.5,1.1,0.8,2.6,1.8,16.6,0.0,2024,35640000
James Wiseman,22.0,DET,C,63.0,6.0,17.3,3.0,4.8,0.613,0.0,0.0,0.0,3.0,4.8,0.617,0.613,1.1,1.6,0.706,1.7,3.6,5.3,0.9,0.2,0.6,1.0,2.2,7.1,0.0,2024,12119440
Jared Rhoden,24.0,DET,SG,17.0,0.0,14.4,1.9,3.9,0.5,0.7,1.8,0.387,1.2,2.1,0.6,0.591,0.3,0.5,0.625,0.2,1.8,1.9,0.8,0.2,0.8,0.4,1.6,4.9,0.0,2024,1761752
Jarred Vanderbilt,24.0,LAL,PF,29.0,6.0,20.0,2.0,3.9,0.518,0.3,0.9,0.296,1.8,3.0,0.586,0.553,0.8,1.2,0.667,1.4,3.3,4.8,1.2,1.2,0.2,1.0,1.5,5.2,0.0,2024,4698000
Jarrett Allen,25.0,CLE,C,77.0,77.0,31.7,6.7,10.6,0.634,0.0,0.1,0.0,6.7,10.6,0.638,0.634,3.0,4.1,0.742,3.2,7.4,10.5,2.7,0.7,1.1,1.6,1.9,16.5,0.0,2024,20000000
Jason Preston,24.0,UTA,PG,7.0,0.0,10.1,0.9,2.7,0.316,0.0,0.4,0.0,0.9,2.3,0.375,0.316,0.0,0.0,0.0,0.9,1.6,2.4,2.3,0.3,0.1,0.3,0.4,1.7,0.0,2024,1836096
Jaxson Hayes,23.0,LAL,C,70.0,5.0,12.5,1.8,2.5,0.72,0.0,0.1,0.0,1.8,2.4,0.754,0.72,0.7,1.2,0.622,1.0,2.0,3.0,0.5,0.5,0.4,0.6,1.8,4.3,0.0,2024,9170460
Jaylen Brown,27.0,BOS,SF,70.0,70.0,33.5,9.0,17.9,0.499,2.1,5.9,0.354,6.9,12.1,0.57,0.557,3.0,4.3,0.703,1.2,4.3,5.5,3.6,1.2,0.5,2.4,2.6,23.0,0.0,2024,31830357
Jaylin Williams,21.0,OKC,C,69.0,1.0,13.0,1.4,3.3,0.417,0.8,2.1,0.368,0.6,1.2,0.5,0.533,0.5,0.6,0.805,0.5,2.9,3.4,1.6,0.4,0.4,0.5,1.4,4.0,0.0,2024,2000000
Jayson Tatum,25.0,BOS,PF,74.0,74.0,35.7,9.1,19.3,0.471,3.1,8.2,0.376,6.0,11.0,0.542,0.552,5.6,6.7,0.833,0.9,7.2,8.1,4.9,1.0,0.6,2.5,2.0,26.9,0.0,2024,32600060
Jeremiah Robinson-Earl,23.0,NOP,PF,39.0,1.0,8.6,1.2,2.4,0.474,0.3,1.0,0.333,0.8,1.4,0.571,0.542,0.3,0.4,0.75,0.6,1.4,1.9,0.5,0.3,0.1,0.4,0.6,2.9,0.0,2024,1900000
Jeremy Sochan,20.0,SAS,PF,74.0,73.0,29.6,4.6,10.5,0.438,0.9,3.1,0.308,3.6,7.4,0.492,0.483,1.5,1.9,0.771,1.9,4.6,6.4,3.4,0.8,0.5,1.9,2.3,11.6,0.0,2024,5316960
Jericho Sims,25.0,NYK,C,45.0,11.0,13.0,0.8,1.2,0.691,0.0,0.0,0.0,0.8,1.2,0.691,0.691,0.4,0.5,0.667,1.2,2.0,3.3,0.6,0.2,0.4,0.4,1.0,2.0,0.0,2024,1927896
Jevon Carter,28.0,CHI,PG,72.0,0.0,13.9,1.9,5.1,0.378,1.1,3.3,0.329,0.8,1.8,0.466,0.484,0.1,0.1,0.571,0.2,0.7,0.8,1.3,0.5,0.2,0.5,1.0,5.0,0.0,2024,2239943
Jimmy Butler,34.0,MIA,PF,60.0,60.0,34.0,6.6,13.2,0.499,1.0,2.4,0.414,5.6,10.8,0.519,0.537,6.6,7.7,0.858,1.8,3.6,5.3,5.0,1.3,0.3,1.7,1.1,20.8,0.0,2024,45183960
Joe Harris,32.0,DET,SG,16.0,0.0,10.6,0.9,2.4,0.359,0.6,1.9,0.333,0.3,0.6,0.444,0.487,0.1,0.1,0.5,0.2,0.6,0.8,0.6,0.2,0.1,0.3,1.2,2.4,0.0,2024,19928571
Joel Embiid,29.0,PHI,C,39.0,39.0,33.6,11.5,21.8,0.529,1.4,3.6,0.388,10.2,18.3,0.556,0.561,10.2,11.6,0.883,2.4,8.6,11.0,5.6,1.2,1.7,3.8,2.9,34.7,0.0,2024,46900000
John Collins,26.0,UTA,PF,68.0,66.0,28.0,5.8,11.0,0.532,1.3,3.4,0.371,4.6,7.6,0.605,0.59,2.2,2.7,0.795,2.3,6.1,8.5,1.1,0.6,0.9,1.4,2.8,15.1,0.0,2024,25340000
John Konchar,27.0,MEM,SF,55.0,23.0,21.3,1.6,3.8,0.423,0.7,2.2,0.317,0.9,1.6,0.568,0.514,0.4,0.5,0.84,1.3,3.4,4.7,2.0,0.9,0.9,0.8,1.4,4.3,0.0,2024,2400000
Johnny Davis,21.0,WAS,SG,50.0,6.0,12.3,1.2,3.1,0.403,0.3,0.8,0.35,1.0,2.3,0.421,0.448,0.3,0.5,0.583,0.4,1.1,1.4,0.6,0.4,0.2,0.3,1.1,3.0,0.0,2024,5050800
Johnny Juzang,22.0,UTA,SG,20.0,5.0,18.6,2.6,5.5,0.464,1.6,3.9,0.416,1.0,1.7,0.576,0.609,0.5,0.7,0.714,0.4,1.5,1.8,1.2,0.2,0.1,0.7,1.5,7.2,0.0,2024,1761752
Jonas Valanciunas,31.0,NOP,C,82.0,82.0,23.5,4.9,8.8,0.559,0.5,1.5,0.308,4.5,7.3,0.609,0.585,2.0,2.5,0.785,2.3,6.5,8.8,2.1,0.4,0.8,1.4,2.7,12.2,0.0,2024,15435000
Jonathan Isaac,26.0,ORL,PF,58.0,2.0,15.8,2.5,4.9,0.51,0.7,1.9,0.375,1.8,3.0,0.598,0.584,1.0,1.4,0.72,1.3,3.2,4.5,0.5,0.7,1.2,0.5,1.1,6.8,0.0,2024,17400000
Jonathan Kuminga,21.0,GSW,PF,74.0,46.0,26.3,6.2,11.6,0.529,0.7,2.2,0.321,5.4,9.4,0.578,0.56,3.0,4.0,0.746,1.2,3.6,4.8,2.2,0.7,0.5,1.6,2.3,16.1,0.0,2024,6012840
Jordan Clarkson,31.0,UTA,SG,55.0,19.0,30.6,6.1,14.8,0.413,1.7,5.6,0.294,4.5,9.2,0.485,0.469,3.2,3.7,0.881,0.9,2.5,3.4,5.0,0.6,0.1,2.7,1.5,17.1,0.0,2024,14260000
Jordan Goodwin,25.0,MEM,PG,57.0,12.0,18.5,2.5,6.7,0.369,0.7,2.5,0.298,1.7,4.2,0.411,0.424,0.8,1.0,0.746,1.5,2.9,4.4,2.7,0.8,0.3,1.0,1.3,6.5,0.0,2024,1927896
Jordan McLaughlin,27.0,MIN,PG,56.0,0.0,11.2,1.3,2.6,0.483,0.8,1.6,0.472,0.5,1.0,0.5,0.628,0.2,0.3,0.722,0.3,1.0,1.3,2.0,0.6,0.1,0.3,0.6,3.5,0.0,2024,2320000
Jordan Nwora,25.0,TOR,SF,52.0,1.0,13.7,2.7,5.8,0.462,0.8,2.5,0.336,1.8,3.2,0.56,0.535,0.8,1.0,0.83,0.5,2.3,2.9,1.2,0.5,0.3,1.0,0.9,7.0,0.0,2024,3000000
Jordan Poole,24.0,WAS,SG,78.0,66.0,30.1,6.3,15.2,0.413,2.4,7.2,0.326,3.9,8.0,0.492,0.491,2.5,2.8,0.877,0.4,2.3,2.7,4.4,1.1,0.3,2.4,3.1,17.4,0.0,2024,27955357
Jose Alvarado,25.0,NOP,PG,56.0,0.0,18.4,2.5,6.2,0.412,1.4,3.7,0.377,1.1,2.5,0.464,0.525,0.6,0.9,0.673,0.4,1.8,2.3,2.1,1.1,0.3,0.7,1.6,7.1,0.0,2024,1836096
Josh Giddey,21.0,OKC,SG,80.0,80.0,25.1,5.0,10.6,0.475,1.0,3.0,0.337,4.0,7.6,0.53,0.523,1.3,1.6,0.806,1.4,5.0,6.4,4.8,0.6,0.6,2.1,1.4,12.3,0.0,2024,6587040
Josh Green,23.0,DAL,SG,57.0,33.0,26.4,3.1,6.6,0.479,1.3,3.3,0.385,1.9,3.3,0.572,0.575,0.7,1.0,0.684,0.7,2.5,3.2,2.3,0.8,0.2,1.1,1.9,8.2,0.0,2024,4765339
Josh Hart,28.0,NYK,SF,81.0,42.0,33.4,3.6,8.4,0.434,1.0,3.2,0.31,2.7,5.2,0.511,0.493,1.1,1.4,0.791,1.6,6.8,8.3,4.1,0.9,0.3,1.5,2.1,9.4,0.0,2024,12960000
Josh Minott,21.0,MIN,SF,32.0,0.0,2.8,0.5,1.1,0.472,0.1,0.3,0.4,0.4,0.8,0.5,0.528,0.4,0.4,0.857,0.1,0.4,0.5,0.3,0.2,0.2,0.1,0.3,1.6,0.0,2024,1719864
Jrue Holiday,33.0,BOS,PG,69.0,69.0,32.8,4.8,10.0,0.48,2.0,4.7,0.429,2.8,5.3,0.526,0.581,0.9,1.0,0.833,1.2,4.2,5.4,4.8,0.9,0.8,1.8,1.6,12.5,0.0,2024,36861707
Julian Champagnie,22.0,SAS,SF,74.0,59.0,19.8,2.2,5.4,0.408,1.4,3.7,0.365,0.9,1.7,0.504,0.534,1.0,1.2,0.815,0.6,2.2,2.8,1.4,0.6,0.6,0.8,1.0,6.8,0.0,2024,1761752
Julius Randle,29.0,NYK,PF,46.0,46.0,35.4,8.6,18.2,0.472,1.7,5.3,0.311,6.9,12.9,0.539,0.518,5.1,6.6,0.781,2.2,7.0,9.2,5.0,0.5,0.3,3.5,2.7,24.0,0.0,2024,25660800
Justin Champagnie,22.0,WAS,SF,15.0,1.0,15.7,2.1,5.2,0.41,0.9,3.0,0.289,1.3,2.2,0.576,0.494,0.8,1.0,0.8,1.3,2.3,3.5,1.3,0.7,0.6,0.7,0.9,5.9,0.0,2024,1927896
Jusuf Nurkic,29.0,PHO,C,76.0,76.0,27.3,4.2,8.3,0.51,0.3,1.2,0.244,3.9,7.1,0.555,0.528,2.2,3.4,0.64,2.9,8.1,11.0,4.0,1.1,1.1,2.3,3.3,10.9,0.0,2024,16875000
KJ Martin,23.0,PHI,SF,60.0,2.0,12.4,1.6,3.0,0.536,0.1,0.5,0.286,1.5,2.6,0.582,0.558,0.4,0.7,0.537,0.7,1.5,2.2,0.9,0.4,0.2,0.5,1.7,3.7,0.0,2024,1930681
Karl-Anthony Towns,28.0,MIN,PF,62.0,62.0,32.7,7.7,15.3,0.504,2.2,5.3,0.416,5.5,10.1,0.55,0.575,4.1,4.7,0.873,1.5,6.8,8.3,3.0,0.7,0.7,2.9,3.3,21.8,0.0,2024,36016200
Kawhi Leonard,32.0,LAC,SF,68.0,68.0,34.3,9.0,17.1,0.525,2.1,4.9,0.417,6.9,12.1,0.569,0.585,3.7,4.2,0.885,1.2,4.9,6.1,3.6,1.6,0.9,1.8,1.4,23.7,0.0,2024,45640084
Keegan Murray,23.0,SAC,SF,77.0,77.0,33.6,5.8,12.7,0.454,2.4,6.6,0.358,3.4,6.0,0.56,0.548,1.3,1.6,0.831,1.4,4.1,5.5,1.7,1.0,0.8,0.8,2.7,15.2,0.0,2024,8409000
Keldon Johnson,24.0,SAS,SF,69.0,27.0,29.5,5.7,12.5,0.454,1.8,5.3,0.346,3.8,7.2,0.533,0.527,2.5,3.2,0.792,1.4,4.1,5.5,2.8,0.7,0.3,1.4,2.2,15.7,0.0,2024,20000000
Kelly Olynyk,32.0,TOR,C,78.0,27.0,22.6,3.5,6.4,0.555,0.8,2.0,0.387,2.8,4.4,0.632,0.616,1.9,2.3,0.833,1.4,3.9,5.3,4.4,0.9,0.4,1.9,2.9,9.8,0.0,2024,12195122
Kendall Brown,20.0,IND,SG,15.0,0.0,4.2,0.5,1.0,0.533,0.0,0.1,0.0,0.5,0.9,0.615,0.533,0.3,0.5,0.625,0.2,0.1,0.3,0.3,0.0,0.0,0.1,0.6,1.4,0.0,2024,1761752
Kenrich Williams,29.0,OKC,PF,69.0,1.0,14.9,1.9,4.1,0.468,0.8,2.0,0.397,1.1,2.0,0.54,0.568,0.1,0.2,0.5,0.9,2.1,3.0,1.3,0.6,0.1,0.5,1.5,4.7,0.0,2024,6175000
Kentavious Caldwell-Pope,30.0,DEN,SG,76.0,76.0,31.6,3.6,7.7,0.46,1.6,4.1,0.406,1.9,3.7,0.52,0.566,1.3,1.5,0.894,0.4,2.0,2.4,2.4,1.3,0.6,1.0,2.0,10.1,0.0,2024,14704938
Keon Ellis,24.0,SAC,SG,57.0,21.0,17.2,1.9,4.1,0.461,1.2,2.9,0.417,0.6,1.1,0.578,0.612,0.5,0.6,0.743,0.6,1.6,2.2,1.5,0.9,0.5,0.6,2.0,5.4,0.0,2024,1761752
Keon Johnson,21.0,BRK,SG,5.0,0.0,12.2,1.6,4.2,0.381,0.8,2.0,0.4,0.8,2.2,0.364,0.476,2.2,2.4,0.917,0.6,0.8,1.4,0.6,0.6,0.2,1.0,1.0,6.2,0.0,2024,2808720
Kessler Edwards,23.0,SAC,SF,54.0,0.0,5.1,0.6,1.5,0.415,0.4,1.0,0.385,0.3,0.6,0.467,0.537,0.1,0.2,0.556,0.2,0.6,0.8,0.3,0.2,0.1,0.1,0.5,1.7,0.0,2024,1927896
Kevin Durant,35.0,PHO,PF,75.0,75.0,37.2,10.0,19.1,0.523,2.2,5.4,0.413,7.8,13.7,0.567,0.581,4.8,5.6,0.856,0.5,6.1,6.6,5.0,0.9,1.2,3.3,1.8,27.1,0.0,2024,47649433
Kevin Huerter,25.0,SAC,SG,64.0,59.0,24.4,3.9,8.8,0.443,1.9,5.3,0.361,2.0,3.4,0.571,0.553,0.6,0.7,0.766,0.6,2.9,3.5,2.6,0.7,0.4,0.8,2.1,10.2,0.0,2024,15669643
Kevin Knox,24.0,DET,SF,31.0,11.0,18.1,2.8,6.0,0.462,1.0,3.0,0.33,1.8,3.0,0.598,0.546,0.6,0.7,0.909,0.6,1.8,2.4,0.7,0.4,0.2,0.7,1.6,7.2,0.0,2024,3000000
Kevon Harris,26.0,ORL,SG,2.0,0.0,3.0,1.0,1.5,0.667,0.0,0.0,0.0,1.0,1.5,0.667,0.667,0.0,0.0,0.0,0.0,1.0,1.0,0.5,0.0,0.0,0.5,1.5,2.0,0.0,2024,547349
Kevon Looney,27.0,GSW,C,74.0,36.0,16.1,1.9,3.1,0.597,0.0,0.0,0.0,1.9,3.1,0.599,0.597,0.8,1.1,0.675,1.9,3.7,5.7,1.8,0.4,0.4,0.7,2.1,4.5,0.0,2024,8500000
Khris Middleton,32.0,MIL,SF,55.0,55.0,27.0,5.8,11.7,0.493,1.7,4.5,0.381,4.1,7.2,0.563,0.566,1.8,2.2,0.833,0.7,3.9,4.7,5.3,0.9,0.3,2.3,2.6,15.1,0.0,2024,40396552
Killian Hayes,22.0,DET,PG,42.0,31.0,24.0,2.8,6.7,0.413,0.5,1.8,0.297,2.3,5.0,0.455,0.452,0.8,1.2,0.66,0.3,2.6,2.8,4.9,0.9,0.5,1.2,1.8,6.9,0.0,2024,7413955
Klay Thompson,33.0,GSW,SF,77.0,63.0,29.7,6.4,14.7,0.432,3.5,9.0,0.387,2.9,5.7,0.503,0.551,1.6,1.8,0.927,0.5,2.8,3.3,2.3,0.6,0.5,1.5,1.6,17.9,0.0,2024,43219440
Kobi Simmons,26.0,TOR,PG,4.0,0.0,16.8,2.3,5.3,0.429,0.5,2.0,0.25,1.8,3.3,0.538,0.476,0.0,0.0,0.0,0.3,1.5,1.8,3.0,1.5,0.5,0.3,1.3,5.0,0.0,2024,2066585
Kris Dunn,29.0,UTA,PG,66.0,32.0,18.9,2.2,4.7,0.47,0.6,1.7,0.369,1.6,3.1,0.525,0.535,0.3,0.5,0.688,0.8,2.1,2.9,3.8,1.0,0.4,1.2,2.0,5.4,0.0,2024,2586484
Kristaps Porzingis,28.0,BOS,C,57.0,57.0,29.6,6.8,13.2,0.516,1.9,5.1,0.375,4.9,8.1,0.606,0.589,4.5,5.3,0.858,1.7,5.5,7.2,2.0,0.7,1.9,1.6,2.7,20.1,0.0,2024,36016200
Kyle Anderson,30.0,MIN,PF,79.0,10.0,22.6,2.5,5.5,0.46,0.1,0.6,0.229,2.4,4.9,0.488,0.472,1.2,1.7,0.708,0.8,2.7,3.5,4.2,0.9,0.6,1.2,1.6,6.4,0.0,2024,9219512
Kyle Kuzma,28.0,WAS,PF,70.0,70.0,32.6,8.7,18.8,0.463,2.2,6.4,0.336,6.5,12.3,0.53,0.521,2.7,3.4,0.775,0.9,5.7,6.6,4.2,0.5,0.7,2.7,2.2,22.2,0.0,2024,13000000
Kyle Lowry,37.0,PHI,PG,60.0,55.0,28.2,2.7,6.3,0.432,1.6,4.2,0.392,1.1,2.1,0.512,0.562,1.1,1.3,0.84,0.6,2.7,3.2,4.2,1.0,0.4,1.4,2.4,8.1,0.0,2024,29682540
LaMelo Ball,22.0,CHO,PG,22.0,22.0,32.3,8.3,19.2,0.433,3.2,9.0,0.355,5.1,10.3,0.5,0.515,4.1,4.7,0.865,1.3,3.8,5.1,8.0,1.8,0.2,3.8,3.6,23.9,0.0,2024,10900635
Lamar Stevens,26.0,MEM,PF,38.0,3.0,14.7,2.8,6.3,0.45,0.4,1.2,0.304,2.5,5.1,0.485,0.479,1.1,1.4,0.778,0.9,2.4,3.3,0.7,0.6,0.6,0.6,1.2,7.2,0.0,2024,1930681
Landry Shamet,26.0,WAS,SG,46.0,5.0,15.8,2.6,6.0,0.431,1.2,3.4,0.338,1.4,2.5,0.556,0.527,0.8,1.0,0.826,0.3,1.0,1.3,1.2,0.5,0.2,0.7,1.7,7.1,0.0,2024,10250000
Lauri Markkanen,26.0,UTA,PF,55.0,55.0,33.1,7.8,16.2,0.48,3.2,8.0,0.399,4.6,8.2,0.559,0.578,4.5,5.0,0.899,2.2,5.9,8.2,2.0,0.9,0.5,1.4,1.8,23.2,0.0,2024,17259999
LeBron James,39.0,LAL,PF,71.0,71.0,35.3,9.6,17.9,0.54,2.1,5.1,0.41,7.5,12.8,0.592,0.599,4.3,5.7,0.75,0.9,6.4,7.3,8.3,1.3,0.5,3.5,1.1,25.7,0.0,2024,46698737
Lindell Wigginton,25.0,MIL,PG,3.0,0.0,2.7,0.7,1.7,0.4,0.0,0.7,0.0,0.7,1.0,0.667,0.4,0.7,0.7,1.0,0.0,0.0,0.0,0.0,0.0,0.0,0.3,0.3,2.0,0.0,2024,547349
Lindy Waters III,26.0,OKC,SG,38.0,0.0,7.4,1.3,2.7,0.471,1.0,2.2,0.435,0.3,0.5,0.632,0.649,0.1,0.1,1.0,0.2,0.9,1.1,0.6,0.1,0.2,0.2,0.6,3.6,0.0,2024,1927896
Luguentz Dort,24.0,OKC,SF,79.0,79.0,28.4,3.6,8.3,0.438,2.0,5.0,0.394,1.7,3.3,0.506,0.557,1.6,2.0,0.826,0.9,2.7,3.6,1.4,0.9,0.6,0.9,2.9,10.9,0.0,2024,15277778
Luka Doncic,24.0,DAL,PG,70.0,70.0,37.5,11.5,23.6,0.487,4.1,10.6,0.382,7.4,13.0,0.573,0.573,6.8,8.7,0.786,0.8,8.4,9.2,9.8,1.4,0.5,4.0,2.1,33.9,0.0,2024,40064220
Luka Garza,25.0,MIN,C,25.0,0.0,4.9,1.4,3.0,0.48,0.4,1.3,0.281,1.1,1.7,0.628,0.54,0.7,1.0,0.72,0.8,0.5,1.2,0.2,0.2,0.0,0.2,1.0,4.0,0.0,2024,1761752
Luka Samanic,24.0,UTA,PF,43.0,7.0,9.4,1.4,3.7,0.38,0.3,1.5,0.203,1.1,2.2,0.5,0.421,1.0,1.3,0.786,0.5,1.9,2.4,0.4,0.1,0.2,0.7,0.7,4.1,0.0,2024,2066585
Luke Kennard,27.0,MEM,SG,39.0,22.0,25.6,3.6,8.1,0.448,2.7,6.1,0.45,0.9,2.0,0.442,0.617,1.0,1.2,0.889,0.3,2.6,2.9,3.5,0.5,0.1,1.4,1.0,11.0,0.0,2024,14763636
Luke Kornet,28.0,BOS,C,63.0,7.0,15.6,2.3,3.2,0.7,0.0,0.0,1.0,2.2,3.2,0.698,0.702,0.8,0.9,0.907,1.9,2.3,4.1,1.1,0.4,1.0,0.3,1.2,5.3,0.0,2024,2413304
Malachi Flynn,25.0,DET,PG,69.0,0.0,12.7,2.0,4.7,0.418,0.8,2.4,0.331,1.2,2.3,0.513,0.505,0.8,1.0,0.732,0.3,1.3,1.7,1.9,0.6,0.1,0.9,1.0,5.5,0.0,2024,3873024
Malaki Branham,20.0,SAS,PG,75.0,29.0,21.3,3.6,8.4,0.432,1.2,3.6,0.347,2.4,4.8,0.494,0.506,0.7,0.8,0.873,0.4,1.6,2.0,2.1,0.4,0.1,1.2,1.3,9.2,0.0,2024,3071880
Malcolm Brogdon,31.0,POR,PG,39.0,25.0,28.7,5.6,12.7,0.44,2.1,5.1,0.412,3.5,7.6,0.458,0.522,2.4,3.0,0.819,0.7,3.1,3.8,5.5,0.7,0.2,1.5,1.5,15.7,0.0,2024,22500000
Malik Beasley,27.0,MIL,SG,79.0,77.0,29.6,4.1,9.1,0.443,2.8,6.9,0.413,1.2,2.3,0.533,0.598,0.3,0.4,0.714,0.5,3.2,3.7,1.4,0.7,0.1,0.7,2.0,11.3,0.0,2024,16524106
Malik Monk,25.0,SAC,SG,72.0,0.0,26.0,5.5,12.4,0.443,2.1,5.9,0.35,3.4,6.5,0.528,0.526,2.4,2.8,0.829,0.4,2.6,2.9,5.1,0.6,0.5,2.1,2.2,15.4,0.0,2024,9945830
Mamadi Diakite,27.0,NYK,PF,6.0,0.0,4.0,0.7,1.0,0.667,0.0,0.2,0.0,0.7,0.8,0.8,0.667,0.7,1.0,0.667,0.2,0.5,0.7,0.3,0.2,0.2,0.2,0.3,2.0,0.0,2024,1761752
MarJon Beauchamp,23.0,MIL,SF,48.0,1.0,12.7,1.7,3.5,0.488,0.6,1.6,0.4,1.1,1.9,0.56,0.578,0.4,0.6,0.679,0.5,1.6,2.1,0.6,0.3,0.1,0.6,1.1,4.4,0.0,2024,2609400
Marcus Morris,34.0,CLE,PF,49.0,7.0,16.7,2.4,5.4,0.439,1.0,2.4,0.403,1.4,3.0,0.469,0.53,0.7,0.9,0.818,0.5,2.3,2.7,0.7,0.3,0.3,0.6,1.5,6.4,0.0,2024,17116279
Marcus Smart,29.0,MEM,PG,20.0,20.0,30.3,5.1,11.9,0.43,2.1,6.7,0.313,3.0,5.2,0.583,0.519,2.2,2.8,0.768,0.3,2.4,2.7,4.3,2.1,0.3,3.1,2.7,14.5,0.0,2024,18583713
Mark Williams,22.0,CHO,C,19.0,19.0,26.7,5.2,7.9,0.649,0.0,0.0,0.0,5.2,7.9,0.649,0.649,2.4,3.4,0.719,4.0,5.7,9.7,1.2,0.8,1.1,0.9,2.6,12.7,0.0,2024,3908160
Markelle Fultz,25.0,ORL,PG,43.0,18.0,21.2,3.6,7.6,0.472,0.1,0.4,0.222,3.5,7.2,0.487,0.479,0.5,0.8,0.697,1.3,1.9,3.2,2.8,1.0,0.3,1.2,1.5,7.8,0.0,2024,17000000
Matisse Thybulle,26.0,POR,SF,65.0,19.0,22.9,1.9,4.9,0.397,1.2,3.6,0.346,0.7,1.3,0.535,0.524,0.3,0.4,0.759,0.5,1.6,2.1,1.4,1.7,0.8,0.6,1.4,5.4,0.0,2024,6275861
Matt Ryan,26.0,NOP,SF,28.0,1.0,13.9,1.8,4.0,0.434,1.5,3.3,0.451,0.3,0.8,0.364,0.615,0.5,0.5,0.929,0.2,1.2,1.4,0.6,0.2,0.0,0.7,1.1,5.4,0.0,2024,1761752
Max Christie,20.0,LAL,SG,67.0,7.0,14.1,1.5,3.6,0.427,0.6,1.8,0.356,0.9,1.8,0.496,0.515,0.5,0.7,0.783,0.2,1.9,2.1,0.9,0.3,0.3,0.5,0.9,4.2,0.0,2024,1719864
Maxi Kleber,32.0,DAL,C,43.0,7.0,20.3,1.5,3.4,0.432,0.7,2.1,0.348,0.7,1.3,0.574,0.541,0.8,1.1,0.702,0.7,2.6,3.3,1.6,0.4,0.7,0.7,1.8,4.4,0.0,2024,11000000
Micah Potter,25.0,UTA,PF,16.0,0.0,11.6,1.2,2.5,0.475,0.6,1.3,0.429,0.6,1.2,0.526,0.588,0.4,0.5,0.75,0.6,2.1,2.7,0.4,0.3,0.4,0.3,0.9,3.3,0.0,2024,547349
Mikal Bridges,27.0,BRK,SF,82.0,82.0,34.8,6.9,15.8,0.436,2.7,7.2,0.372,4.2,8.6,0.49,0.521,3.1,3.9,0.814,0.8,3.7,4.5,3.6,1.0,0.4,2.0,1.4,19.6,0.0,2024,21700000
Mike Conley,36.0,MIN,PG,76.0,76.0,28.9,3.9,8.5,0.457,2.4,5.3,0.442,1.5,3.1,0.481,0.595,1.3,1.5,0.911,0.5,2.4,2.9,5.9,1.2,0.2,1.3,1.7,11.4,0.0,2024,24360000
Mike Muscala,32.0,OKC,C,53.0,6.0,11.3,1.1,2.9,0.359,0.5,1.8,0.292,0.5,1.1,0.467,0.449,0.3,0.5,0.68,0.7,1.6,2.4,0.7,0.2,0.2,0.4,1.0,3.0,0.0,2024,3500000
Miles McBride,23.0,NYK,PG,68.0,14.0,19.5,3.0,6.7,0.452,1.6,3.9,0.41,1.4,2.8,0.511,0.572,0.6,0.7,0.86,0.5,1.0,1.5,1.7,0.7,0.1,0.4,1.6,8.3,0.0,2024,1836096
Mitchell Robinson,25.0,NYK,C,31.0,21.0,24.8,2.4,4.1,0.575,0.0,0.0,0.0,2.4,4.1,0.575,0.575,0.9,2.1,0.409,4.6,3.9,8.5,0.6,1.2,1.1,0.8,1.8,5.6,0.0,2024,15681818
Mo Bamba,25.0,PHI,C,57.0,17.0,13.0,1.7,3.5,0.49,0.4,1.1,0.391,1.3,2.4,0.537,0.553,0.6,0.9,0.68,1.4,2.8,4.2,0.7,0.4,1.1,0.7,1.8,4.4,0.0,2024,10300000
Monte Morris,28.0,MIN,PG,33.0,0.0,14.4,1.9,4.6,0.405,0.8,2.1,0.386,1.1,2.5,0.422,0.493,0.4,0.6,0.684,0.2,1.5,1.7,2.1,0.6,0.3,0.2,0.4,5.0,0.0,2024,9800926
Moses Moody,21.0,GSW,SG,66.0,9.0,17.5,2.9,6.4,0.462,1.1,3.0,0.36,1.8,3.3,0.555,0.548,1.1,1.4,0.785,1.0,2.0,3.0,0.9,0.6,0.4,0.7,1.4,8.1,0.0,2024,3918480
Moussa Diabate,22.0,LAC,C,11.0,0.0,5.8,0.9,1.7,0.526,0.0,0.0,0.0,0.9,1.7,0.526,0.526,0.8,1.3,0.643,1.4,0.8,2.2,0.4,0.5,0.1,0.2,0.4,2.6,0.0,2024,1761752
Myles Turner,27.0,IND,C,77.0,77.0,27.0,6.2,11.8,0.524,1.5,4.2,0.358,4.7,7.6,0.615,0.587,3.2,4.1,0.773,1.5,5.5,6.9,1.3,0.5,1.9,1.4,3.0,17.1,0.0,2024,20975000
Naji Marshall,26.0,NOP,SF,66.0,1.0,19.0,2.6,5.6,0.463,0.9,2.3,0.387,1.7,3.3,0.516,0.542,1.0,1.3,0.791,0.8,2.8,3.6,1.9,0.7,0.2,1.0,1.4,7.1,0.0,2024,1930681
Nassir Little,23.0,PHO,SF,45.0,2.0,10.2,1.3,2.8,0.46,0.5,1.6,0.3,0.8,1.2,0.667,0.544,0.4,0.4,0.85,0.3,1.4,1.7,0.5,0.2,0.2,0.3,0.9,3.4,0.0,2024,6250000
Neemias Queta,24.0,BOS,C,28.0,0.0,11.9,2.4,3.7,0.644,0.0,0.0,0.0,2.4,3.7,0.644,0.644,0.7,1.0,0.714,1.9,2.5,4.4,0.7,0.5,0.8,0.5,1.8,5.5,0.0,2024,1761752
Nick Richards,26.0,CHO,C,67.0,51.0,26.3,3.9,5.6,0.691,0.0,0.0,0.0,3.9,5.6,0.693,0.691,2.0,2.7,0.737,2.6,5.5,8.0,0.8,0.4,1.1,1.1,2.6,9.7,0.0,2024,5000000
Nickeil Alexander-Walker,25.0,MIN,SG,82.0,20.0,23.4,2.9,6.6,0.439,1.6,4.1,0.391,1.3,2.5,0.517,0.56,0.6,0.8,0.8,0.4,1.6,2.0,2.5,0.8,0.5,0.9,1.7,8.0,0.0,2024,7073602
Nicolas Batum,35.0,PHI,PF,60.0,38.0,25.5,1.9,4.3,0.453,1.2,3.1,0.395,0.7,1.2,0.606,0.596,0.3,0.4,0.714,1.2,3.0,4.1,2.1,0.8,0.6,0.7,1.8,5.3,0.0,2024,11710818
Nikola Jokic,28.0,DEN,C,79.0,79.0,34.6,10.4,17.9,0.583,1.1,2.9,0.359,9.4,14.9,0.626,0.612,4.5,5.5,0.817,2.8,9.5,12.4,9.0,1.4,0.9,3.0,2.5,26.4,0.0,2024,46550000
Nikola Jovic,20.0,MIA,PF,46.0,38.0,19.5,2.8,6.1,0.452,1.4,3.5,0.399,1.3,2.6,0.525,0.568,0.7,1.0,0.702,0.5,3.6,4.2,2.0,0.5,0.3,0.9,1.8,7.7,0.0,2024,2352000
Norman Powell,30.0,LAC,SG,76.0,3.0,26.2,4.9,10.1,0.486,2.2,5.1,0.435,2.7,5.1,0.536,0.594,1.9,2.3,0.831,0.2,2.4,2.6,1.1,0.6,0.3,0.9,1.8,13.9,0.0,2024,18000000
OG Anunoby,26.0,NYK,SF,50.0,50.0,34.0,5.6,11.5,0.489,2.0,5.3,0.382,3.6,6.2,0.581,0.577,1.3,1.8,0.753,0.9,3.2,4.2,2.1,1.4,0.7,1.6,2.4,14.7,0.0,2024,18642857
Obi Toppin,25.0,IND,PF,82.0,28.0,21.1,4.0,7.1,0.573,1.2,3.1,0.403,2.8,4.0,0.706,0.661,0.9,1.2,0.77,1.0,2.9,3.9,1.6,0.6,0.5,0.8,1.7,10.3,0.0,2024,6803012
Ochai Agbaji,23.0,TOR,SG,78.0,28.0,21.0,2.3,5.6,0.411,0.8,2.7,0.294,1.5,2.8,0.523,0.483,0.5,0.7,0.661,0.9,1.8,2.8,1.1,0.6,0.6,0.8,1.5,5.8,0.0,2024,4114200
Onyeka Okongwu,23.0,ATL,C,55.0,8.0,25.5,4.1,6.6,0.611,0.4,1.3,0.333,3.6,5.4,0.676,0.642,1.7,2.1,0.793,2.6,4.2,6.8,1.3,0.5,1.1,0.8,2.9,10.2,0.0,2024,8109063
Orlando Robinson,23.0,MIA,C,36.0,7.0,8.4,1.0,2.0,0.5,0.2,0.4,0.533,0.8,1.6,0.491,0.556,0.5,0.7,0.76,0.8,1.6,2.3,0.9,0.2,0.2,0.5,1.0,2.8,0.0,2024,1761752
Ousmane Dieng,20.0,OKC,PF,33.0,0.0,11.1,1.5,3.5,0.422,0.6,2.1,0.3,0.8,1.4,0.609,0.513,0.4,0.5,0.875,0.3,1.2,1.5,1.1,0.2,0.2,0.6,0.7,4.0,0.0,2024,4798440
Paolo Banchero,21.0,ORL,PF,80.0,80.0,35.0,8.0,17.6,0.455,1.5,4.4,0.339,6.5,13.2,0.493,0.497,5.1,7.0,0.725,1.0,5.9,6.9,5.4,0.9,0.6,3.1,1.9,22.6,0.0,2024,11608080
Pascal Siakam,29.0,IND,PF,80.0,80.0,33.2,8.5,15.9,0.536,1.1,3.1,0.346,7.5,12.8,0.581,0.569,3.6,5.0,0.732,1.7,5.3,7.1,4.3,0.8,0.3,1.8,2.4,21.7,0.0,2024,37893408
Pat Connaughton,31.0,MIL,SF,76.0,3.0,22.1,2.0,4.6,0.435,1.1,3.1,0.345,0.9,1.4,0.633,0.553,0.6,0.8,0.759,0.7,2.5,3.1,2.1,0.5,0.3,0.6,1.3,5.6,0.0,2024,9423869
Patrick Williams,22.0,CHI,PF,43.0,30.0,27.3,3.7,8.3,0.443,1.4,3.4,0.399,2.3,4.9,0.474,0.525,1.2,1.5,0.788,1.1,2.8,3.9,1.5,0.9,0.8,1.3,2.0,10.0,0.0,2024,9835881
Paul George,33.0,LAC,PF,74.0,74.0,33.8,7.9,16.7,0.471,3.3,7.9,0.413,4.6,8.8,0.523,0.569,3.6,3.9,0.907,0.5,4.7,5.2,3.5,1.5,0.5,2.1,2.7,22.6,0.0,2024,45640084
Payton Pritchard,26.0,BOS,PG,82.0,5.0,22.3,3.6,7.7,0.468,1.8,4.7,0.385,1.8,3.1,0.593,0.583,0.6,0.7,0.821,0.9,2.4,3.2,3.4,0.5,0.1,0.7,1.3,9.6,0.0,2024,4037277
Peyton Watson,21.0,DEN,SF,80.0,4.0,18.6,2.6,5.6,0.465,0.6,1.9,0.296,2.0,3.7,0.553,0.516,0.9,1.3,0.67,0.7,2.5,3.2,1.1,0.5,1.1,0.7,1.8,6.7,0.0,2024,2303520
Precious Achiuwa,24.0,NYK,C,74.0,18.0,21.9,3.2,6.3,0.501,0.4,1.3,0.268,2.8,5.0,0.562,0.529,0.9,1.5,0.616,2.6,4.0,6.6,1.3,0.6,0.9,1.1,1.9,7.6,0.0,2024,4379526
Quentin Grimes,23.0,DET,SG,51.0,18.0,20.1,2.4,6.4,0.372,1.6,4.7,0.338,0.8,1.7,0.466,0.495,0.7,0.9,0.756,0.3,1.7,2.0,1.3,0.7,0.1,0.5,1.5,7.0,0.0,2024,2385720
Quenton Jackson,25.0,IND,PG,3.0,0.0,3.7,0.0,0.3,0.0,0.0,0.0,0.0,0.0,0.3,0.0,0.0,0.7,0.7,1.0,0.0,1.3,1.3,0.7,0.3,0.0,0.0,0.3,0.7,0.0,2024,547349
RJ Barrett,23.0,TOR,SG,58.0,58.0,31.7,7.5,15.2,0.495,1.6,4.3,0.36,6.0,10.9,0.549,0.547,3.6,5.0,0.715,0.9,4.5,5.4,3.3,0.5,0.4,2.2,2.2,20.2,0.0,2024,23883929
RaiQuan Gray,24.0,SAS,PF,3.0,0.0,13.0,3.3,5.7,0.588,1.0,2.3,0.429,2.3,3.3,0.7,0.676,0.0,0.0,0.0,0.7,1.7,2.3,2.0,0.3,0.3,0.3,0.0,7.7,0.0,2024,547349
Reggie Bullock,32.0,HOU,SF,44.0,0.0,9.5,0.8,1.9,0.415,0.6,1.5,0.403,0.2,0.3,0.467,0.579,0.0,0.0,1.0,0.1,1.5,1.7,0.3,0.3,0.1,0.2,0.7,2.2,0.0,2024,10489600
Richaun Holmes,30.0,WAS,C,40.0,10.0,13.9,2.1,3.7,0.558,0.0,0.1,0.333,2.0,3.6,0.563,0.561,0.9,1.2,0.723,1.8,2.8,4.6,0.6,0.3,0.5,0.6,1.9,5.0,0.0,2024,12046020
Robert Covington,33.0,PHI,SF,29.0,6.0,16.8,1.5,3.4,0.439,0.7,1.9,0.339,0.8,1.4,0.571,0.536,0.8,0.9,0.846,1.1,2.3,3.3,0.8,1.3,0.6,0.4,1.9,4.4,0.0,2024,11692308
Robert Williams,26.0,POR,C,6.0,0.0,19.8,2.8,4.3,0.654,0.0,0.0,0.0,2.8,4.3,0.654,0.654,1.2,1.5,0.778,1.8,4.5,6.3,0.8,1.2,1.2,1.2,2.8,6.8,0.0,2024,11571429
Royce O'Neale,30.0,PHO,SF,79.0,14.0,24.7,2.7,6.8,0.397,2.0,5.3,0.37,0.7,1.5,0.496,0.542,0.3,0.4,0.686,0.8,4.0,4.8,2.8,0.7,0.6,0.9,2.2,7.7,0.0,2024,9500000
Rudy Gobert,31.0,MIN,C,76.0,76.0,34.1,5.3,8.1,0.661,0.0,0.0,0.0,5.3,8.0,0.664,0.661,3.3,5.1,0.638,3.8,9.2,12.9,1.3,0.7,2.1,1.6,3.1,14.0,0.0,2024,41000000
Rui Hachimura,25.0,LAL,PF,68.0,39.0,26.9,5.3,9.9,0.537,1.4,3.4,0.422,3.9,6.5,0.597,0.609,1.5,2.0,0.739,0.9,3.5,4.3,1.2,0.6,0.4,0.7,1.5,13.6,0.0,2024,8486619
Ryan Rollins,21.0,MIL,PG,13.0,0.0,6.0,1.1,2.1,0.519,0.2,0.3,0.75,0.8,1.8,0.478,0.574,1.0,1.3,0.765,0.2,0.8,1.0,1.1,0.8,0.2,0.6,0.6,3.4,0.0,2024,1719864
Saben Lee,24.0,PHO,PG,24.0,0.0,7.7,0.8,2.3,0.364,0.1,0.7,0.125,0.8,1.6,0.462,0.382,1.2,1.6,0.744,0.4,0.9,1.3,1.3,0.3,0.1,0.3,0.5,3.0,0.0,2024,1761752
Saddiq Bey,24.0,ATL,SF,63.0,51.0,32.7,4.6,11.1,0.416,1.8,5.7,0.316,2.8,5.4,0.522,0.497,2.7,3.2,0.837,2.7,3.9,6.5,1.5,0.8,0.2,0.9,1.4,13.7,0.0,2024,4556983
Sam Hauser,26.0,BOS,SF,79.0,13.0,22.0,3.2,7.1,0.446,2.5,5.9,0.424,0.7,1.2,0.559,0.623,0.2,0.2,0.895,0.6,2.9,3.5,1.0,0.5,0.3,0.4,1.3,9.0,0.0,2024,1927896
Sam Merrill,27.0,CLE,SG,61.0,1.0,17.5,2.6,6.4,0.402,2.3,5.8,0.404,0.2,0.6,0.385,0.584,0.4,0.5,0.929,0.4,1.6,2.0,1.8,0.3,0.1,0.3,1.2,8.0,0.0,2024,1997238
Scottie Barnes,22.0,TOR,SG,60.0,60.0,34.9,7.5,15.7,0.475,1.7,4.9,0.341,5.8,10.8,0.536,0.528,3.3,4.2,0.781,2.4,5.9,8.2,6.1,1.3,1.5,2.8,2.0,19.9,0.0,2024,8008680
Shaedon Sharpe,20.0,POR,SG,32.0,25.0,33.1,5.5,13.6,0.406,1.9,5.6,0.333,3.6,7.9,0.457,0.475,3.1,3.7,0.824,1.3,3.7,5.0,2.9,0.9,0.4,2.3,2.8,15.9,0.0,2024,6313800
Shai Gilgeous-Alexander,25.0,OKC,PG,75.0,75.0,34.0,10.6,19.8,0.535,1.3,3.6,0.353,9.3,16.2,0.576,0.567,7.6,8.7,0.874,0.9,4.7,5.5,6.2,2.0,0.9,2.2,2.5,30.1,0.0,2024,33386850
Shaquille Harrison,30.0,MEM,SG,3.0,0.0,2.0,0.3,0.7,0.5,0.0,0.0,0.0,0.3,0.7,0.5,0.5,0.0,0.0,0.0,0.0,0.7,0.7,0.0,0.0,0.3,0.0,0.0,0.7,0.0,2024,2413304
Simone Fontecchio,28.0,DET,SF,66.0,43.0,24.9,3.8,8.3,0.46,2.0,5.1,0.401,1.8,3.2,0.551,0.582,0.8,1.0,0.818,1.0,2.8,3.7,1.5,0.7,0.3,1.0,1.7,10.5,0.0,2024,3044872
Spencer Dinwiddie,30.0,LAL,PG,76.0,52.0,28.3,3.3,8.4,0.392,1.6,4.8,0.337,1.7,3.6,0.467,0.489,2.2,2.8,0.805,0.4,2.3,2.7,4.7,0.7,0.3,1.2,1.8,10.5,0.0,2024,20357143
Stephen Curry,35.0,GSW,PG,74.0,74.0,32.7,8.8,19.5,0.45,4.8,11.8,0.408,4.0,7.7,0.515,0.573,4.0,4.4,0.923,0.5,4.0,4.5,5.1,0.7,0.4,2.8,1.6,26.4,0.0,2024,51915615
Talen Horton-Tucker,23.0,UTA,PG,51.0,11.0,19.8,3.6,9.1,0.396,1.2,3.6,0.33,2.4,5.5,0.438,0.46,1.7,2.1,0.807,0.4,2.0,2.4,3.5,0.9,0.4,1.3,1.8,10.1,0.0,2024,11020000
Tari Eason,22.0,HOU,PF,22.0,0.0,21.8,4.0,8.6,0.466,0.8,2.3,0.36,3.2,6.3,0.504,0.513,1.0,1.5,0.636,2.1,4.9,7.0,1.2,1.4,0.9,0.9,2.3,9.8,0.0,2024,3527160
Taurean Prince,29.0,LAL,PF,78.0,49.0,27.0,3.2,7.3,0.442,1.8,4.6,0.396,1.4,2.8,0.519,0.566,0.6,0.9,0.735,0.3,2.7,2.9,1.5,0.7,0.4,0.9,1.9,8.9,0.0,2024,7650000
Terance Mann,27.0,LAC,SG,75.0,71.0,25.0,3.4,6.6,0.515,0.9,2.7,0.348,2.4,3.9,0.633,0.587,1.1,1.3,0.832,1.2,2.2,3.4,1.6,0.6,0.2,0.6,1.9,8.8,0.0,2024,10576923
Terry Rozier,29.0,MIA,SG,61.0,60.0,33.4,7.2,16.4,0.443,2.4,6.7,0.363,4.8,9.6,0.498,0.518,2.8,3.2,0.869,0.6,3.5,4.0,5.6,1.0,0.3,1.7,1.7,19.8,0.0,2024,23205221
Thaddeus Young,35.0,PHO,PF,33.0,6.0,13.3,2.0,3.3,0.602,0.0,0.2,0.143,1.9,3.1,0.634,0.606,0.2,0.5,0.4,1.4,1.7,3.1,1.7,0.7,0.2,0.5,1.5,4.2,0.0,2024,8000000
Theo Maledon,22.0,PHO,PG,17.0,1.0,12.5,1.2,4.1,0.286,0.3,1.8,0.167,0.9,2.4,0.375,0.321,0.8,0.9,0.933,0.2,1.2,1.4,1.6,0.4,0.0,1.1,1.2,3.5,0.0,2024,1761752
Tobias Harris,31.0,PHI,PF,70.0,70.0,33.8,6.6,13.6,0.487,1.3,3.7,0.353,5.3,9.9,0.537,0.535,2.7,3.0,0.878,1.1,5.3,6.5,3.1,1.0,0.7,1.3,1.6,17.2,0.0,2024,39270150
Trae Young,25.0,ATL,PG,54.0,54.0,36.0,8.0,18.7,0.43,3.2,8.7,0.373,4.8,10.0,0.479,0.516,6.4,7.5,0.855,0.4,2.3,2.8,10.8,1.3,0.2,4.4,2.0,25.7,0.0,2024,40064220
Tre Mann,22.0,CHO,PG,41.0,28.0,24.1,3.5,7.7,0.459,1.1,3.1,0.373,2.4,4.6,0.516,0.533,1.1,1.4,0.763,0.5,3.1,3.6,4.0,1.2,0.1,1.6,1.2,9.3,0.0,2024,3191400
Trendon Watford,23.0,BRK,PF,63.0,2.0,13.6,2.6,4.9,0.527,0.4,1.1,0.397,2.2,3.9,0.564,0.571,1.2,1.5,0.794,0.8,2.3,3.1,1.3,0.4,0.3,1.0,1.7,6.9,0.0,2024,1836096
Trent Forrest,25.0,ATL,SG,38.0,0.0,10.9,0.9,2.4,0.378,0.1,0.3,0.2,0.8,2.1,0.4,0.389,0.3,0.4,0.765,0.3,1.1,1.3,2.4,0.3,0.1,0.5,0.7,2.2,0.0,2024,1761752
Ty Jerome,26.0,CLE,SG,2.0,0.0,7.5,1.0,2.0,0.5,0.0,0.5,0.0,1.0,1.5,0.667,0.5,0.0,0.0,0.0,0.5,0.0,0.5,1.5,0.0,0.0,0.5,1.0,2.0,0.0,2024,1761752
Tyler Herro,24.0,MIA,SG,42.0,40.0,33.5,7.7,17.5,0.441,3.1,7.9,0.396,4.6,9.6,0.478,0.531,2.3,2.6,0.856,0.5,4.8,5.3,4.5,0.7,0.1,2.2,1.5,20.8,0.0,2024,27000000
Tyrese Haliburton,23.0,IND,PG,69.0,68.0,32.2,7.2,15.2,0.477,2.8,7.8,0.364,4.4,7.4,0.595,0.57,2.8,3.3,0.855,0.5,3.4,3.9,10.9,1.2,0.7,2.3,1.1,20.1,0.0,2024,5808435
Tyrese Maxey,23.0,PHI,PG,70.0,70.0,37.5,9.1,20.3,0.45,3.0,8.1,0.373,6.1,12.1,0.501,0.524,4.7,5.4,0.868,0.5,3.2,3.7,6.2,1.0,0.5,1.7,2.2,25.9,0.0,2024,4343920
Tyus Jones,27.0,WAS,PG,66.0,66.0,29.3,4.9,10.1,0.489,1.6,3.9,0.414,3.3,6.2,0.537,0.569,0.5,0.6,0.8,0.3,2.4,2.7,7.3,1.1,0.3,1.0,0.7,12.0,0.0,2024,14000000
Usman Garuba,21.0,GSW,PF,6.0,0.0,3.0,0.2,1.0,0.167,0.0,0.2,0.0,0.2,0.8,0.2,0.167,0.2,0.3,0.5,0.5,0.7,1.2,0.2,0.2,0.5,0.3,0.3,0.5,0.0,2024,2588400
Vit Krejci,23.0,ATL,PG,22.0,14.0,24.6,2.3,4.7,0.49,1.3,3.1,0.412,1.0,1.6,0.639,0.625,0.2,0.3,0.833,0.5,1.9,2.4,2.3,0.6,0.3,0.9,2.2,6.1,0.0,2024,1836096
Walker Kessler,22.0,UTA,C,64.0,22.0,23.3,3.6,5.5,0.654,0.1,0.3,0.211,3.5,5.2,0.68,0.66,0.9,1.5,0.602,2.6,4.9,7.5,0.9,0.5,2.4,1.0,2.1,8.1,0.0,2024,2831160
Zach Collins,26.0,SAS,C,69.0,29.0,22.1,4.3,8.9,0.484,0.8,2.6,0.32,3.5,6.3,0.552,0.531,1.8,2.3,0.753,1.7,3.7,5.4,2.8,0.5,0.8,1.9,3.0,11.2,0.0,2024,7700000
Zach LaVine,28.0,CHI,SG,25.0,23.0,34.9,6.8,15.0,0.452,2.4,6.8,0.349,4.4,8.3,0.536,0.531,3.5,4.1,0.854,0.3,4.8,5.2,3.9,0.8,0.3,2.1,2.3,19.5,0.0,2024,40064220
Zeke Nnaji,23.0,DEN,PF,58.0,0.0,9.9,1.2,2.6,0.463,0.1,0.4,0.261,1.1,2.2,0.5,0.483,0.7,1.1,0.677,1.1,1.1,2.2,0.6,0.3,0.7,0.5,1.4,3.2,0.0,2024,4306281
Ziaire Williams,22.0,MEM,SF,51.0,15.0,20.4,2.9,7.4,0.397,1.1,3.7,0.307,1.8,3.7,0.487,0.474,1.2,1.5,0.827,0.7,2.8,3.5,1.5,0.7,0.2,1.3,1.7,8.2,0.0,2024,4810200
Zion Williamson,23.0,NOP,PF,70.0,70.0,31.5,8.9,15.6,0.57,0.1,0.3,0.333,8.8,15.4,0.574,0.573,5.0,7.1,0.702,1.7,4.1,5.8,5.0,1.1,0.7,2.8,2.3,22.9,0.0,2024,33500000
Aaron Gordon,29.0,DEN,PF,51.0,42.0,28.4,5.2,9.7,0.531,1.5,3.4,0.436,3.7,6.4,0.582,0.607,2.8,3.5,0.81,1.6,3.3,4.8,3.2,0.5,0.3,1.4,1.6,14.7,0.0,2025,22841455
Aaron Nesmith,25.0,IND,SF,45.0,37.0,24.9,4.3,8.4,0.507,1.9,4.3,0.431,2.4,4.1,0.587,0.617,1.6,1.8,0.913,0.8,3.1,4.0,1.2,0.8,0.4,0.8,2.5,12.0,0.0,2025,7837251
Aaron Wiggins,26.0,OKC,SG,76.0,26.0,22.9,4.7,9.6,0.488,1.7,4.5,0.383,3.0,5.1,0.578,0.577,1.0,1.2,0.831,1.1,2.8,3.9,1.8,0.8,0.2,0.9,1.3,12.0,0.0,2025,1988598
Al Horford,38.0,BOS,C,60.0,42.0,27.7,3.3,7.7,0.423,1.9,5.2,0.363,1.4,2.5,0.551,0.547,0.6,0.6,0.895,1.3,4.8,6.2,2.1,0.6,0.9,0.8,1.4,9.0,0.0,2025,9500000
Alex Caruso,30.0,OKC,SG,54.0,3.0,19.3,2.6,5.8,0.446,1.1,3.1,0.353,1.5,2.7,0.556,0.541,0.8,0.9,0.824,0.7,2.2,2.9,2.5,1.6,0.6,0.7,1.9,7.1,0.0,2025,9890000
Alperen Sengun,22.0,HOU,C,76.0,76.0,31.5,7.5,15.0,0.496,0.3,1.2,0.233,7.2,13.9,0.519,0.505,3.9,5.6,0.692,3.4,6.9,10.3,4.9,1.1,0.8,2.6,2.8,19.1,0.0,2025,5424654
Amir Coffey,27.0,LAC,SG,72.0,13.0,24.3,3.3,7.1,0.471,1.4,3.4,0.409,1.9,3.7,0.529,0.57,1.6,1.8,0.891,0.4,1.8,2.2,1.1,0.6,0.1,0.6,1.7,9.7,0.0,2025,3938271
Andrew Nembhard,25.0,IND,SG,65.0,65.0,28.9,3.8,8.3,0.458,0.8,2.7,0.291,3.0,5.6,0.538,0.506,1.7,2.1,0.794,0.5,2.8,3.3,5.0,1.2,0.2,1.7,2.3,10.0,0.0,2025,2019699
Andrew Wiggins,29.0,MIA,SF,60.0,60.0,30.7,6.3,14.0,0.448,2.2,5.8,0.374,4.1,8.2,0.501,0.526,3.3,4.3,0.763,1.5,3.0,4.5,2.6,1.0,0.8,1.7,1.7,18.0,0.0,2025,26276786
Anfernee Simons,25.0,POR,SG,70.0,70.0,32.7,6.8,16.1,0.426,3.1,8.5,0.363,3.8,7.6,0.496,0.521,2.5,2.8,0.902,0.4,2.3,2.7,4.8,0.9,0.1,2.0,1.7,19.3,0.0,2025,25892857
Anthony Davis,31.0,DAL,C,51.0,51.0,33.5,9.2,17.8,0.516,0.7,2.4,0.282,8.5,15.4,0.553,0.536,5.6,7.2,0.775,2.6,8.9,11.6,3.5,1.2,2.2,2.2,1.9,24.7,0.0,2025,43219440
Anthony Edwards,23.0,MIN,SG,79.0,79.0,36.3,9.1,20.4,0.447,4.1,10.3,0.395,5.1,10.1,0.501,0.547,5.3,6.3,0.837,0.8,4.9,5.7,4.5,1.2,0.6,3.2,1.9,27.6,0.0,2025,17595263
Bam Adebayo,27.0,MIA,C,78.0,78.0,34.3,6.9,14.3,0.485,1.0,2.8,0.357,5.9,11.4,0.517,0.521,3.2,4.2,0.765,2.4,7.2,9.6,4.3,1.3,0.7,2.1,2.1,18.1,0.0,2025,34848340
Ben Simmons,28.0,LAC,PG,51.0,24.0,22.0,2.3,4.4,0.52,0.0,0.0,0.0,2.3,4.4,0.52,0.52,0.5,0.6,0.727,0.9,3.8,4.7,5.6,0.7,0.5,2.0,2.1,5.0,0.0,2025,40338144
Bennedict Mathurin,22.0,IND,SF,72.0,49.0,29.8,5.4,11.8,0.458,1.4,4.0,0.34,4.1,7.8,0.519,0.516,3.8,4.6,0.831,1.2,4.1,5.3,1.9,0.7,0.3,1.9,2.3,16.1,0.0,2025,7245720
Blake Wesley,21.0,SAS,SG,58.0,0.0,11.8,1.4,3.2,0.435,0.3,1.0,0.293,1.1,2.2,0.5,0.481,0.7,1.1,0.623,0.3,0.8,1.1,2.0,0.6,0.1,0.9,0.8,3.7,0.0,2025,2624280
Bobby Portis,29.0,MIL,PF,49.0,7.0,25.4,5.7,12.1,0.466,1.3,3.6,0.365,4.3,8.5,0.508,0.52,1.2,1.5,0.836,1.8,6.6,8.4,2.1,0.7,0.5,1.2,1.9,13.9,0.0,2025,12578286
Bogdan Bogdanovic,32.0,LAC,SG,54.0,4.0,25.0,3.9,9.1,0.427,1.9,5.4,0.363,1.9,3.8,0.517,0.534,1.1,1.2,0.879,0.4,2.5,2.9,2.7,0.8,0.2,1.4,2.4,10.8,0.0,2025,17260000
Bones Hyland,24.0,MIN,PG,24.0,0.0,10.0,2.0,4.9,0.398,1.3,3.4,0.39,0.6,1.5,0.417,0.534,1.0,1.1,0.885,0.2,0.8,1.0,1.3,0.8,0.2,1.0,1.2,6.2,0.0,2025,4158439
Bradley Beal,31.0,PHO,SG,53.0,38.0,32.1,6.5,13.1,0.497,1.9,5.0,0.386,4.6,8.1,0.565,0.571,2.1,2.6,0.803,0.6,2.7,3.3,3.7,1.1,0.5,1.9,2.6,17.0,0.0,2025,50203930
Brandon Clarke,28.0,MEM,PF,64.0,18.0,18.9,3.7,5.9,0.621,0.0,0.3,0.059,3.7,5.7,0.647,0.622,1.0,1.4,0.701,2.0,3.1,5.1,1.0,0.8,0.6,0.6,2.3,8.3,0.0,2025,12500000
Brandon Ingram,27.0,NOP,SF,18.0,18.0,33.1,8.6,18.5,0.465,2.4,6.4,0.374,6.2,12.1,0.514,0.53,2.6,3.1,0.855,0.9,4.6,5.6,5.2,0.9,0.6,3.8,2.5,22.2,0.0,2025,36016200
Bruno Fernando,26.0,TOR,C,17.0,2.0,8.6,1.5,2.9,0.531,0.0,0.0,0.0,1.5,2.9,0.531,0.531,0.4,0.5,0.75,1.2,1.8,3.0,1.1,0.2,0.5,0.8,1.6,3.4,0.0,2025,2717391
Bryce McGowens,22.0,POR,SG,13.0,0.0,2.5,0.3,1.1,0.286,0.0,0.3,0.0,0.3,0.8,0.4,0.286,0.4,0.5,0.833,0.2,0.1,0.2,0.2,0.1,0.0,0.3,0.2,1.0,0.0,2025,2019699
CJ McCollum,33.0,NOP,PG,56.0,56.0,32.7,7.9,17.9,0.444,3.1,8.2,0.373,4.9,9.7,0.505,0.53,2.2,3.1,0.717,0.8,3.0,3.8,4.1,0.8,0.4,1.9,2.2,21.1,0.0,2025,33333333
Cade Cunningham,23.0,DET,PG,70.0,70.0,35.0,9.8,20.8,0.469,2.1,6.0,0.356,7.6,14.8,0.515,0.521,4.5,5.3,0.846,0.8,5.3,6.1,9.1,1.0,0.8,4.4,2.8,26.1,0.0,2025,13940809
Caleb Houstan,22.0,ORL,SF,58.0,6.0,13.6,1.4,3.3,0.421,1.1,2.8,0.4,0.3,0.5,0.533,0.589,0.3,0.3,0.882,0.3,1.0,1.3,0.6,0.4,0.1,0.2,1.1,4.1,0.0,2025,2019699
Caleb Martin,29.0,DAL,SF,45.0,24.0,27.1,2.9,6.8,0.424,0.8,2.3,0.359,2.0,4.5,0.458,0.485,1.4,2.2,0.622,1.2,2.8,3.9,2.1,1.0,0.5,1.2,1.9,7.9,0.0,2025,7126900
Cam Thomas,23.0,BRK,SG,25.0,23.0,31.2,8.0,18.2,0.438,2.7,7.8,0.349,5.2,10.4,0.506,0.513,5.3,6.0,0.881,0.6,2.7,3.3,3.8,0.6,0.1,2.5,1.8,24.0,0.0,2025,4041249
Charles Bassey,24.0,SAS,C,36.0,1.0,10.4,1.9,3.3,0.581,0.0,0.0,0.0,1.9,3.3,0.581,0.581,0.6,0.9,0.636,1.6,2.7,4.2,0.5,0.4,0.8,0.6,1.4,4.4,0.0,2025,2500000
Chet Holmgren,22.0,OKC,C,32.0,32.0,27.4,5.2,10.7,0.49,1.4,3.6,0.379,3.8,7.0,0.547,0.554,3.2,4.2,0.754,1.5,6.5,8.0,2.0,0.7,2.2,1.8,2.3,15.0,0.0,2025,10880640
Chris Boucher,32.0,TOR,PF,50.0,0.0,17.2,3.6,7.4,0.492,1.4,3.9,0.363,2.2,3.5,0.633,0.586,1.4,1.7,0.782,1.4,3.1,4.5,0.7,0.5,0.5,0.6,1.4,10.0,0.0,2025,10810000
Chris Duarte,27.0,CHI,SG,17.0,0.0,4.4,0.7,1.5,0.462,0.4,0.9,0.4,0.4,0.6,0.545,0.577,0.4,0.5,0.75,0.3,0.9,1.2,0.5,0.0,0.0,0.1,0.4,2.1,0.0,2025,5893768
Chris Paul,39.0,SAS,PG,82.0,82.0,28.0,3.0,7.1,0.427,1.7,4.5,0.377,1.3,2.6,0.514,0.547,1.0,1.1,0.924,0.4,3.2,3.6,7.4,1.3,0.3,1.6,1.8,8.8,0.0,2025,30800000
Christian Braun,23.0,DEN,SG,79.0,77.0,33.9,6.0,10.4,0.58,1.1,2.8,0.397,4.9,7.6,0.648,0.634,2.2,2.7,0.827,1.2,3.9,5.2,2.6,1.1,0.5,1.0,2.2,15.4,0.0,2025,3089640
Christian Koloko,24.0,LAL,C,37.0,0.0,9.2,1.1,1.8,0.606,0.0,0.1,0.0,1.1,1.7,0.645,0.606,0.3,0.4,0.714,0.9,1.5,2.5,0.4,0.2,0.4,0.3,1.2,2.4,0.0,2025,2019699
Chuma Okeke,26.0,CLE,PF,9.0,3.0,21.8,2.2,4.4,0.5,1.2,3.1,0.393,1.0,1.3,0.75,0.638,0.2,0.3,0.667,2.3,2.9,5.2,1.7,0.6,0.4,0.3,0.6,5.9,0.0,2025,7399731
Clint Capela,30.0,ATL,C,55.0,41.0,21.4,4.0,7.1,0.559,0.0,0.0,0.0,4.0,7.1,0.56,0.559,0.9,1.8,0.536,3.2,5.4,8.5,1.1,0.6,1.0,0.9,1.9,8.9,0.0,2025,22265280
Cody Martin,29.0,PHO,SF,53.0,8.0,22.1,2.6,6.1,0.418,0.8,2.8,0.285,1.8,3.3,0.534,0.485,0.8,1.2,0.705,1.0,3.2,4.2,2.0,1.1,0.6,1.0,1.8,6.8,0.0,2025,8120000
Cole Anthony,24.0,ORL,PG,67.0,22.0,18.4,3.4,8.1,0.424,1.1,3.3,0.353,2.3,4.9,0.471,0.494,1.4,1.7,0.823,0.7,2.4,3.0,2.9,0.7,0.5,1.5,2.3,9.4,0.0,2025,7744600
Collin Sexton,26.0,UTA,SG,63.0,61.0,27.9,6.6,13.8,0.48,1.7,4.3,0.406,4.9,9.5,0.513,0.543,3.4,4.0,0.865,1.0,1.8,2.7,4.2,0.7,0.1,2.5,2.3,18.4,0.0,2025,18150000
Corey Kispert,25.0,WAS,SF,61.0,0.0,26.3,4.2,9.3,0.451,2.0,5.4,0.364,2.2,3.9,0.574,0.558,1.2,1.4,0.852,0.6,2.4,3.0,1.7,0.4,0.2,1.0,1.6,11.6,0.0,2025,5705887
Daishen Nix,22.0,MIN,PG,3.0,0.0,4.3,0.0,0.3,0.0,0.0,0.3,0.0,0.0,0.0,0.0,0.0,0.3,0.7,0.5,0.0,1.3,1.3,1.0,0.0,0.0,1.3,0.3,0.3,0.0,2025,1988598
Dalen Terry,22.0,CHI,SG,73.0,5.0,13.5,1.6,3.7,0.448,0.5,1.4,0.356,1.1,2.2,0.506,0.517,0.7,0.9,0.71,0.5,1.2,1.7,1.3,0.6,0.2,0.7,1.6,4.5,0.0,2025,3510480
Damian Lillard,34.0,MIL,PG,58.0,58.0,36.1,7.7,17.1,0.448,3.4,9.0,0.376,4.3,8.1,0.528,0.547,6.2,6.8,0.921,0.5,4.2,4.7,7.1,1.2,0.2,2.8,1.7,24.9,0.0,2025,48787676
Daniel Gafford,26.0,DAL,C,57.0,31.0,21.5,5.0,7.1,0.702,0.0,0.0,0.0,5.0,7.1,0.702,0.702,2.4,3.4,0.689,2.7,4.1,6.8,1.4,0.4,1.8,1.2,2.7,12.3,0.0,2025,13394160
Daniel Theis,32.0,NOP,C,38.0,9.0,16.3,1.6,3.4,0.473,0.2,1.0,0.243,1.4,2.4,0.565,0.508,0.8,1.0,0.838,1.2,3.2,4.3,1.6,0.5,0.5,0.7,1.8,4.3,0.0,2025,9522404
Darius Garland,25.0,CLE,PG,75.0,75.0,30.7,7.4,15.7,0.472,2.8,7.1,0.401,4.6,8.6,0.53,0.562,3.0,3.4,0.878,0.6,2.2,2.9,6.7,1.2,0.1,2.5,1.9,20.6,0.0,2025,36180000
David Roddy,23.0,HOU,PF,33.0,3.0,12.4,1.7,3.8,0.456,0.6,1.8,0.311,1.2,1.9,0.594,0.532,0.6,0.8,0.769,0.4,2.2,2.5,1.1,0.4,0.3,0.7,0.6,4.6,0.0,2025,2847240
Davion Mitchell,26.0,MIA,PG,74.0,37.0,27.4,3.0,6.4,0.468,1.1,2.9,0.398,1.9,3.6,0.525,0.557,0.8,1.1,0.69,0.5,1.8,2.3,4.9,1.0,0.2,1.7,2.5,7.9,0.0,2025,6451077
Day'Ron Sharpe,23.0,BRK,C,50.0,2.0,18.2,3.3,6.3,0.521,0.2,0.9,0.244,3.1,5.4,0.566,0.538,1.1,1.5,0.757,3.0,3.6,6.6,1.8,0.8,0.8,1.3,2.3,7.9,0.0,2025,3989122
De'Aaron Fox,27.0,SAS,PG,62.0,62.0,36.1,8.7,18.8,0.463,1.9,6.1,0.31,6.8,12.6,0.538,0.514,4.2,5.1,0.827,0.9,3.9,4.8,6.3,1.5,0.4,2.8,2.6,23.5,0.0,2025,34848340
De'Andre Hunter,27.0,CLE,SF,64.0,9.0,27.2,5.6,11.9,0.47,2.5,6.1,0.405,3.1,5.8,0.537,0.573,3.4,4.0,0.846,0.7,3.3,4.0,1.4,0.8,0.2,1.3,2.4,17.0,0.0,2025,21696429
Dean Wade,28.0,CLE,PF,59.0,30.0,21.2,1.9,4.6,0.413,1.4,3.8,0.36,0.5,0.8,0.653,0.561,0.3,0.5,0.533,0.9,3.4,4.2,1.3,0.7,0.3,0.4,1.7,5.4,0.0,2025,6166667
Deandre Ayton,26.0,POR,C,40.0,40.0,30.2,6.6,11.7,0.566,0.2,0.8,0.188,6.5,10.9,0.594,0.573,1.0,1.5,0.667,3.1,7.1,10.2,1.6,0.8,1.0,1.7,2.2,14.4,0.0,2025,34005126
Deni Avdija,24.0,POR,SF,72.0,54.0,30.0,5.6,11.7,0.476,1.7,4.8,0.365,3.8,7.0,0.552,0.55,4.0,5.2,0.78,1.5,5.7,7.3,3.9,1.0,0.5,2.7,2.4,16.9,0.0,2025,8486619
Derrick White,30.0,BOS,SG,76.0,76.0,33.9,5.6,12.6,0.442,3.5,9.1,0.384,2.1,3.5,0.593,0.58,1.8,2.1,0.839,0.9,3.6,4.5,4.8,0.9,1.1,1.7,1.8,16.4,0.0,2025,19571429
Desmond Bane,26.0,MEM,SG,69.0,68.0,32.0,7.1,14.8,0.484,2.4,6.1,0.392,4.8,8.7,0.548,0.565,2.6,2.9,0.894,0.9,5.2,6.1,5.3,1.2,0.4,2.4,2.4,19.2,0.0,2025,5767625
Devin Booker,28.0,PHO,SG,75.0,75.0,37.3,8.7,18.9,0.461,2.4,7.3,0.332,6.3,11.6,0.542,0.525,5.8,6.4,0.894,1.0,3.1,4.1,7.1,0.9,0.2,2.9,2.6,25.6,0.0,2025,50050000
Devin Vassell,24.0,SAS,SG,64.0,53.0,31.0,6.2,13.9,0.443,2.5,6.7,0.368,3.7,7.2,0.513,0.532,1.5,1.9,0.792,0.5,3.5,4.0,2.9,1.3,0.5,1.4,1.7,16.3,0.0,2025,8060534
Donovan Mitchell,28.0,CLE,SG,71.0,71.0,31.4,8.2,18.6,0.443,3.3,8.9,0.368,5.0,9.7,0.512,0.531,4.2,5.1,0.823,0.8,3.7,4.5,5.0,1.3,0.2,2.1,2.0,24.0,0.0,2025,35410310
Dorian Finney-Smith,31.0,LAL,PF,63.0,40.0,28.9,3.1,6.9,0.448,2.0,5.0,0.411,1.0,1.9,0.545,0.597,0.5,0.7,0.667,1.3,2.7,3.9,1.4,0.9,0.4,0.9,2.2,8.7,0.0,2025,14924167
Duncan Robinson,30.0,MIA,SF,74.0,37.0,24.1,3.9,9.0,0.437,2.6,6.5,0.393,1.4,2.4,0.556,0.581,0.6,0.7,0.887,0.2,2.0,2.3,2.4,0.5,0.1,1.2,1.8,11.0,0.0,2025,19406000
Dyson Daniels,21.0,ATL,SG,76.0,76.0,33.8,6.0,12.1,0.493,1.1,3.1,0.34,4.9,9.1,0.545,0.536,1.1,1.8,0.593,1.6,4.3,5.9,4.4,3.0,0.7,2.0,2.3,14.1,0.0,2025,6059520
Evan Mobley,23.0,CLE,PF,71.0,71.0,30.5,7.1,12.8,0.557,1.2,3.2,0.37,5.9,9.5,0.621,0.604,3.1,4.3,0.725,2.3,7.0,9.3,3.2,0.9,1.6,2.0,2.0,18.5,0.0,2025,11227657
Franz Wagner,23.0,ORL,SF,60.0,60.0,33.7,9.0,19.4,0.463,1.7,5.9,0.295,7.2,13.5,0.535,0.507,4.5,5.2,0.871,0.9,4.8,5.7,4.7,1.3,0.4,2.3,2.5,24.2,0.0,2025,7007092
Garrison Mathews,28.0,ATL,SG,47.0,2.0,17.7,2.2,5.5,0.397,1.8,4.6,0.39,0.4,0.8,0.436,0.562,1.4,1.7,0.821,0.3,1.6,1.9,1.3,0.6,0.3,0.7,1.7,7.5,0.0,2025,2230253
Gary Payton II,32.0,GSW,SG,62.0,11.0,15.0,2.8,4.8,0.574,0.5,1.5,0.326,2.3,3.3,0.69,0.626,0.4,0.6,0.711,0.9,2.1,3.0,1.3,0.8,0.3,0.6,1.7,6.5,0.0,2025,9130000
Giannis Antetokounmpo,30.0,MIL,PF,67.0,67.0,34.2,11.8,19.7,0.601,0.2,0.9,0.222,11.6,18.7,0.62,0.607,6.5,10.6,0.617,2.2,9.7,11.9,6.5,0.9,1.2,3.1,2.3,30.4,0.0,2025,48787676
Immanuel Quickley,25.0,TOR,PG,33.0,33.0,27.8,5.6,13.3,0.42,2.6,6.8,0.378,3.0,6.5,0.465,0.517,3.4,3.9,0.867,0.5,3.1,3.5,5.8,0.7,0.1,1.8,1.8,17.1,0.0,2025,6128004
Isaac Okoro,24.0,CLE,SG,55.0,22.0,19.1,2.3,4.9,0.464,1.0,2.7,0.371,1.2,2.1,0.586,0.569,0.6,0.8,0.717,0.9,1.5,2.4,1.2,0.6,0.3,0.4,1.9,6.1,0.0,2025,11828974
Isaiah Jackson,23.0,IND,C,5.0,1.0,16.8,2.8,4.6,0.609,0.0,0.0,0.0,2.8,4.6,0.609,0.609,1.4,2.8,0.5,2.2,3.4,5.6,1.0,0.6,1.6,1.0,2.8,7.0,0.0,2025,4435380
Isaiah Joe,25.0,OKC,SG,74.0,16.0,21.7,3.5,7.9,0.44,2.6,6.3,0.412,0.9,1.6,0.549,0.604,0.6,0.8,0.821,0.6,2.1,2.6,1.6,0.6,0.1,0.5,1.5,10.2,0.0,2025,2164993
Isaiah Stewart,23.0,DET,C,72.0,4.0,19.9,2.4,4.4,0.559,0.2,0.7,0.321,2.2,3.6,0.607,0.586,0.9,1.2,0.759,1.8,3.7,5.5,1.7,0.4,1.4,0.9,2.5,6.0,0.0,2025,7399731
Ivica Zubac,27.0,LAC,C,80.0,80.0,32.8,7.4,11.8,0.628,0.0,0.0,0.0,7.4,11.8,0.628,0.628,2.0,3.0,0.661,3.8,8.9,12.6,2.7,0.7,1.1,1.6,2.1,16.8,0.0,2025,11743210
JT Thor,22.0,WAS,PF,20.0,0.0,12.5,1.3,3.0,0.424,0.3,1.1,0.286,1.0,1.9,0.5,0.475,0.8,1.1,0.682,1.0,1.4,2.4,0.3,0.4,0.5,0.5,0.9,3.6,0.0,2025,1988598
Ja Morant,25.0,MEM,PG,50.0,50.0,30.4,8.1,17.8,0.454,1.8,5.7,0.309,6.3,12.1,0.523,0.504,5.3,6.4,0.824,0.7,3.4,4.1,7.3,1.2,0.2,3.7,2.3,23.2,0.0,2025,36180000
Jabari Walker,22.0,POR,PF,60.0,1.0,12.5,2.0,3.8,0.515,0.5,1.2,0.389,1.5,2.6,0.573,0.576,0.8,1.2,0.69,1.0,2.5,3.5,0.6,0.6,0.1,0.6,1.5,5.2,0.0,2025,2019699
Jaden Hardy,22.0,DAL,SG,57.0,3.0,15.9,3.2,7.3,0.435,1.3,3.5,0.386,1.8,3.8,0.479,0.527,1.1,1.5,0.698,0.2,1.4,1.6,1.4,0.5,0.1,1.4,1.6,8.7,0.0,2025,2019699
Jaden Ivey,22.0,DET,SG,30.0,30.0,29.9,6.3,13.8,0.46,2.1,5.1,0.409,4.2,8.6,0.49,0.536,2.8,3.9,0.733,1.3,2.8,4.1,4.0,0.9,0.4,3.0,2.2,17.6,0.0,2025,7977240
Jaden McDaniels,24.0,MIN,PF,82.0,82.0,31.9,4.9,10.2,0.477,1.2,3.7,0.33,3.6,6.5,0.561,0.537,1.3,1.6,0.813,1.6,4.2,5.7,2.0,1.3,0.9,1.2,2.7,12.2,0.0,2025,5813084
Jaden Springer,22.0,UTA,PG,43.0,2.0,8.5,0.8,2.1,0.389,0.3,1.1,0.25,0.5,1.0,0.548,0.456,0.6,0.9,0.711,0.4,1.0,1.3,0.8,0.6,0.1,0.4,1.0,2.5,0.0,2025,4018363
Jae'Sean Tate,29.0,HOU,SF,52.0,2.0,11.3,1.3,2.8,0.473,0.3,0.9,0.348,1.0,2.0,0.529,0.527,0.6,0.9,0.681,1.0,1.3,2.3,0.9,0.5,0.1,0.4,1.6,3.6,0.0,2025,7065217
Jake LaRavia,23.0,SAC,PF,66.0,0.0,20.4,2.4,5.1,0.475,0.9,2.2,0.423,1.5,3.0,0.513,0.564,1.2,1.7,0.678,1.4,2.6,3.9,2.4,0.9,0.3,1.3,2.0,6.9,0.0,2025,3352680
Jalen Brunson,28.0,NYK,PG,65.0,65.0,35.4,9.0,18.5,0.488,2.3,6.1,0.383,6.7,12.4,0.539,0.551,5.7,6.9,0.821,0.4,2.5,2.9,7.3,0.9,0.1,2.5,2.1,26.0,0.0,2025,24960001
Jalen Duren,21.0,DET,C,78.0,78.0,26.1,4.8,7.0,0.692,0.0,0.0,0.0,4.8,7.0,0.692,0.692,2.1,3.1,0.669,3.6,6.8,10.3,2.7,0.7,1.1,1.7,3.2,11.8,0.0,2025,4536840
Jalen Green,22.0,HOU,SG,82.0,82.0,32.9,7.4,17.5,0.423,2.9,8.1,0.354,4.6,9.5,0.482,0.505,3.3,4.1,0.813,0.5,4.0,4.6,3.4,0.9,0.3,2.5,1.5,21.0,0.0,2025,12483048
Jalen Johnson,23.0,ATL,SF,36.0,36.0,35.7,7.5,15.1,0.5,1.2,3.9,0.312,6.3,11.1,0.566,0.541,2.6,3.5,0.746,1.7,8.3,10.0,5.0,1.6,1.0,2.9,1.9,18.9,0.0,2025,4510905
Jalen Smith,24.0,CHI,C,64.0,2.0,15.0,3.0,6.4,0.466,1.1,3.5,0.324,1.8,2.9,0.634,0.554,1.1,1.4,0.809,1.4,4.2,5.6,1.0,0.3,0.7,0.6,1.5,8.2,0.0,2025,5417386
Jalen Suggs,23.0,ORL,PG,35.0,35.0,28.6,5.6,13.7,0.41,2.2,6.9,0.314,3.5,6.8,0.506,0.489,2.8,3.1,0.882,0.7,3.4,4.0,3.7,1.5,0.9,2.9,2.8,16.2,0.0,2025,9188385
Jalen Williams,23.0,OKC,SG,69.0,69.0,32.4,8.2,16.9,0.484,1.8,4.9,0.365,6.4,12.0,0.533,0.537,3.4,4.3,0.789,0.9,4.5,5.3,5.1,1.6,0.7,2.2,2.3,21.6,0.0,2025,4775760
Jamal Murray,27.0,DEN,PG,67.0,67.0,36.1,7.9,16.7,0.474,2.3,5.9,0.393,5.6,10.8,0.518,0.543,3.3,3.7,0.886,0.7,3.2,3.9,6.0,1.4,0.5,2.1,1.9,21.4,0.0,2025,36016200
James Wiseman,23.0,IND,C,1.0,0.0,5.0,2.0,4.0,0.5,0.0,1.0,0.0,2.0,3.0,0.667,0.5,2.0,2.0,1.0,0.0,1.0,1.0,0.0,0.0,0.0,0.0,0.0,6.0,0.0,2025,15815870
Jarrett Allen,26.0,CLE,C,82.0,82.0,28.0,5.5,7.8,0.706,0.0,0.1,0.0,5.5,7.7,0.712,0.706,2.4,3.4,0.718,2.6,7.1,9.7,1.9,0.9,0.9,1.2,1.5,13.5,0.0,2025,20000000
Jaylin Williams,22.0,OKC,PF,47.0,9.0,16.7,2.1,4.7,0.439,1.3,3.3,0.399,0.8,1.4,0.529,0.577,0.5,0.6,0.767,1.0,4.6,5.6,2.6,0.5,0.6,0.7,1.7,5.9,0.0,2025,2019699
Jayson Tatum,26.0,BOS,PF,72.0,72.0,36.4,9.2,20.3,0.452,3.5,10.1,0.343,5.7,10.2,0.559,0.537,5.0,6.1,0.814,0.7,8.0,8.7,6.0,1.1,0.5,2.9,2.2,26.8,0.0,2025,34848340
Jeremiah Robinson-Earl,24.0,NOP,PF,66.0,9.0,18.8,2.4,5.3,0.455,0.8,2.5,0.341,1.5,2.8,0.557,0.536,0.7,0.8,0.836,1.7,3.1,4.8,1.3,0.6,0.1,0.8,1.2,6.3,0.0,2025,1988598
Jeremy Sochan,21.0,SAS,PF,54.0,23.0,25.3,4.6,8.7,0.535,0.5,1.7,0.308,4.1,7.0,0.59,0.565,1.6,2.3,0.696,2.4,4.2,6.5,2.4,0.8,0.5,1.6,2.4,11.4,0.0,2025,5570040
Jericho Sims,26.0,MIL,C,53.0,5.0,11.9,0.8,1.3,0.634,0.0,0.0,0.0,0.8,1.3,0.634,0.634,0.2,0.2,0.615,1.3,2.4,3.7,0.6,0.2,0.4,0.6,1.2,1.8,0.0,2025,2092344
Jimmy Butler,35.0,GSW,SF,55.0,55.0,31.7,5.5,10.9,0.504,0.6,1.9,0.308,4.9,9.0,0.546,0.531,6.0,7.1,0.842,2.3,3.1,5.4,5.4,1.4,0.3,1.3,0.9,17.5,0.0,2025,48798677
Joel Embiid,30.0,PHI,C,19.0,19.0,30.2,7.4,16.6,0.444,1.2,4.1,0.299,6.2,12.5,0.492,0.481,7.8,8.9,0.882,1.9,6.3,8.2,4.5,0.7,0.9,3.3,2.2,23.8,0.0,2025,50652000
John Collins,27.0,UTA,PF,40.0,31.0,30.5,7.0,13.3,0.527,1.5,3.7,0.399,5.5,9.6,0.577,0.583,3.5,4.1,0.848,2.2,6.0,8.2,2.0,1.0,1.0,2.6,2.9,19.0,0.0,2025,26580000
John Konchar,28.0,MEM,SG,46.0,4.0,12.1,0.9,2.0,0.451,0.5,1.3,0.371,0.4,0.6,0.621,0.577,0.2,0.2,0.875,0.8,2.5,3.3,0.9,0.7,0.3,0.3,0.7,2.4,0.0,2025,6165000
Johnny Davis,22.0,WAS,SG,34.0,0.0,7.1,0.9,2.3,0.41,0.2,0.9,0.241,0.7,1.4,0.51,0.455,0.3,0.4,0.6,0.3,0.8,1.1,0.3,0.4,0.2,0.2,0.5,2.4,0.0,2025,5291160
Jonathan Isaac,27.0,ORL,PF,71.0,1.0,15.4,1.9,4.6,0.414,0.5,2.1,0.258,1.3,2.4,0.549,0.474,1.0,1.5,0.682,1.7,2.7,4.4,0.6,0.9,1.1,0.5,1.3,5.4,0.0,2025,17400000
Jonathan Kuminga,22.0,GSW,PF,47.0,10.0,24.3,5.5,12.1,0.454,1.0,3.2,0.305,4.5,8.9,0.508,0.495,3.3,5.0,0.668,1.2,3.4,4.6,2.2,0.8,0.4,1.5,1.9,15.3,0.0,2025,7636307
Jordan Goodwin,26.0,LAL,PG,29.0,5.0,18.7,2.2,5.0,0.438,0.9,2.3,0.382,1.3,2.6,0.487,0.528,0.3,0.4,0.818,1.3,2.6,3.9,1.4,1.0,0.4,0.9,1.5,5.6,0.0,2025,2092344
Jordan Poole,25.0,WAS,SG,68.0,68.0,29.4,6.7,15.5,0.432,3.5,9.1,0.378,3.3,6.4,0.51,0.544,3.6,4.0,0.883,0.5,2.5,3.0,4.5,1.3,0.4,3.0,3.0,20.5,0.0,2025,30151786
Jose Alvarado,26.0,NOP,PG,56.0,23.0,24.4,3.6,9.3,0.392,2.0,5.5,0.359,1.7,3.8,0.439,0.498,1.1,1.3,0.811,0.5,1.9,2.4,4.6,1.3,0.3,1.5,1.6,10.3,0.0,2025,1988598
Josh Christopher,23.0,MIA,SG,14.0,0.0,4.9,0.8,2.2,0.355,0.1,0.8,0.182,0.6,1.4,0.45,0.387,0.3,0.4,0.667,0.0,0.6,0.6,0.6,0.4,0.2,0.4,0.1,2.0,0.0,2025,4346615
Josh Giddey,22.0,CHI,PG,70.0,69.0,30.2,5.3,11.4,0.465,1.5,4.0,0.378,3.8,7.4,0.512,0.531,2.5,3.2,0.781,1.8,6.3,8.1,7.2,1.2,0.6,2.9,1.7,14.6,0.0,2025,8352367
Josh Green,24.0,CHO,SG,68.0,67.0,27.8,2.6,6.2,0.428,1.4,3.6,0.391,1.2,2.5,0.48,0.543,0.7,1.1,0.681,0.8,1.7,2.5,1.6,1.1,0.2,1.0,2.4,7.4,0.0,2025,6762016
Josh Minott,22.0,MIN,SF,46.0,0.0,6.0,1.0,2.0,0.489,0.3,0.9,0.326,0.7,1.0,0.638,0.567,0.4,0.4,0.895,0.3,0.8,1.0,0.4,0.3,0.3,0.2,0.7,2.6,0.0,2025,2019699
Jrue Holiday,34.0,BOS,PG,62.0,62.0,30.6,4.1,9.2,0.443,1.7,4.9,0.353,2.4,4.3,0.547,0.538,1.1,1.2,0.909,1.2,3.0,4.3,3.9,1.1,0.4,1.2,1.6,11.1,0.0,2025,39403894
Julius Randle,30.0,MIN,PF,69.0,69.0,32.3,6.6,13.6,0.485,1.6,4.6,0.344,5.0,9.1,0.555,0.542,3.9,4.9,0.806,2.1,5.0,7.1,4.7,0.7,0.2,2.8,2.5,18.7,0.0,2025,27561600
Jusuf Nurkic,30.0,CHO,C,51.0,32.0,20.8,3.3,6.9,0.477,0.6,2.1,0.305,2.7,4.8,0.551,0.523,1.7,2.5,0.664,1.7,6.1,7.8,2.3,0.8,0.7,1.9,2.5,8.9,0.0,2025,18125000
Kai Jones,24.0,DAL,C,40.0,6.0,11.7,2.2,2.7,0.798,0.0,0.1,0.2,2.2,2.6,0.827,0.803,0.6,0.8,0.719,1.0,2.1,3.1,0.6,0.4,0.6,0.5,1.3,5.0,0.0,2025,4693735
Karl-Anthony Towns,29.0,NYK,C,72.0,72.0,35.0,8.9,16.9,0.526,2.0,4.7,0.42,6.9,12.2,0.567,0.584,4.7,5.7,0.829,2.9,9.8,12.8,3.1,1.0,0.7,2.7,3.5,24.4,0.0,2025,50050000
Kawhi Leonard,33.0,LAC,SF,37.0,37.0,31.9,8.4,16.8,0.498,2.1,5.1,0.411,6.3,11.7,0.536,0.56,2.6,3.3,0.81,0.9,5.0,5.9,3.1,1.6,0.5,1.9,1.5,21.5,0.0,2025,48787676
Keegan Murray,24.0,SAC,PF,76.0,76.0,34.3,4.8,10.8,0.444,2.0,5.9,0.343,2.8,4.9,0.566,0.538,0.8,0.9,0.833,1.9,4.8,6.7,1.4,0.8,0.9,0.8,2.4,12.4,0.0,2025,8809560
Keldon Johnson,25.0,SAS,SF,77.0,0.0,23.9,4.8,10.0,0.482,1.1,3.6,0.318,3.7,6.4,0.573,0.538,1.9,2.5,0.773,1.5,3.4,4.8,1.6,0.6,0.3,1.0,1.5,12.7,0.0,2025,19000000
Kenrich Williams,30.0,OKC,PF,69.0,7.0,16.4,2.5,5.1,0.483,1.0,2.5,0.386,1.5,2.7,0.574,0.576,0.4,0.6,0.718,0.9,2.6,3.5,1.4,0.6,0.1,0.6,1.6,6.3,0.0,2025,6669000
Kentavious Caldwell-Pope,31.0,ORL,SG,77.0,77.0,29.6,3.1,7.1,0.439,1.5,4.3,0.342,1.6,2.8,0.589,0.543,1.1,1.2,0.863,0.4,1.8,2.2,1.8,1.3,0.4,0.8,1.8,8.7,0.0,2025,15440185
Keon Johnson,22.0,BRK,SG,79.0,56.0,24.4,3.8,9.9,0.389,1.6,5.1,0.314,2.2,4.8,0.468,0.47,1.4,1.8,0.77,0.8,3.0,3.8,2.2,1.0,0.4,1.5,2.6,10.6,0.0,2025,4474291
Kevin Durant,36.0,PHO,PF,62.0,62.0,36.5,9.5,18.1,0.527,2.6,6.0,0.43,7.0,12.1,0.574,0.598,4.9,5.8,0.839,0.4,5.7,6.0,4.2,0.8,1.2,3.1,1.7,26.6,0.0,2025,51179020
Kevin Huerter,26.0,CHI,SG,69.0,31.0,24.3,3.7,8.8,0.425,1.9,5.7,0.338,1.8,3.1,0.587,0.535,0.5,0.7,0.714,0.4,2.5,3.0,2.3,1.0,0.3,1.0,1.8,9.9,0.0,2025,16830357
Kevon Looney,28.0,GSW,C,76.0,6.0,15.0,1.9,3.7,0.514,0.0,0.1,0.4,1.9,3.6,0.516,0.518,0.7,1.3,0.566,2.4,3.6,6.1,1.6,0.6,0.5,0.5,2.0,4.5,0.0,2025,9000000
Killian Hayes,23.0,BRK,PG,6.0,5.0,27.0,3.0,7.2,0.419,1.3,3.5,0.381,1.7,3.7,0.455,0.512,1.7,2.0,0.833,0.8,2.2,3.0,5.2,0.7,0.7,1.5,2.2,9.0,0.0,2025,9942114
LaMelo Ball,23.0,CHO,PG,47.0,47.0,32.0,8.6,21.3,0.405,3.8,11.2,0.339,4.8,10.1,0.478,0.494,4.1,4.9,0.843,1.0,3.9,4.9,7.4,1.1,0.3,3.6,3.3,25.2,0.0,2025,14301633
Landry Shamet,27.0,NYK,SG,50.0,0.0,15.2,2.1,4.6,0.461,1.2,3.1,0.397,0.9,1.5,0.595,0.596,0.2,0.4,0.667,0.2,1.0,1.2,0.5,0.5,0.0,0.4,1.0,5.7,0.0,2025,11000000
Lauri Markkanen,27.0,UTA,PF,47.0,47.0,31.4,6.3,14.9,0.423,2.9,8.5,0.346,3.4,6.4,0.525,0.521,3.4,3.9,0.876,1.5,4.4,5.9,1.5,0.7,0.4,1.4,1.7,19.0,0.0,2025,18044544
LeBron James,40.0,LAL,SF,70.0,70.0,34.9,9.3,18.1,0.513,2.1,5.7,0.376,7.2,12.5,0.574,0.571,3.7,4.7,0.782,1.0,6.8,7.8,8.2,1.0,0.6,3.7,1.4,24.4,0.0,2025,50434636
Lonzo Ball,27.0,CHI,PG,35.0,14.0,22.2,2.5,6.9,0.366,1.9,5.6,0.344,0.6,1.4,0.458,0.504,0.6,0.8,0.815,0.7,2.7,3.4,3.3,1.3,0.5,1.2,1.6,7.6,0.0,2025,21395348
Luguentz Dort,25.0,OKC,SF,71.0,71.0,29.2,3.6,8.4,0.435,2.4,5.8,0.412,1.2,2.5,0.489,0.578,0.5,0.6,0.717,1.3,2.9,4.1,1.6,1.1,0.5,0.7,2.9,10.1,0.0,2025,16500000
Luka Doncic,25.0,LAL,PG,50.0,50.0,35.4,9.2,20.5,0.45,3.5,9.6,0.368,5.7,10.9,0.522,0.536,6.2,7.9,0.782,0.8,7.4,8.2,7.7,1.8,0.4,3.6,2.5,28.2,0.0,2025,43031940
Luke Kennard,28.0,MEM,SG,65.0,11.0,22.6,3.2,6.6,0.478,1.7,4.0,0.433,1.4,2.6,0.547,0.609,0.8,0.9,0.895,0.6,2.2,2.8,3.3,0.8,0.1,1.1,0.9,8.9,0.0,2025,14763636
Malachi Flynn,26.0,CHO,PG,4.0,0.0,11.0,1.3,3.3,0.385,0.3,1.0,0.25,1.0,2.3,0.444,0.423,1.3,1.5,0.833,0.8,1.0,1.8,1.8,0.8,0.0,1.0,1.0,4.0,0.0,2025,5809537
Malaki Branham,21.0,SAS,SG,47.0,0.0,9.1,1.9,4.0,0.458,0.7,1.8,0.405,1.1,2.3,0.5,0.547,0.6,0.7,0.818,0.1,0.9,1.1,0.8,0.2,0.0,0.7,0.6,5.0,0.0,2025,3217920
Malcolm Brogdon,32.0,WAS,PG,24.0,13.0,23.5,4.3,10.0,0.433,0.7,2.3,0.286,3.7,7.7,0.478,0.467,3.4,3.8,0.88,0.9,2.9,3.8,4.1,0.5,0.2,1.6,1.3,12.7,0.0,2025,22500000
MarJon Beauchamp,24.0,NYK,SF,35.0,0.0,4.5,0.8,1.9,0.415,0.3,0.8,0.345,0.5,1.0,0.472,0.492,0.4,0.6,0.75,0.3,0.9,1.3,0.3,0.1,0.0,0.4,0.4,2.3,0.0,2025,2733720
Marcus Smart,30.0,WAS,PG,34.0,7.0,20.0,3.0,7.6,0.393,1.4,4.1,0.348,1.5,3.4,0.448,0.488,1.6,2.1,0.761,0.5,1.6,2.1,3.2,1.1,0.3,1.6,1.6,9.0,0.0,2025,19960285
Mark Williams,23.0,CHO,C,44.0,41.0,26.6,6.1,10.2,0.604,0.0,0.1,0.0,6.1,10.1,0.609,0.604,3.0,3.7,0.804,3.0,7.2,10.2,2.5,0.7,1.2,1.6,2.4,15.3,0.0,2025,4094280
Maxi Kleber,33.0,DAL,PF,34.0,4.0,18.7,1.1,2.8,0.385,0.4,1.4,0.265,0.7,1.4,0.511,0.453,0.5,0.6,0.762,0.7,2.1,2.8,1.3,0.3,0.5,0.7,1.9,3.0,0.0,2025,11000000
Mikal Bridges,28.0,NYK,SF,82.0,82.0,37.0,7.2,14.4,0.5,2.0,5.6,0.354,5.2,8.8,0.594,0.57,1.2,1.4,0.814,0.9,2.3,3.2,3.7,0.9,0.5,1.6,1.5,17.6,0.0,2025,23300000
Mitchell Robinson,26.0,NYK,C,17.0,3.0,17.1,2.2,3.3,0.661,0.0,0.0,0.0,2.2,3.3,0.661,0.661,0.8,1.1,0.684,3.1,2.9,5.9,0.8,0.9,1.1,0.6,1.5,5.1,0.0,2025,14318182
Moses Moody,22.0,GSW,SG,74.0,34.0,22.3,3.3,7.7,0.433,1.7,4.6,0.374,1.6,3.1,0.519,0.544,1.4,1.8,0.797,0.7,1.9,2.6,1.3,0.8,0.4,0.7,1.6,9.8,0.0,2025,5803269
Myles Turner,28.0,IND,C,72.0,72.0,30.2,5.4,11.3,0.481,2.2,5.5,0.396,3.3,5.8,0.561,0.577,2.6,3.3,0.773,1.3,5.3,6.5,1.5,0.8,2.0,1.7,2.5,15.6,0.0,2025,19928500
Nick Richards,27.0,PHO,C,57.0,43.0,22.0,3.6,6.1,0.591,0.0,0.0,0.0,3.6,6.1,0.594,0.591,2.1,2.8,0.744,2.6,5.6,8.2,0.9,0.2,1.0,1.4,2.5,9.3,0.0,2025,5000000
Nikola Jokic,29.0,DEN,C,70.0,70.0,36.7,11.2,19.5,0.576,2.0,4.7,0.417,9.3,14.8,0.627,0.627,5.2,6.4,0.8,2.9,9.9,12.7,10.2,1.8,0.6,3.3,2.3,29.6,0.0,2025,50274000
Nikola Jovic,21.0,MIA,PF,46.0,10.0,25.1,3.7,8.2,0.456,1.7,4.6,0.371,2.0,3.6,0.563,0.56,1.6,1.9,0.828,0.6,3.3,3.9,2.8,0.8,0.3,1.3,1.8,10.7,0.0,2025,2464200
Norman Powell,31.0,LAC,SG,60.0,60.0,32.6,7.6,15.8,0.484,3.0,7.1,0.418,4.6,8.6,0.538,0.578,3.6,4.4,0.804,0.4,2.8,3.2,2.1,1.2,0.2,1.8,1.9,21.8,0.0,2025,19241379
OG Anunoby,27.0,NYK,PF,74.0,74.0,36.6,6.6,13.9,0.476,2.3,6.2,0.372,4.3,7.7,0.561,0.559,2.5,3.1,0.81,1.3,3.5,4.8,2.2,1.5,0.9,1.4,2.3,18.0,0.0,2025,19928571
Obi Toppin,26.0,IND,PF,79.0,4.0,19.6,4.0,7.6,0.529,1.4,3.8,0.365,2.6,3.8,0.695,0.621,1.1,1.4,0.781,0.7,3.3,4.0,1.6,0.6,0.4,0.9,1.4,10.5,0.0,2025,9170460
Ochai Agbaji,24.0,TOR,SG,64.0,45.0,27.2,4.2,8.3,0.498,1.6,4.0,0.399,2.6,4.4,0.587,0.593,0.5,0.8,0.708,1.0,2.8,3.8,1.5,0.9,0.5,0.8,2.0,10.4,0.0,2025,4310280
Onyeka Okongwu,24.0,ATL,C,74.0,40.0,27.9,5.2,9.2,0.567,0.6,2.0,0.324,4.6,7.2,0.634,0.602,2.2,2.9,0.759,3.0,5.9,8.9,2.3,0.9,0.9,1.2,2.6,13.4,0.0,2025,10817490
Ousmane Dieng,21.0,OKC,C,37.0,1.0,10.9,1.5,3.4,0.432,0.6,1.9,0.324,0.8,1.5,0.574,0.524,0.3,0.4,0.688,0.5,1.7,2.2,0.8,0.5,0.2,0.5,0.9,3.8,0.0,2025,5027040
Paolo Banchero,22.0,ORL,PF,46.0,46.0,34.4,9.0,19.8,0.452,1.9,5.9,0.32,7.1,13.9,0.509,0.5,6.1,8.4,0.727,1.1,6.4,7.5,4.8,0.8,0.6,3.0,2.1,25.9,0.0,2025,12160800
Pat Connaughton,32.0,MIL,SG,41.0,1.0,14.7,2.0,4.3,0.469,0.6,2.0,0.321,1.4,2.3,0.594,0.542,0.6,0.8,0.774,0.5,2.2,2.7,1.7,0.2,0.3,0.6,1.1,5.3,0.0,2025,9423869
Patrick Williams,23.0,CHI,PF,63.0,36.0,25.0,3.3,8.2,0.397,1.5,4.3,0.353,1.7,3.9,0.447,0.49,1.0,1.3,0.723,0.7,3.1,3.8,2.0,0.8,0.5,1.4,1.4,9.0,0.0,2025,12973527
Paul George,34.0,PHI,PF,41.0,41.0,32.5,6.0,13.9,0.43,2.3,6.5,0.358,3.6,7.4,0.493,0.514,1.9,2.4,0.814,0.6,4.8,5.3,4.3,1.8,0.5,2.6,2.5,16.2,0.0,2025,48787676
Payton Pritchard,27.0,BOS,PG,80.0,3.0,28.4,5.1,10.8,0.472,3.2,7.8,0.407,1.9,3.0,0.642,0.62,0.9,1.1,0.845,1.3,2.6,3.8,3.5,0.9,0.2,1.0,1.5,14.3,0.0,2025,5959021
Peyton Watson,22.0,DEN,SF,68.0,18.0,24.4,3.0,6.3,0.477,0.7,2.0,0.353,2.3,4.3,0.534,0.533,1.4,2.0,0.693,0.7,2.7,3.4,1.4,0.7,1.4,0.8,1.8,8.1,0.0,2025,2413560
Precious Achiuwa,25.0,NYK,C,57.0,10.0,20.5,2.9,5.7,0.502,0.2,0.6,0.278,2.7,5.1,0.529,0.517,0.7,1.2,0.594,1.8,3.8,5.6,1.0,0.8,0.7,0.8,1.4,6.6,0.0,2025,6275861
Quentin Grimes,24.0,PHI,SG,75.0,37.0,26.8,5.1,11.0,0.467,2.2,5.6,0.385,3.0,5.4,0.552,0.565,2.2,2.9,0.757,0.8,3.5,4.3,3.0,1.0,0.3,1.9,1.8,14.6,0.0,2025,4296682
RJ Barrett,24.0,TOR,SF,58.0,58.0,32.2,7.9,16.9,0.468,1.8,5.3,0.35,6.1,11.7,0.522,0.523,3.4,5.4,0.63,1.1,5.3,6.3,5.4,0.8,0.3,2.8,2.4,21.1,0.0,2025,25794643
Richaun Holmes,31.0,WAS,PF,31.0,7.0,17.2,2.9,4.5,0.647,0.0,0.1,0.0,2.9,4.4,0.662,0.647,1.6,1.9,0.833,2.0,3.7,5.7,1.4,0.3,0.7,0.7,1.6,7.4,0.0,2025,12876780
Robert Williams,27.0,POR,C,20.0,3.0,17.6,2.5,3.9,0.641,0.1,0.2,0.333,2.5,3.8,0.653,0.647,0.8,0.9,0.882,1.8,4.2,5.9,1.1,0.7,1.7,0.9,1.6,5.8,0.0,2025,12428571
Rudy Gobert,32.0,MIN,C,72.0,72.0,33.2,4.7,7.1,0.669,0.0,0.0,0.0,4.7,7.1,0.669,0.669,2.6,3.8,0.674,3.7,7.2,10.9,1.8,0.8,1.4,1.2,2.5,12.0,0.0,2025,43827586
Ryan Rollins,22.0,MIL,PG,56.0,19.0,14.6,2.4,4.8,0.487,0.9,2.1,0.408,1.5,2.7,0.55,0.577,0.6,0.8,0.8,0.4,1.6,1.9,1.9,0.8,0.3,0.9,1.6,6.2,0.0,2025,2019699
Sam Hauser,27.0,BOS,PF,71.0,19.0,21.7,3.0,6.7,0.451,2.3,5.6,0.416,0.7,1.1,0.64,0.627,0.2,0.2,1.0,0.6,2.5,3.2,0.9,0.6,0.2,0.3,1.2,8.5,0.0,2025,2092344
Sam Merrill,28.0,CLE,SG,71.0,4.0,19.7,2.4,6.0,0.406,1.9,5.2,0.372,0.5,0.8,0.625,0.567,0.4,0.4,0.966,0.5,1.7,2.2,1.5,0.7,0.2,0.5,1.7,7.2,0.0,2025,2164993
Scottie Barnes,23.0,TOR,PF,65.0,65.0,32.8,7.3,16.4,0.446,1.2,4.3,0.271,6.1,12.0,0.508,0.482,3.5,4.6,0.755,1.7,6.0,7.7,5.8,1.4,1.0,2.8,1.7,19.3,0.0,2025,10130980
Shaedon Sharpe,21.0,POR,SG,72.0,52.0,31.3,6.9,15.3,0.452,2.0,6.6,0.311,4.9,8.8,0.557,0.519,2.6,3.4,0.785,0.9,3.6,4.5,2.8,0.9,0.2,2.1,1.7,18.5,0.0,2025,6614160
Shai Gilgeous-Alexander,26.0,OKC,PG,76.0,76.0,34.2,11.3,21.8,0.519,2.1,5.7,0.375,9.2,16.1,0.571,0.569,7.9,8.8,0.898,0.9,4.1,5.0,6.4,1.7,1.0,2.4,2.2,32.7,0.0,2025,35859950
Stephen Curry,36.0,GSW,PG,70.0,70.0,32.2,8.1,18.0,0.448,4.4,11.2,0.397,3.6,6.8,0.534,0.572,4.0,4.3,0.933,0.6,3.9,4.4,6.0,1.1,0.4,2.9,1.4,24.5,0.0,2025,55761217
Steven Adams,31.0,HOU,C,58.0,3.0,13.7,1.6,2.9,0.545,0.0,0.0,0.0,1.6,2.8,0.552,0.545,0.7,1.6,0.462,2.9,2.8,5.6,1.1,0.4,0.5,0.9,1.0,3.9,0.0,2025,12600000
Tari Eason,23.0,HOU,PF,57.0,16.0,24.9,4.8,9.8,0.487,1.1,3.2,0.342,3.7,6.6,0.557,0.543,1.4,1.8,0.76,2.2,4.1,6.4,1.5,1.7,0.9,1.1,2.4,12.0,0.0,2025,3695160
Terance Mann,28.0,ATL,SG,67.0,13.0,21.1,3.1,6.2,0.496,0.9,2.4,0.368,2.2,3.7,0.58,0.569,0.7,1.0,0.691,1.0,2.0,3.0,1.8,0.7,0.2,0.7,1.9,7.7,0.0,2025,11423077
Terry Rozier,30.0,MIA,PG,64.0,23.0,25.9,3.9,9.9,0.391,1.4,4.8,0.295,2.5,5.1,0.48,0.462,1.4,1.7,0.852,0.7,3.0,3.7,2.6,0.6,0.2,1.2,1.1,10.6,0.0,2025,24924126
Trae Young,26.0,ATL,PG,76.0,76.0,36.0,7.4,18.1,0.411,2.9,8.4,0.34,4.6,9.7,0.474,0.491,6.5,7.4,0.875,0.5,2.6,3.1,11.6,1.2,0.2,4.7,1.9,24.2,0.0,2025,43031940
Tre Mann,23.0,CHO,PG,13.0,0.0,24.5,5.4,12.4,0.435,1.8,4.6,0.4,3.5,7.8,0.455,0.509,1.5,1.6,0.905,0.9,2.0,2.9,3.0,0.5,0.3,1.9,1.8,14.1,0.0,2025,4908373
Trendon Watford,24.0,BRK,PF,44.0,6.0,20.8,3.7,8.0,0.469,0.7,2.0,0.33,3.1,6.0,0.515,0.51,2.1,2.8,0.762,0.8,2.8,3.6,2.6,0.6,0.3,1.9,2.2,10.2,0.0,2025,1988598
Tyler Herro,25.0,MIA,SG,77.0,77.0,35.4,8.5,17.9,0.472,3.3,8.7,0.375,5.2,9.2,0.565,0.563,3.7,4.2,0.878,0.5,4.7,5.2,5.5,0.9,0.2,2.6,1.1,23.9,0.0,2025,29000000
Tyrese Haliburton,24.0,IND,PG,73.0,73.0,33.6,6.5,13.8,0.473,3.0,7.7,0.388,3.5,6.1,0.581,0.582,2.6,3.0,0.851,0.6,3.0,3.5,9.2,1.4,0.7,1.6,1.3,18.6,0.0,2025,7992406
Tyrese Maxey,24.0,PHI,PG,52.0,52.0,37.7,9.2,21.0,0.437,3.1,9.2,0.337,6.1,11.8,0.515,0.511,4.9,5.6,0.879,0.3,3.1,3.3,6.1,1.8,0.4,2.4,2.2,26.3,0.0,2025,6259588
Vit Krejci,24.0,ATL,PG,57.0,16.0,20.2,2.5,5.1,0.497,1.6,3.6,0.437,1.0,1.5,0.64,0.651,0.6,0.8,0.711,0.4,2.4,2.7,2.6,0.6,0.5,0.9,1.8,7.2,0.0,2025,1988598
Vlatko Cancar,27.0,DEN,PF,13.0,0.0,10.5,0.8,2.0,0.385,0.3,1.2,0.267,0.5,0.8,0.545,0.462,0.0,0.0,0.0,0.5,2.0,2.5,0.7,0.2,0.2,0.8,0.8,1.8,0.0,2025,2346606
Walker Kessler,23.0,UTA,C,58.0,58.0,30.0,4.8,7.2,0.663,0.1,0.6,0.176,4.7,6.6,0.706,0.671,1.4,2.6,0.52,4.6,7.6,12.2,1.7,0.6,2.4,1.5,2.2,11.1,0.0,2025,2965920
Zach LaVine,29.0,SAC,SG,74.0,74.0,35.2,8.4,16.5,0.511,3.2,7.2,0.446,5.2,9.3,0.562,0.609,3.2,3.9,0.825,0.3,4.0,4.3,4.2,0.8,0.2,2.8,1.6,23.3,0.0,2025,43031940
Zeke Nnaji,24.0,DEN,PF,57.0,4.0,10.7,1.2,2.5,0.496,0.3,0.9,0.327,0.9,1.6,0.596,0.557,0.5,0.8,0.614,0.6,1.0,1.6,0.4,0.4,0.7,0.2,1.1,3.2,0.0,2025,6235495
Ziaire Williams,23.0,BRK,SF,63.0,45.0,24.5,3.4,8.3,0.412,1.6,4.8,0.341,1.8,3.5,0.509,0.511,1.6,2.0,0.821,1.0,3.6,4.6,1.3,1.0,0.4,1.1,2.4,10.0,0.0,2025,6133005
Zion Williamson,24.0,NOP,PF,30.0,30.0,28.6,9.6,16.9,0.567,0.1,0.4,0.231,9.5,16.5,0.576,0.57,5.3,8.0,0.656,2.5,4.7,7.2,5.3,1.2,0.9,3.0,2.7,24.6,0.0,2025,36180000
Luka Dončić,26.0,LAL,PG,64.0,64.0,35.8,10.8,22.8,0.476,4.0,10.8,0.366,6.9,11.9,0.575,0.563,7.9,10.1,0.78,0.6,7.1,7.7,8.3,1.6,0.5,4.0,2.4,33.5,"MVP-4,CPOY-8,AS,NBA1",2026,45999660
Shai Gilgeous-Alexander,27.0,OKC,PG,68.0,68.0,33.2,10.8,19.4,0.553,1.7,4.4,0.386,9.1,15.0,0.602,0.597,7.9,9.0,0.879,0.6,3.7,4.3,6.6,1.4,0.8,2.2,2.0,31.1,"MVP-1,CPOY-1,AS,NBA1",2026,38333050
Anthony Edwards,24.0,MIN,SG,61.0,60.0,35.0,9.9,20.2,0.489,3.4,8.4,0.399,6.5,11.8,0.554,0.572,5.7,7.2,0.796,0.6,4.4,5.0,3.7,1.4,0.8,2.9,1.9,28.8,"CPOY-3,AS",2026,45550512
Jaylen Brown,29.0,BOS,SF,71.0,71.0,34.4,10.4,21.7,0.477,2.0,5.7,0.347,8.4,16.0,0.523,0.522,6.0,7.5,0.795,1.1,5.8,6.9,5.1,1.0,0.4,3.6,2.7,28.7,"MVP-6,AS,NBA2",2026,53142264
Tyrese Maxey,25.0,PHI,PG,70.0,70.0,38.0,9.9,21.4,0.462,3.1,8.6,0.367,6.8,12.9,0.525,0.536,5.3,6.0,0.892,0.3,3.8,4.1,6.6,1.9,0.8,2.4,2.2,28.3,"CPOY-7,AS,NBA3",2026,37958760
Kawhi Leonard,34.0,LAC,SF,65.0,65.0,32.1,9.8,19.4,0.505,2.6,6.8,0.387,7.1,12.5,0.569,0.573,5.7,6.4,0.892,1.1,5.3,6.4,3.6,1.9,0.4,2.0,1.2,27.9,"MVP-7,CPOY-10,AS,NBA2",2026,50000000
Donovan Mitchell,29.0,CLE,SG,70.0,70.0,33.5,9.7,20.0,0.483,3.2,8.8,0.364,6.5,11.2,0.577,0.563,5.3,6.1,0.865,0.7,3.8,4.5,5.7,1.5,0.3,2.8,2.3,27.9,"MVP-7,AS,NBA2",2026,46394100
Nikola Jokić,30.0,DEN,C,65.0,65.0,34.8,9.9,17.4,0.569,1.7,4.5,0.38,8.2,12.9,0.636,0.618,6.1,7.4,0.831,3.0,9.9,12.9,10.7,1.4,0.8,3.7,2.7,27.7,"MVP-2,CPOY-6,AS,NBA1",2026,55224526
Giannis Antetokounmpo,31.0,MIL,PF,36.0,36.0,28.9,10.4,16.6,0.624,0.4,1.3,0.333,9.9,15.4,0.647,0.636,6.4,9.9,0.65,2.7,7.1,9.8,5.4,0.9,0.7,3.2,2.4,27.6,AS,2026,54126450
Joel Embiid,31.0,PHI,C,38.0,38.0,31.6,9.0,18.3,0.489,1.4,4.2,0.333,7.6,14.2,0.535,0.527,7.5,8.8,0.854,2.0,5.7,7.7,3.9,0.6,1.2,2.9,2.2,26.9,0,2026,55224526
Lauri Markkanen,28.0,UTA,PF,42.0,42.0,34.4,9.1,19.2,0.477,2.7,7.7,0.355,6.4,11.5,0.559,0.548,5.7,6.4,0.896,2.0,4.9,6.9,2.1,1.0,0.5,1.5,1.8,26.7,0,2026,46394100
Stephen Curry,37.0,GSW,PG,43.0,41.0,30.9,8.7,18.6,0.468,4.4,11.3,0.393,4.3,7.3,0.584,0.587,4.7,5.1,0.923,0.4,3.2,3.6,4.7,1.1,0.4,2.8,1.7,26.6,AS,2026,59606817
Devin Booker,29.0,PHO,SG,64.0,64.0,33.5,8.5,18.7,0.456,1.9,5.8,0.33,6.6,12.9,0.512,0.507,7.1,8.1,0.873,0.8,3.1,3.9,6.0,0.8,0.3,3.1,2.6,26.1,AS,2026,53142264
Jalen Brunson,29.0,NYK,PG,74.0,74.0,35.0,9.3,19.9,0.467,2.6,7.1,0.369,6.7,12.8,0.522,0.533,4.8,5.7,0.841,0.4,2.9,3.3,6.8,0.8,0.1,2.4,2.3,26.0,"CPOY-5,AS,NBA2",2026,34944001
Kevin Durant,37.0,HOU,SF,78.0,78.0,36.4,9.2,17.6,0.52,2.4,5.8,0.413,6.8,11.9,0.572,0.588,5.2,6.0,0.874,0.5,4.9,5.5,4.8,0.8,0.9,3.2,1.8,26.0,"CPOY-9,AS,NBA2",2026,54708609
Jamal Murray,28.0,DEN,PG,75.0,75.0,35.4,8.8,18.1,0.483,3.3,7.5,0.435,5.5,10.6,0.517,0.573,4.6,5.2,0.887,0.4,4.0,4.4,7.1,0.9,0.4,2.3,1.7,25.4,"CPOY-2,AS,NBA3",2026,46394100
Victor Wembanyama,22.0,SAS,C,64.0,55.0,29.2,8.6,16.9,0.512,1.9,5.5,0.349,6.7,11.4,0.59,0.569,5.8,7.0,0.827,2.0,9.5,11.5,3.1,1.0,3.1,2.4,2.4,25.0,"MVP-3,DPOY-1,AS,NBA1,DEF1",2026,13376880
Deni Avdija,25.0,POR,SF,66.0,66.0,33.3,7.5,16.1,0.462,1.9,6.0,0.318,5.6,10.2,0.547,0.521,7.4,9.2,0.802,1.1,5.8,6.9,6.7,0.8,0.6,3.8,2.5,24.2,AS,2026,14375000
Michael Porter Jr.,27.0,BRK,SF,52.0,52.0,32.5,8.5,18.4,0.463,3.4,9.3,0.363,5.2,9.1,0.567,0.555,3.8,4.4,0.859,1.3,5.7,7.1,3.0,1.1,0.3,2.3,2.2,24.2,0,2026,38333050
Pascal Siakam,31.0,IND,PF,62.0,62.0,33.2,9.0,18.6,0.484,1.7,4.7,0.358,7.3,13.9,0.527,0.529,4.2,6.1,0.693,1.4,5.2,6.6,3.8,1.1,0.4,2.2,2.4,24.0,AS,2026,45550512
Cade Cunningham,24.0,DET,PG,64.0,64.0,33.9,8.6,18.6,0.461,2.0,5.7,0.342,6.6,12.9,0.514,0.513,4.8,6.0,0.812,0.9,4.7,5.5,9.9,1.4,0.8,3.7,3.1,23.9,"MVP-5,CPOY-4,AS,NBA1",2026,46394100
James Harden,36.0,2TM,PG,70.0,70.0,34.8,7.0,16.0,0.434,3.1,8.2,0.375,3.9,7.9,0.495,0.529,6.6,7.5,0.884,0.6,4.2,4.8,8.0,1.1,0.4,3.5,2.0,23.6,0,2026,39182693
Keyonte George,22.0,UTA,PG,54.0,54.0,33.1,7.4,16.3,0.456,2.5,6.7,0.371,5.0,9.6,0.515,0.532,6.2,7.0,0.892,0.4,3.3,3.7,6.1,1.1,0.3,3.1,2.2,23.6,0,2026,4278960
Austin Reaves,27.0,LAL,SG,51.0,45.0,34.5,7.3,14.9,0.49,2.3,6.4,0.36,5.0,8.5,0.588,0.567,6.3,7.3,0.871,0.6,4.1,4.7,5.5,1.1,0.4,3.0,2.2,23.3,0,2026,13937574
Jalen Johnson,24.0,ATL,SF,72.0,72.0,35.2,8.3,17.1,0.489,1.7,4.7,0.352,6.7,12.3,0.541,0.537,4.2,5.3,0.788,1.4,8.9,10.3,7.9,1.2,0.4,3.4,2.1,22.5,"AS,NBA3",2026,30000000
Paolo Banchero,23.0,ORL,PF,72.0,72.0,34.8,7.3,16.0,0.459,1.2,3.8,0.305,6.2,12.2,0.507,0.496,6.3,8.2,0.775,1.2,7.2,8.4,5.2,0.7,0.6,3.1,2.0,22.2,0,2026,15334769
Jayson Tatum,27.0,BOS,PF,16.0,16.0,32.6,7.4,17.9,0.411,2.9,8.9,0.329,4.4,9.0,0.493,0.493,4.1,4.9,0.823,0.5,9.5,10.0,5.3,1.4,0.2,2.4,1.6,21.8,0,2026,54126450
Norman Powell,32.0,MIA,SG,58.0,52.0,29.6,7.3,15.4,0.47,2.7,7.1,0.38,4.6,8.4,0.546,0.558,4.5,5.5,0.827,0.4,3.1,3.5,2.5,1.1,0.2,1.9,2.2,21.7,AS,2026,20482758
Brandon Ingram,28.0,TOR,SF,77.0,77.0,33.8,8.0,16.7,0.477,1.8,4.6,0.382,6.2,12.1,0.512,0.529,3.8,4.6,0.82,0.8,4.8,5.6,3.7,0.8,0.7,2.4,1.9,21.5,AS,2026,38095238
Trey Murphy III,25.0,NOP,SF,66.0,66.0,35.5,7.5,15.9,0.47,3.2,8.6,0.379,4.2,7.3,0.577,0.572,3.3,3.7,0.886,1.0,4.8,5.7,3.8,1.5,0.4,1.8,2.1,21.5,0,2026,25000000
Julius Randle,31.0,MIN,PF,79.0,79.0,33.0,7.3,15.3,0.481,1.4,4.4,0.315,6.0,10.9,0.547,0.526,5.0,6.3,0.802,1.7,5.1,6.7,5.0,1.1,0.2,2.7,2.8,21.1,0,2026,30864198
Cooper Flagg,19.0,DAL,SF,70.0,70.0,33.5,8.0,17.1,0.468,1.0,3.5,0.295,7.0,13.6,0.513,0.498,4.0,4.9,0.827,1.2,5.4,6.7,4.5,1.2,0.9,2.3,2.0,21.0,ROY-1,2026,13825920
Zion Williamson,25.0,NOP,PF,62.0,55.0,29.7,7.8,13.0,0.6,0.0,0.1,0.25,7.8,13.0,0.601,0.6,5.4,7.5,0.716,2.0,3.7,5.7,3.2,1.0,0.5,2.0,2.3,21.0,0,2026,39446090
LeBron James,41.0,LAL,SF,60.0,60.0,33.2,7.9,15.3,0.515,1.3,4.1,0.317,6.6,11.3,0.586,0.557,3.9,5.3,0.737,0.7,5.4,6.1,7.2,1.2,0.6,3.0,1.4,20.9,AS,2026,52627153
Nickeil Alexander-Walker,27.0,ATL,SG,78.0,71.0,33.4,7.0,15.3,0.459,3.2,8.1,0.399,3.8,7.3,0.525,0.564,3.6,3.9,0.902,0.7,2.8,3.4,3.7,1.3,0.5,2.1,2.2,20.8,MIP-1,2026,15161800
Shaedon Sharpe,22.0,POR,SG,50.0,42.0,29.4,7.8,17.4,0.452,2.1,6.1,0.337,5.8,11.2,0.514,0.511,3.1,3.9,0.787,1.0,3.3,4.3,2.6,1.4,0.1,2.9,2.0,20.8,0,2026,8399983
Franz Wagner,24.0,ORL,SF,34.0,32.0,30.0,7.2,14.9,0.481,1.4,4.1,0.345,5.8,10.8,0.533,0.529,4.8,5.8,0.823,1.3,3.9,5.2,3.3,0.9,0.3,1.7,2.1,20.6,0,2026,38661750
Tyler Herro,26.0,MIA,SG,33.0,28.0,31.3,7.5,15.6,0.48,2.5,6.7,0.378,4.9,8.9,0.556,0.561,3.0,3.3,0.917,0.4,4.4,4.8,4.1,0.7,0.4,1.9,1.9,20.5,0,2026,31000000
Anthony Davis,32.0,DAL,PF,20.0,20.0,31.3,8.5,16.7,0.506,0.5,1.9,0.27,8.0,14.9,0.535,0.521,3.0,4.1,0.728,3.1,8.0,11.1,2.8,1.1,1.7,2.1,2.1,20.4,0,2026,54126450
Alperen Şengün,23.0,HOU,C,72.0,72.0,33.3,8.1,15.6,0.519,0.6,1.8,0.305,7.5,13.8,0.547,0.537,3.6,5.2,0.691,3.0,5.9,8.9,6.2,1.2,1.1,3.2,3.3,20.4,AS,2026,33944954
Dillon Brooks,30.0,PHO,SF,56.0,56.0,30.4,7.4,17.1,0.435,2.3,6.6,0.344,5.2,10.5,0.492,0.501,3.0,3.6,0.842,0.8,2.9,3.6,1.8,1.0,0.2,1.8,3.3,20.2,0,2026,21124110
Brandon Miller,23.0,CHO,SF,65.0,65.0,30.3,7.0,16.1,0.435,3.1,8.2,0.383,3.8,7.9,0.489,0.533,3.1,3.4,0.892,1.1,3.8,4.9,3.3,1.0,0.7,2.5,2.8,20.2,0,2026,11968800
Bam Adebayo,28.0,MIA,C,73.0,73.0,32.4,6.9,15.7,0.442,1.7,5.5,0.318,5.2,10.2,0.509,0.497,4.5,5.8,0.778,2.0,8.0,10.0,3.2,1.2,0.7,1.6,1.7,20.1,"DPOY-11,DEF2",2026,37096620
LaMelo Ball,24.0,CHO,PG,72.0,69.0,28.0,7.0,17.3,0.407,3.8,10.3,0.368,3.3,7.0,0.464,0.516,2.2,2.5,0.899,0.9,3.9,4.8,7.1,1.2,0.2,2.8,2.7,20.1,0,2026,37958760
Desmond Bane,27.0,ORL,SG,82.0,82.0,33.6,7.1,14.7,0.484,2.0,5.2,0.391,5.1,9.5,0.535,0.553,3.8,4.2,0.908,1.2,2.9,4.1,4.1,1.0,0.5,2.0,3.1,20.1,0,2026,36725670
Karl-Anthony Towns,30.0,NYK,C,75.0,75.0,31.0,6.9,13.8,0.501,1.5,4.1,0.368,5.4,9.7,0.557,0.556,4.8,5.5,0.858,3.1,8.7,11.9,3.0,0.9,0.5,2.5,3.4,20.1,AS,2026,53142264
Jimmy Butler,36.0,GSW,SF,38.0,38.0,31.1,6.3,12.2,0.519,0.8,2.2,0.376,5.5,9.9,0.552,0.554,6.5,7.6,0.864,2.3,3.2,5.6,4.9,1.4,0.2,1.6,1.2,20.0,0,2026,54126450
Ty Jerome,28.0,MEM,SG,15.0,15.0,22.6,6.8,14.3,0.474,2.8,6.7,0.42,4.0,7.7,0.522,0.572,3.3,3.7,0.875,0.7,2.1,2.8,5.7,1.1,0.3,1.8,2.1,19.7,0,2026,8781000
Jalen Duren,22.0,DET,C,70.0,70.0,28.2,7.5,11.5,0.65,0.0,0.0,0.0,7.5,11.5,0.65,0.65,4.6,6.1,0.747,3.8,6.7,10.5,2.0,0.8,0.8,1.9,2.8,19.5,"DPOY-11,AS,NBA3",2026,6483144
Ja Morant,26.0,MEM,PG,20.0,20.0,28.5,6.6,16.1,0.41,1.0,4.3,0.235,5.6,11.9,0.473,0.441,5.3,5.9,0.897,0.4,2.9,3.3,8.1,1.0,0.3,3.6,2.0,19.5,0,2026,39446090
Jaren Jackson Jr.,26.0,2TM,C,48.0,48.0,30.3,7.1,15.0,0.476,1.8,4.9,0.357,5.4,10.1,0.533,0.534,3.4,4.2,0.803,0.9,4.8,5.7,2.0,1.1,1.4,2.2,3.7,19.4,0,2026,35000000
RJ Barrett,25.0,TOR,SF,57.0,57.0,30.3,7.0,14.3,0.491,1.7,5.0,0.339,5.4,9.4,0.572,0.55,3.5,4.9,0.717,1.0,4.3,5.3,3.3,0.7,0.3,1.7,2.6,19.3,0,2026,27705357
Zach LaVine,30.0,SAC,SG,39.0,37.0,31.4,6.7,14.0,0.479,2.5,6.5,0.39,4.2,7.5,0.556,0.569,3.2,3.6,0.88,0.2,2.6,2.8,2.3,0.7,0.3,1.9,2.1,19.2,0,2026,47499660
Darius Garland,26.0,2TM,PG,45.0,43.0,29.9,6.9,14.9,0.46,2.7,6.8,0.396,4.2,8.1,0.514,0.551,2.3,2.7,0.861,0.4,2.0,2.4,6.7,1.0,0.2,2.9,1.9,18.8,0,2026,39446090
CJ McCollum,34.0,2TM,PG,76.0,60.0,29.8,6.9,15.2,0.455,2.5,6.7,0.375,4.4,8.5,0.519,0.538,2.4,3.1,0.772,0.8,2.5,3.3,3.9,0.8,0.5,1.8,1.9,18.7,0,2026,30666666
De'Aaron Fox,28.0,SAS,PG,72.0,72.0,31.0,7.1,14.5,0.486,1.8,5.5,0.332,5.3,9.1,0.58,0.549,2.6,3.4,0.76,0.6,3.2,3.8,6.2,1.2,0.3,2.3,2.3,18.6,AS,2026,37096620
Jerami Grant,31.0,POR,PF,57.0,38.0,29.7,5.8,12.8,0.453,2.4,6.1,0.389,3.4,6.7,0.513,0.547,4.6,5.6,0.814,1.0,2.5,3.5,2.1,0.7,0.6,2.1,2.5,18.6,0,2026,32000001
Kon Knueppel,20.0,CHO,SF,81.0,80.0,31.5,6.4,13.4,0.475,3.4,7.9,0.425,3.0,5.5,0.548,0.601,2.4,2.8,0.863,1.2,4.1,5.3,3.4,0.7,0.2,2.0,2.1,18.5,ROY-2,2026,10015680
DeMar DeRozan,36.0,SAC,PF,77.0,77.0,31.2,6.5,13.1,0.497,0.6,1.9,0.32,5.9,11.1,0.527,0.52,4.9,5.6,0.868,0.5,2.5,2.9,4.1,1.0,0.3,1.2,1.9,18.4,0,2026,24570000
Amen Thompson,23.0,HOU,PG,79.0,79.0,37.4,7.1,13.2,0.534,0.3,1.5,0.216,6.7,11.7,0.573,0.545,3.8,4.9,0.779,3.0,4.8,7.8,5.3,1.5,0.6,2.4,2.2,18.3,DPOY-8,2026,9690600
Evan Mobley,24.0,CLE,PF,65.0,63.0,31.9,7.2,13.2,0.546,1.0,3.2,0.297,6.3,10.0,0.626,0.582,2.8,4.6,0.606,2.4,6.6,9.0,3.6,0.7,1.7,1.9,2.4,18.2,0,2026,46394100
Scottie Barnes,24.0,TOR,PF,80.0,80.0,33.5,7.1,14.0,0.507,0.9,2.8,0.304,6.3,11.2,0.557,0.537,3.0,3.7,0.815,1.9,5.6,7.5,5.9,1.4,1.5,2.6,2.6,18.1,"DPOY-5,AS,DEF2",2026,38661750
Trae Young,27.0,2TM,PG,15.0,15.0,25.6,5.4,11.8,0.458,1.8,5.3,0.338,3.6,6.5,0.557,0.534,5.3,6.5,0.825,0.3,1.7,2.0,8.0,0.9,0.1,2.6,2.2,17.9,0,2026,46394100
Jalen Green,23.0,PHO,SG,32.0,27.0,25.9,6.8,16.0,0.422,2.2,7.1,0.313,4.5,8.9,0.509,0.491,2.0,2.7,0.747,0.5,3.1,3.6,2.8,1.1,0.3,2.3,1.3,17.8,0,2026,33584499
Saddiq Bey,26.0,NOP,SF,72.0,64.0,31.2,6.1,13.4,0.451,2.1,5.7,0.367,4.0,7.7,0.514,0.529,3.4,4.1,0.841,1.7,3.9,5.6,2.5,0.9,0.1,0.9,1.3,17.7,0,2026,6118644
Bennedict Mathurin,23.0,2TM,SF,54.0,25.0,30.0,5.4,12.5,0.43,1.4,4.4,0.315,4.0,8.1,0.492,0.485,5.4,6.2,0.869,1.0,4.4,5.4,2.4,0.8,0.2,2.2,2.5,17.6,0,2026,9187573
Coby White,25.0,2TM,SG,50.0,26.0,25.0,5.6,12.5,0.446,2.3,6.4,0.362,3.3,6.1,0.534,0.539,3.9,4.8,0.817,0.3,3.1,3.4,4.0,0.5,0.1,2.6,2.2,17.4,0,2026,12888889
Kevin Porter Jr.,25.0,MIL,PG,38.0,36.0,33.2,6.3,13.5,0.465,1.2,3.8,0.322,5.1,9.8,0.52,0.51,3.6,4.1,0.878,0.9,4.3,5.2,7.4,2.2,0.5,2.9,2.3,17.4,0,2026,5134000
Paul George,35.0,PHI,PF,37.0,37.0,30.7,6.1,13.9,0.439,2.7,6.9,0.392,3.4,7.0,0.484,0.536,2.5,3.0,0.82,0.5,4.8,5.3,3.6,1.7,0.4,1.7,2.3,17.3,0,2026,51666090
Ryan Rollins,23.0,MIL,PG,74.0,67.0,32.1,6.6,13.9,0.472,2.5,6.1,0.406,4.1,7.8,0.523,0.561,1.7,2.1,0.796,0.7,3.8,4.6,5.6,1.5,0.4,2.7,2.6,17.3,0,2026,4000000
Miles Bridges,27.0,CHO,PF,77.0,77.0,31.0,6.2,13.5,0.46,1.9,5.8,0.333,4.3,7.8,0.554,0.531,2.7,3.3,0.822,1.0,4.9,5.8,3.2,0.6,0.4,1.4,1.7,17.1,0,2026,25000000
Chet Holmgren,23.0,OKC,PF,69.0,69.0,28.9,6.3,11.3,0.557,1.3,3.5,0.362,5.0,7.8,0.646,0.614,3.3,4.1,0.792,1.9,7.0,8.9,1.7,0.6,1.9,1.6,2.3,17.1,"DPOY-2,AS,NBA3,DEF1",2026,13731368
Jalen Williams,24.0,OKC,SG,33.0,33.0,28.4,6.5,13.5,0.484,0.7,2.3,0.299,5.8,11.2,0.523,0.51,3.3,3.9,0.837,0.8,3.8,4.6,5.5,1.2,0.3,1.9,2.0,17.1,0,2026,6580997
Josh Giddey,23.0,CHI,PG,54.0,51.0,32.1,5.9,13.3,0.448,1.9,5.2,0.364,4.0,8.0,0.502,0.52,3.2,4.2,0.763,1.2,7.1,8.3,9.1,1.0,0.5,3.6,1.7,17.0,0,2026,25000000
Payton Pritchard,28.0,BOS,PG,79.0,50.0,32.4,6.4,13.8,0.464,2.7,7.1,0.377,3.7,6.7,0.556,0.561,1.5,1.7,0.89,0.9,3.1,3.9,5.2,0.7,0.1,1.4,1.5,17.0,0,2026,7232143
Andrew Nembhard,26.0,IND,PG,57.0,57.0,31.3,5.8,13.2,0.442,1.9,5.2,0.361,4.0,8.0,0.495,0.513,3.4,4.1,0.825,0.4,2.4,2.8,7.7,0.9,0.1,2.4,2.2,16.9,0,2026,18102000
Kristaps Porziņģis,30.0,2TM,C,32.0,23.0,24.0,5.4,12.1,0.446,1.7,5.0,0.338,3.7,7.1,0.522,0.515,4.2,4.9,0.842,1.3,4.0,5.2,2.5,0.6,1.2,1.3,2.9,16.7,0,2026,30731707
OG Anunoby,28.0,NYK,PF,67.0,67.0,33.2,5.8,12.0,0.484,2.3,6.1,0.386,3.5,5.9,0.584,0.581,2.7,3.3,0.828,1.3,4.0,5.2,2.2,1.6,0.7,1.8,2.4,16.7,"DPOY-10,DEF2",2026,39568966
Stephon Castle,21.0,SAS,PG,68.0,67.0,30.0,5.7,12.0,0.471,1.2,3.6,0.332,4.5,8.4,0.531,0.521,4.1,5.6,0.734,1.4,3.9,5.3,7.4,1.1,0.3,3.2,3.3,16.7,0,2026,9560520
Dejounte Murray,29.0,NOP,PG,14.0,14.0,27.8,6.3,13.0,0.484,1.4,4.4,0.306,4.9,8.6,0.575,0.536,2.8,3.2,0.867,0.3,5.1,5.4,6.4,1.6,0.2,3.4,2.4,16.7,0,2026,30801103
Grayson Allen,30.0,PHO,SG,51.0,27.0,28.8,5.3,13.1,0.403,3.1,8.9,0.349,2.2,4.2,0.519,0.522,2.8,3.3,0.857,0.7,2.3,3.0,3.8,1.4,0.3,1.6,2.3,16.5,0,2026,16875000
Derrick White,31.0,BOS,SG,77.0,77.0,34.1,5.7,14.4,0.394,2.7,8.3,0.327,3.0,6.1,0.487,0.489,2.4,2.6,0.902,1.1,3.3,4.4,5.4,1.1,1.3,1.7,1.5,16.5,"DPOY-6,DEF1",2026,28100000
Immanuel Quickley,26.0,TOR,PG,70.0,70.0,31.9,5.7,12.9,0.443,2.5,6.8,0.374,3.2,6.1,0.52,0.541,2.4,3.0,0.821,0.5,3.5,4.0,5.9,1.3,0.1,1.5,2.0,16.4,0,2026,32500000
Matas Buzelis,21.0,CHI,PF,77.0,77.0,29.2,5.8,12.5,0.463,2.2,6.4,0.349,3.5,6.1,0.583,0.553,2.4,3.1,0.786,1.0,4.8,5.8,2.1,0.7,1.5,2.1,2.3,16.3,0,2026,5455560
Jrue Holiday,35.0,POR,PG,53.0,51.0,29.4,6.0,13.4,0.451,2.6,6.8,0.378,3.5,6.5,0.527,0.548,1.7,2.0,0.838,1.3,3.3,4.6,6.1,1.0,0.1,2.8,1.5,16.3,0,2026,32400000
Alex Sarr,20.0,WAS,C,48.0,48.0,27.2,6.6,13.7,0.482,1.0,3.1,0.333,5.5,10.5,0.526,0.52,2.1,3.0,0.692,2.2,5.2,7.4,2.7,0.8,2.0,1.7,2.2,16.3,0,2026,11808240
Dariq Whitehead,21.0,MEM,SF,6.0,2.0,30.5,6.2,15.5,0.398,3.2,10.0,0.317,3.0,5.5,0.545,0.5,0.8,1.2,0.714,0.3,3.7,4.0,1.5,0.7,0.0,1.7,2.2,16.3,0,2026,3262560
Aaron Gordon,30.0,DEN,PF,36.0,33.0,27.9,5.5,11.1,0.497,1.7,4.4,0.389,3.8,6.7,0.568,0.574,3.5,4.5,0.767,1.4,4.4,5.8,2.7,0.6,0.3,1.1,1.7,16.2,0,2026,22841455
VJ Edgecombe,20.0,PHI,SG,75.0,75.0,35.0,6.0,13.7,0.438,2.0,5.6,0.354,4.0,8.1,0.496,0.51,2.0,2.4,0.818,1.6,4.0,5.6,4.2,1.4,0.5,1.8,2.9,16.0,ROY-3,2026,11108880
Domantas Sabonis,29.0,SAC,C,19.0,15.0,29.7,6.3,11.6,0.543,0.3,1.4,0.185,6.1,10.2,0.593,0.554,2.9,4.1,0.727,3.4,8.0,11.4,4.1,0.9,0.2,2.7,3.5,15.8,0,2026,42336000
Jabari Smith Jr.,22.0,HOU,PF,77.0,77.0,35.1,5.7,12.6,0.45,2.3,6.3,0.363,3.4,6.3,0.537,0.541,2.1,2.7,0.775,1.4,5.5,6.9,1.9,0.7,0.9,1.4,2.5,15.8,0,2026,12350392
Collin Sexton,27.0,2TM,SG,68.0,22.0,23.7,5.3,10.9,0.485,1.6,4.1,0.401,3.6,6.8,0.536,0.561,3.2,3.8,0.855,0.6,1.7,2.3,3.3,1.1,0.1,2.1,2.1,15.4,0,2026,18975000
Jarrett Allen,27.0,CLE,C,56.0,56.0,27.1,6.0,9.4,0.638,0.0,0.2,0.1,6.0,9.3,0.649,0.639,3.3,4.7,0.709,2.6,5.9,8.5,1.8,1.0,0.8,1.3,1.7,15.4,0,2026,20000000
Jaime Jaquez Jr.,24.0,MIA,SF,75.0,1.0,28.3,6.2,12.2,0.507,0.8,2.4,0.317,5.4,9.8,0.555,0.539,2.2,2.9,0.769,1.3,3.7,5.0,4.7,0.7,0.3,2.0,1.8,15.4,6MOY-2,2026,3861600
Andrew Wiggins,30.0,MIA,SF,68.0,68.0,30.3,5.7,12.1,0.475,2.0,4.9,0.414,3.7,7.2,0.516,0.559,1.9,2.4,0.784,1.7,3.1,4.8,2.7,1.1,1.0,1.5,2.3,15.4,0,2026,28223215
Naji Marshall,28.0,DAL,SF,74.0,47.0,29.5,5.7,11.1,0.51,0.8,2.9,0.291,4.8,8.2,0.587,0.548,3.1,4.1,0.76,0.9,3.8,4.7,3.3,1.1,0.1,1.6,1.9,15.2,0,2026,9000000
Onyeka Okongwu,25.0,ATL,C,74.0,63.0,31.0,5.6,11.6,0.48,1.9,5.2,0.376,3.6,6.4,0.564,0.564,2.1,2.7,0.757,1.9,5.7,7.6,3.1,1.1,1.1,1.7,3.3,15.2,0,2026,15000000
Russell Westbrook,37.0,SAC,SF,64.0,58.0,29.0,5.6,13.1,0.427,2.0,5.9,0.338,3.6,7.2,0.5,0.503,2.0,2.9,0.694,1.3,4.2,5.4,6.7,1.3,0.2,3.3,2.3,15.2,0,2026,2296274
Nikola Vučević,35.0,2TM,C,64.0,49.0,28.4,6.2,12.5,0.493,1.6,4.2,0.369,4.6,8.3,0.557,0.556,1.2,1.5,0.828,2.0,6.4,8.4,3.3,0.6,0.6,1.3,2.0,15.1,0,2026,21481481
Anthony Black,22.0,ORL,PG,64.0,40.0,29.8,5.4,12.1,0.447,1.6,4.7,0.333,3.8,7.4,0.519,0.512,2.6,3.6,0.732,0.7,3.1,3.8,3.7,1.4,0.7,2.1,2.7,15.0,0,2026,7970280
Brice Sensabaugh,22.0,UTA,SF,75.0,22.0,23.5,5.3,11.4,0.46,2.2,5.9,0.367,3.1,5.5,0.559,0.554,2.2,2.7,0.826,0.7,2.3,3.1,1.9,0.7,0.2,1.7,1.9,14.9,0,2026,2693760
Ayo Dosunmu,26.0,2TM,SG,69.0,19.0,27.3,5.6,10.8,0.517,1.8,4.1,0.439,3.8,6.8,0.563,0.599,1.8,2.1,0.876,0.7,2.8,3.4,3.6,0.8,0.3,1.4,1.9,14.8,6MOY-9,2026,7518518
Kyshawn George,22.0,WAS,SF,48.0,48.0,29.0,5.3,12.0,0.438,2.1,5.4,0.381,3.2,6.6,0.486,0.524,2.2,2.7,0.802,0.9,4.2,5.1,4.5,1.0,0.9,2.6,3.5,14.8,0,2026,2966760
Jaden McDaniels,25.0,MIN,PF,73.0,73.0,31.7,5.7,11.1,0.515,1.4,3.4,0.412,4.3,7.7,0.562,0.579,2.0,2.4,0.835,1.0,3.2,4.2,2.7,1.1,1.0,1.8,3.3,14.8,0,2026,24393104
Peyton Watson,23.0,DEN,SF,54.0,40.0,29.6,5.3,10.8,0.491,1.5,3.6,0.411,3.8,7.1,0.531,0.56,2.6,3.5,0.73,0.9,4.0,4.9,2.1,0.9,1.1,1.7,2.5,14.6,0,2026,4356476
Mikal Bridges,29.0,NYK,SF,82.0,82.0,32.8,5.8,11.7,0.49,1.9,5.1,0.371,3.9,6.6,0.582,0.571,1.0,1.2,0.827,1.0,2.8,3.8,3.7,1.3,0.8,1.0,2.0,14.4,0,2026,24900000
Walker Kessler,24.0,UTA,C,5.0,5.0,30.8,5.2,7.4,0.703,1.2,1.6,0.75,4.0,5.8,0.69,0.784,2.8,4.0,0.7,4.6,6.2,10.8,3.0,1.4,1.8,3.2,4.4,14.4,0,2026,4878938
Anfernee Simons,26.0,2TM,SG,55.0,5.0,24.9,5.2,11.8,0.44,2.7,6.9,0.385,2.5,4.9,0.517,0.552,1.3,1.4,0.896,0.6,1.9,2.5,2.4,0.5,0.1,1.2,1.7,14.3,0,2026,27678571
Jeremiah Fears,19.0,NOP,PG,82.0,49.0,25.8,5.3,12.3,0.434,1.2,3.7,0.33,4.1,8.5,0.48,0.485,2.4,3.0,0.789,0.7,2.9,3.7,3.4,1.2,0.4,2.2,1.8,14.3,0,2026,7520040
Scoot Henderson,21.0,POR,PG,30.0,10.0,24.9,4.8,11.4,0.418,1.9,5.4,0.352,2.9,6.0,0.478,0.501,2.8,3.3,0.84,0.6,2.1,2.7,3.7,0.9,0.3,2.4,2.8,14.2,0,2026,10748040
P.J. Washington,27.0,DAL,PF,56.0,53.0,31.0,5.3,11.8,0.45,1.4,4.2,0.325,3.9,7.6,0.519,0.508,2.2,3.3,0.687,1.5,5.5,7.0,1.8,1.0,1.1,1.7,2.1,14.2,0,2026,14152174
Ivica Zubac,28.0,2TM,C,48.0,47.0,30.1,6.0,10.0,0.598,0.0,0.0,0.0,6.0,10.0,0.598,0.598,2.1,3.0,0.711,3.4,7.2,10.6,2.2,0.4,0.8,1.8,2.3,14.1,0,2026,18893980
Tre Jones,26.0,CHI,PG,65.0,41.0,27.0,5.2,9.5,0.553,0.6,2.0,0.315,4.6,7.5,0.616,0.586,2.9,3.5,0.841,0.6,2.6,3.1,5.4,1.2,0.2,1.4,1.4,14.1,0,2026,8000000
Kelly Oubre Jr.,30.0,PHI,SF,50.0,41.0,31.5,5.1,10.9,0.467,1.7,4.8,0.36,3.4,6.1,0.551,0.546,2.2,2.9,0.766,1.0,4.0,5.0,1.6,1.4,0.5,1.4,2.5,14.1,0,2026,8382150
Santi Aldama,25.0,MEM,PF,43.0,11.0,27.9,5.3,11.1,0.479,1.6,4.7,0.35,3.7,6.4,0.572,0.553,1.8,2.7,0.667,1.6,5.1,6.7,2.9,0.9,0.7,1.3,1.6,14.0,0,2026,18485916
Keegan Murray,25.0,SAC,PF,23.0,22.0,34.5,5.5,13.0,0.42,1.3,4.9,0.277,4.1,8.2,0.505,0.472,1.7,2.1,0.776,1.4,4.3,5.7,1.7,1.0,1.6,1.2,1.8,14.0,0,2026,11144093
Devin Vassell,25.0,SAS,SG,67.0,65.0,30.5,4.9,11.3,0.437,2.5,6.4,0.384,2.4,4.8,0.508,0.547,1.6,1.9,0.815,0.6,3.4,4.0,2.5,0.9,0.4,0.9,1.6,13.9,0,2026,27000000
Ace Bailey,19.0,UTA,SF,72.0,61.0,27.6,5.5,12.4,0.443,1.9,5.5,0.344,3.6,6.9,0.522,0.52,0.9,1.2,0.75,1.4,2.8,4.2,1.8,0.8,0.7,1.5,2.7,13.8,0,2026,9069840
Aaron Nesmith,26.0,IND,SF,45.0,42.0,29.7,4.7,11.4,0.414,2.3,6.2,0.379,2.4,5.2,0.455,0.517,2.0,2.5,0.829,1.1,3.1,4.2,1.9,0.6,0.5,1.4,2.8,13.8,0,2026,11000000
Brandin Podziemski,22.0,GSW,SG,82.0,43.0,28.5,4.8,10.6,0.455,1.9,5.0,0.371,2.9,5.5,0.531,0.543,2.3,2.9,0.797,0.9,4.2,5.1,3.7,1.1,0.2,1.6,1.7,13.8,0,2026,3687960
Jalen Suggs,24.0,ORL,PG,57.0,56.0,27.6,4.9,11.4,0.435,2.1,6.3,0.339,2.8,5.1,0.554,0.529,1.8,2.1,0.855,0.6,3.2,3.9,5.5,1.8,0.7,2.7,2.5,13.8,0,2026,35000000
De'Andre Hunter,28.0,2TM,SF,45.0,25.0,26.1,4.6,11.1,0.415,1.7,5.5,0.305,3.0,5.7,0.522,0.49,2.8,3.2,0.867,0.7,3.4,4.1,2.0,0.7,0.1,1.7,2.5,13.7,0,2026,23303571
Bobby Portis,30.0,MIL,PF,67.0,9.0,24.2,5.5,11.2,0.488,2.0,4.4,0.456,3.4,6.8,0.509,0.578,0.7,1.0,0.706,1.3,5.1,6.4,1.6,0.6,0.2,1.0,1.6,13.7,0,2026,13445754
John Collins,28.0,LAC,PF,69.0,56.0,27.1,5.3,9.6,0.552,1.3,3.2,0.406,4.0,6.4,0.625,0.62,1.7,2.2,0.766,1.6,3.7,5.3,1.0,0.9,0.7,1.4,2.7,13.6,0,2026,26580000
Cedric Coward,22.0,MEM,SG,62.0,47.0,25.8,4.9,10.5,0.471,1.5,4.4,0.338,3.4,6.0,0.568,0.542,2.3,2.7,0.843,1.3,4.5,5.9,2.8,0.6,0.4,1.7,2.0,13.6,ROY-5,2026,5715120
Zach Edey,23.0,MEM,C,11.0,11.0,25.8,5.6,8.9,0.633,0.1,0.5,0.2,5.5,8.5,0.656,0.638,2.3,2.9,0.781,3.9,7.2,11.1,1.1,0.6,1.9,2.4,3.4,13.6,0,2026,6045000
Ajay Mitchell,23.0,OKC,SG,57.0,16.0,25.8,5.0,10.4,0.485,1.1,3.1,0.347,3.9,7.3,0.543,0.536,2.5,2.8,0.87,0.7,2.6,3.3,3.6,1.2,0.3,1.4,2.1,13.6,6MOY-5,2026,3000000
Naz Reid,26.0,MIN,C,77.0,3.0,26.1,5.2,11.3,0.456,2.1,5.8,0.362,3.1,5.5,0.556,0.549,1.2,1.6,0.732,1.2,5.0,6.2,2.2,1.0,1.0,1.6,2.5,13.6,6MOY-4,2026,21551724
Cam Thomas,24.0,2TM,SG,42.0,8.0,21.0,4.5,11.0,0.41,1.2,4.0,0.31,3.3,7.0,0.468,0.466,3.3,4.0,0.811,0.3,1.4,1.7,2.6,0.2,0.1,1.8,1.0,13.5,0,2026,6837779
Tim Hardaway Jr.,33.0,DEN,SG,80.0,6.0,26.6,4.4,9.7,0.447,2.8,6.9,0.407,1.6,2.9,0.541,0.591,2.0,2.5,0.811,0.2,2.4,2.6,1.4,0.5,0.1,0.5,1.3,13.5,6MOY-3,2026,2296274
Reed Sheppard,21.0,HOU,SG,82.0,21.0,26.2,5.0,11.5,0.43,2.8,7.0,0.394,2.2,4.5,0.486,0.55,0.8,1.0,0.802,0.3,2.6,2.9,3.4,1.5,0.7,1.5,2.0,13.5,6MOY-6,2026,10603560
Toumani Camara,25.0,POR,PF,82.0,82.0,33.3,4.8,10.9,0.44,2.7,7.2,0.37,2.1,3.6,0.579,0.563,1.2,1.7,0.708,1.6,3.6,5.1,2.5,1.1,0.4,1.8,2.9,13.4,0,2026,2221677
Quentin Grimes,25.0,PHI,SG,75.0,19.0,29.4,4.5,10.1,0.45,1.7,5.1,0.334,2.8,5.0,0.568,0.534,2.7,3.2,0.84,0.6,3.0,3.6,3.3,0.9,0.4,1.8,2.1,13.4,0,2026,8741209
Jordan Poole,26.0,NOP,PG,39.0,8.0,23.9,4.2,11.4,0.372,2.5,7.4,0.333,1.8,4.0,0.442,0.48,2.5,2.9,0.86,0.2,1.7,2.0,3.1,0.6,0.4,1.8,2.3,13.4,0,2026,31848215
Tobias Harris,33.0,DET,PF,63.0,63.0,27.7,4.9,10.5,0.469,1.3,3.5,0.368,3.6,6.9,0.521,0.531,2.2,2.5,0.866,0.9,4.3,5.1,2.5,0.9,0.4,1.0,1.7,13.3,0,2026,26634146
Keldon Johnson,26.0,SAS,SF,82.0,0.0,23.3,5.0,9.7,0.519,1.2,3.3,0.363,3.8,6.4,0.601,0.582,1.9,2.4,0.794,1.7,3.7,5.4,1.4,0.6,0.1,0.9,2.0,13.2,6MOY-1,2026,17500000
Jaylon Tyson,23.0,CLE,SG,66.0,42.0,26.9,5.0,10.2,0.493,2.0,4.5,0.446,3.0,5.6,0.53,0.592,1.2,1.6,0.738,1.8,3.3,5.1,2.2,0.8,0.4,1.5,2.5,13.2,0,2026,3492480
Kyle Kuzma,30.0,MIL,PF,69.0,43.0,26.2,4.9,10.0,0.492,1.2,3.5,0.347,3.7,6.5,0.569,0.552,2.0,2.7,0.726,0.8,3.7,4.5,2.7,0.7,0.4,1.7,1.9,13.0,0,2026,22410605
Brandon Williams,26.0,DAL,PG,66.0,15.0,22.2,4.4,9.3,0.472,0.5,2.3,0.232,3.9,7.0,0.552,0.501,3.7,4.6,0.793,0.5,2.4,2.9,3.9,0.9,0.3,1.9,1.6,13.0,0,2026,2270735
Sam Merrill,29.0,CLE,SG,52.0,38.0,26.5,4.3,9.3,0.461,3.0,7.2,0.421,1.3,2.1,0.596,0.624,1.1,1.3,0.855,0.5,2.0,2.6,2.4,0.6,0.1,0.8,2.4,12.8,0,2026,8482144
Collin Gillespie,26.0,PHO,PG,80.0,58.0,28.5,4.4,10.5,0.418,2.9,7.2,0.401,1.5,3.3,0.455,0.556,1.0,1.1,0.874,1.1,3.0,4.1,4.6,1.2,0.2,1.6,1.6,12.7,0,2026,2296274
Deandre Ayton,27.0,LAL,C,72.0,72.0,27.2,5.6,8.3,0.671,0.0,0.0,0.0,5.6,8.3,0.671,0.671,1.3,2.0,0.645,2.6,5.4,8.0,0.8,0.6,1.0,1.2,2.2,12.5,0,2026,33654814
GG Jackson II,21.0,MEM,PF,55.0,28.0,21.4,4.6,9.3,0.496,1.2,3.5,0.332,3.5,5.8,0.595,0.558,2.0,2.7,0.742,0.9,3.4,4.3,1.5,0.6,0.8,1.5,1.4,12.5,0,2026,2221677
Malik Monk,27.0,SAC,SG,62.0,3.0,22.0,4.5,10.2,0.438,2.0,5.1,0.395,2.5,5.1,0.481,0.536,1.5,1.7,0.879,0.2,1.6,1.9,3.0,0.6,0.4,1.5,1.6,12.5,0,2026,18797619
Maxime Raynaud,22.0,SAC,C,74.0,56.0,26.5,5.2,9.1,0.571,0.3,1.0,0.324,4.9,8.1,0.601,0.589,1.8,2.3,0.786,1.9,5.6,7.5,1.4,0.5,0.5,1.3,2.3,12.5,0,2026,1272870
Jaylen Wells,22.0,MEM,SG,69.0,69.0,26.4,4.4,10.1,0.431,1.9,5.3,0.353,2.5,4.8,0.517,0.524,1.9,2.5,0.784,0.9,2.3,3.2,1.6,0.9,0.1,1.1,2.1,12.5,0,2026,1955377
Max Christie,22.0,DAL,SG,77.0,68.0,29.1,4.2,9.4,0.441,2.3,5.8,0.404,1.8,3.6,0.502,0.566,1.6,1.8,0.899,0.2,3.0,3.2,2.0,0.6,0.4,1.2,1.3,12.3,0,2026,7714286
Noah Clowney,21.0,BRK,PF,66.0,60.0,27.0,3.8,9.6,0.396,2.0,5.9,0.329,1.8,3.6,0.506,0.498,2.7,3.4,0.804,0.8,3.3,4.1,1.6,0.8,0.7,1.5,2.5,12.3,0,2026,3398640
De'Anthony Melton,27.0,GSW,PG,49.0,24.0,23.0,4.4,10.8,0.407,1.5,5.0,0.294,2.9,5.8,0.505,0.475,2.0,2.5,0.826,0.8,2.4,3.2,2.6,1.6,0.4,1.9,1.9,12.3,0,2026,3080921
Jonathan Kuminga,23.0,2TM,PF,36.0,14.0,23.1,4.4,9.4,0.463,1.0,2.9,0.333,3.4,6.5,0.521,0.515,2.5,3.4,0.724,1.4,4.3,5.6,2.3,0.6,0.3,1.9,1.5,12.2,0,2026,23799569
Donte DiVincenzo,29.0,MIN,SG,82.0,82.0,30.4,4.1,10.2,0.406,3.0,7.9,0.379,1.2,2.3,0.497,0.552,1.0,1.3,0.743,0.8,3.3,4.1,3.8,1.3,0.4,1.4,2.4,12.2,0,2026,11990000
Cameron Johnson,29.0,DEN,SF,54.0,54.0,30.5,4.2,8.8,0.48,2.0,4.7,0.43,2.2,4.1,0.539,0.596,1.7,2.1,0.839,0.8,3.0,3.8,2.4,0.7,0.4,0.9,2.3,12.2,0,2026,21057065
Tre Johnson,19.0,WAS,SG,60.0,42.0,24.1,4.5,10.8,0.419,1.9,5.4,0.358,2.6,5.4,0.479,0.508,1.3,1.5,0.874,0.5,2.4,2.8,2.0,0.6,0.3,1.6,2.0,12.2,0,2026,8237640
Duncan Robinson,31.0,DET,SG,77.0,77.0,27.4,4.1,9.1,0.456,2.9,7.0,0.41,1.3,2.1,0.605,0.613,1.1,1.4,0.755,0.4,2.3,2.7,2.1,0.6,0.3,0.7,2.2,12.2,0,2026,16834692
Donovan Clingan,21.0,POR,C,77.0,77.0,27.2,4.6,8.9,0.52,1.1,3.2,0.341,3.5,5.7,0.621,0.582,1.8,2.6,0.68,4.5,7.1,11.6,2.1,0.6,1.7,1.2,2.4,12.1,0,2026,7178400
Moses Moody,23.0,GSW,SG,60.0,49.0,25.7,4.1,9.3,0.44,2.5,6.3,0.401,1.6,3.0,0.522,0.575,1.5,1.9,0.77,0.9,2.5,3.3,1.6,1.0,0.6,1.0,2.0,12.1,0,2026,11574075
Christian Braun,24.0,DEN,SG,44.0,44.0,31.8,4.6,8.8,0.519,1.0,3.3,0.301,3.6,5.6,0.646,0.575,1.8,2.3,0.782,1.4,3.4,4.8,2.7,0.7,0.3,1.0,2.3,12.0,0,2026,4921797
Josh Hart,30.0,NYK,SF,66.0,52.0,30.2,4.6,9.0,0.508,1.5,3.7,0.413,3.0,5.3,0.574,0.593,1.4,1.9,0.72,1.4,6.0,7.4,4.8,1.1,0.3,1.9,2.5,12.0,0,2026,19472240
Miles McBride,25.0,NYK,SG,41.0,15.0,26.3,4.2,9.9,0.423,2.7,6.6,0.413,1.4,3.2,0.444,0.562,0.9,1.1,0.787,0.6,1.9,2.4,2.6,0.9,0.2,0.8,1.7,12.0,0,2026,4333333
Dyson Daniels,22.0,ATL,SG,76.0,76.0,33.2,5.3,10.2,0.517,0.3,1.5,0.188,5.0,8.7,0.576,0.532,1.0,1.6,0.615,2.4,4.4,6.8,5.9,2.0,0.4,1.8,2.2,11.9,"DPOY-9,DEF2",2026,7707709
Myles Turner,29.0,MIL,C,71.0,71.0,26.9,4.0,9.1,0.44,2.1,5.4,0.383,1.9,3.7,0.523,0.553,1.8,2.5,0.74,1.1,4.3,5.3,1.5,0.7,1.6,1.2,2.6,11.9,0,2026,25318251
Wendell Carter Jr.,26.0,ORL,C,78.0,78.0,29.3,4.2,8.2,0.512,0.9,2.9,0.319,3.3,5.3,0.618,0.568,2.5,3.2,0.792,2.1,5.3,7.4,2.0,0.8,0.6,1.3,3.4,11.8,0,2026,10850000
Dylan Harper,19.0,SAS,SG,69.0,4.0,22.6,4.8,9.5,0.505,0.9,2.6,0.343,3.9,6.9,0.565,0.551,1.3,1.7,0.756,0.8,2.6,3.4,3.9,0.8,0.3,1.4,2.0,11.8,"ROY-4,6MOY-11",2026,12370320
Nic Claxton,26.0,BRK,C,69.0,68.0,27.8,4.8,8.4,0.571,0.0,0.3,0.158,4.8,8.2,0.585,0.574,2.0,3.3,0.616,2.4,4.5,6.9,3.7,0.7,1.1,1.4,2.3,11.7,0,2026,25352272
Isaiah Collier,21.0,UTA,PG,59.0,19.0,25.7,4.3,8.7,0.495,0.5,1.7,0.27,3.9,7.0,0.549,0.521,2.6,3.5,0.722,0.4,2.2,2.5,7.2,1.1,0.3,2.5,2.3,11.7,0,2026,2638200
Bilal Coulibaly,21.0,WAS,SG,56.0,56.0,26.2,4.1,9.7,0.425,1.2,3.6,0.319,2.9,6.0,0.49,0.485,2.4,3.2,0.746,0.9,3.5,4.3,2.6,1.3,1.0,1.4,2.3,11.7,0,2026,7275600
Derik Queen,21.0,NOP,C,81.0,48.0,25.0,4.4,9.2,0.473,0.3,1.1,0.261,4.1,8.1,0.502,0.489,2.7,3.4,0.795,1.7,5.4,7.1,3.7,1.0,0.9,2.3,2.7,11.7,0,2026,5157960
Klay Thompson,35.0,DAL,SF,69.0,8.0,21.7,4.1,10.6,0.393,2.9,7.6,0.383,1.2,2.9,0.418,0.532,0.5,0.7,0.766,0.3,1.8,2.1,1.4,0.5,0.3,0.9,1.0,11.7,0,2026,16666667
Mark Williams,24.0,PHO,C,60.0,55.0,23.6,4.7,7.3,0.644,0.0,0.0,1.0,4.7,7.3,0.643,0.645,2.3,2.9,0.771,3.1,4.9,8.0,1.0,0.9,0.9,1.1,2.2,11.7,0,2026,6276531
Obi Toppin,27.0,IND,PF,24.0,3.0,17.7,4.2,8.3,0.503,1.5,4.4,0.352,2.6,3.9,0.67,0.595,1.8,1.9,0.913,0.5,3.9,4.4,2.3,0.5,0.0,1.2,1.2,11.6,0,2026,14000000
Jarace Walker,22.0,IND,PF,76.0,41.0,25.7,4.0,9.6,0.419,1.8,4.7,0.374,2.3,5.0,0.462,0.51,1.8,2.4,0.749,0.6,4.5,5.1,2.5,0.8,0.3,1.8,1.6,11.6,0,2026,6665520
Rui Hachimura,27.0,LAL,PF,68.0,41.0,28.3,4.5,8.8,0.514,1.7,3.9,0.443,2.8,4.9,0.57,0.611,0.7,1.1,0.694,0.6,2.7,3.3,0.8,0.6,0.3,0.6,1.6,11.5,0,2026,18259259
Kyle Filipowski,22.0,UTA,C,77.0,41.0,23.4,4.2,8.5,0.492,1.0,3.0,0.325,3.2,5.6,0.58,0.548,2.1,2.8,0.75,1.9,5.3,7.2,2.6,0.9,0.5,1.6,3.0,11.4,0,2026,3000000
Pelle Larsson,24.0,MIA,SG,70.0,54.0,26.4,4.0,8.0,0.496,0.9,2.7,0.323,3.1,5.2,0.586,0.551,2.6,3.3,0.797,1.0,2.5,3.5,3.4,0.7,0.2,1.4,2.1,11.4,0,2026,1955377
Scotty Pippen Jr.,25.0,MEM,PG,10.0,6.0,21.2,4.3,9.6,0.448,1.0,3.2,0.313,3.3,6.4,0.516,0.5,1.8,2.3,0.783,0.8,1.4,2.2,4.7,1.9,0.4,2.7,3.1,11.4,0,2026,2270735
Sandro Mamukelashvili,26.0,TOR,C,80.0,13.0,21.9,4.1,7.9,0.523,1.4,3.7,0.389,2.7,4.2,0.642,0.614,1.5,2.0,0.747,1.4,3.6,4.9,1.9,0.8,0.5,0.8,1.8,11.2,6MOY-10,2026,2461463
Max Strus,29.0,CLE,SF,12.0,5.0,24.0,3.9,8.8,0.443,2.8,6.8,0.402,1.2,2.0,0.583,0.599,0.6,0.8,0.778,0.8,4.7,5.4,2.0,0.3,0.0,0.8,2.8,11.2,0,2026,15936452
Julian Champagnie,24.0,SAS,SF,82.0,68.0,27.6,3.7,8.4,0.437,2.4,6.2,0.381,1.3,2.2,0.599,0.578,1.4,1.6,0.844,0.9,4.9,5.8,1.5,0.8,0.5,0.8,1.6,11.1,0,2026,3000000
Isaiah Joe,26.0,OKC,SG,71.0,9.0,21.2,3.5,7.6,0.455,2.5,6.0,0.423,0.9,1.6,0.574,0.622,1.5,1.7,0.894,0.5,2.1,2.5,1.3,0.7,0.2,0.6,1.7,11.1,0,2026,12362338
Cam Spencer,25.0,MEM,SG,72.0,20.0,23.8,3.7,7.7,0.473,2.0,4.5,0.449,1.6,3.2,0.506,0.604,1.8,1.9,0.94,0.6,2.0,2.5,5.6,0.7,0.2,1.3,1.4,11.1,0,2026,2537989
Kel'el Ware,21.0,MIA,C,77.0,34.0,22.1,4.5,8.4,0.53,1.2,3.0,0.395,3.3,5.4,0.606,0.601,0.9,1.2,0.74,2.8,6.2,9.0,0.7,0.8,1.1,0.8,1.5,11.1,0,2026,4443360
Alondes Williams,26.0,WAS,SG,4.0,0.0,25.3,4.0,6.5,0.615,1.3,3.5,0.357,2.8,3.0,0.917,0.712,1.8,2.0,0.875,1.3,5.0,6.3,3.0,0.8,0.8,1.3,1.0,11.0,0,2026,131970
Rudy Gobert,33.0,MIN,C,76.0,76.0,31.3,4.4,6.5,0.682,0.0,0.1,0.0,4.4,6.4,0.689,0.682,2.1,4.0,0.526,3.9,7.5,11.5,1.7,0.8,1.6,1.4,2.6,10.9,"DPOY-4,DEF1",2026,35000000
Jusuf Nurkić,31.0,UTA,C,41.0,36.0,26.4,4.4,8.7,0.503,0.6,1.7,0.352,3.8,7.0,0.54,0.538,1.5,2.8,0.549,2.6,7.8,10.4,4.8,1.3,0.5,2.5,3.3,10.9,0,2026,19375000
Dennis Schröder,32.0,2TM,PG,70.0,17.0,24.2,3.6,9.0,0.405,1.1,3.3,0.329,2.6,5.7,0.449,0.465,2.4,2.9,0.834,0.5,2.2,2.7,4.9,0.8,0.2,1.8,1.6,10.8,0,2026,14104000
Bub Carrington,20.0,WAS,PG,82.0,48.0,27.7,3.8,9.0,0.424,2.1,5.0,0.408,1.8,4.0,0.443,0.538,1.0,1.4,0.73,0.4,3.0,3.4,4.6,0.6,0.2,2.3,2.2,10.7,0,2026,4677600
Jakob Poeltl,30.0,TOR,C,46.0,44.0,25.0,4.7,6.7,0.7,0.0,0.0,0.0,4.7,6.7,0.7,0.7,1.3,2.1,0.602,2.5,4.5,7.0,2.0,0.9,0.7,1.2,3.2,10.7,0,2026,19500000
Jock Landale,30.0,2TM,C,68.0,27.0,22.1,4.1,8.1,0.515,1.1,2.8,0.383,3.1,5.2,0.586,0.582,1.2,1.9,0.635,2.7,3.0,5.7,1.7,0.5,0.5,0.9,2.2,10.6,0,2026,2296274
Marvin Bagley III,26.0,2TM,PF,60.0,12.0,20.0,4.2,6.9,0.618,0.4,0.9,0.462,3.8,6.0,0.641,0.647,1.6,2.4,0.66,2.5,3.6,6.1,1.4,0.5,0.7,1.0,2.1,10.5,0,2026,2296274
Tari Eason,24.0,HOU,PF,60.0,34.0,25.8,4.0,9.7,0.416,1.6,4.3,0.358,2.5,5.3,0.463,0.496,0.9,1.1,0.776,2.1,4.2,6.3,1.5,1.2,0.5,1.4,2.3,10.5,0,2026,5675766
Adama-Alpha Bal,22.0,MEM,SG,8.0,1.0,30.1,3.5,8.5,0.412,2.3,5.5,0.409,1.3,3.0,0.417,0.544,1.1,1.3,0.9,0.8,2.4,3.1,2.4,1.1,0.1,0.8,3.4,10.4,0,2026,117045
A.J. Green,26.0,MIL,SG,78.0,68.0,29.1,3.4,7.9,0.424,3.0,7.1,0.419,0.4,0.8,0.469,0.612,0.7,0.8,0.855,0.4,2.4,2.7,1.9,0.5,0.1,1.0,2.3,10.4,0,2026,2301587
Lucas Williamson,27.0,MEM,SG,7.0,2.0,32.0,3.6,10.7,0.333,2.1,7.6,0.283,1.4,3.1,0.455,0.433,1.1,1.1,1.0,1.6,3.9,5.4,2.6,1.6,0.1,1.4,3.7,10.4,0,2026,21946
Egor Dёmin,19.0,BRK,PG,52.0,45.0,25.2,3.4,8.6,0.399,2.4,6.2,0.385,1.1,2.4,0.433,0.537,1.0,1.3,0.831,0.4,2.8,3.2,3.3,0.8,0.3,1.7,1.8,10.3,0,2026,6889200
Will Riley,19.0,WAS,SF,74.0,18.0,22.1,3.7,8.4,0.439,1.1,3.3,0.316,2.6,5.0,0.52,0.502,1.9,2.4,0.8,0.8,2.1,2.9,2.0,0.7,0.1,1.3,1.2,10.3,0,2026,3512520
Khris Middleton,34.0,2TM,SF,63.0,50.0,22.8,3.6,8.6,0.42,1.1,3.0,0.36,2.5,5.6,0.452,0.482,1.9,2.2,0.875,0.8,2.9,3.7,2.8,0.7,0.1,1.7,2.3,10.2,0,2026,33296296
Neemias Queta,26.0,BOS,C,76.0,75.0,25.3,4.3,6.6,0.653,0.0,0.1,0.125,4.3,6.5,0.662,0.654,1.6,2.3,0.703,3.0,5.3,8.4,1.7,0.8,1.3,1.0,2.8,10.2,0,2026,2349578
D'Angelo Russell,29.0,DAL,PG,26.0,3.0,19.0,3.6,8.9,0.405,1.3,4.3,0.295,2.3,4.6,0.508,0.476,1.7,2.3,0.717,0.3,2.0,2.3,4.0,0.5,0.1,1.9,1.2,10.2,0,2026,5685000
Jalen Smith,25.0,CHI,C,53.0,21.0,20.7,3.7,7.6,0.483,1.5,4.2,0.373,2.1,3.5,0.614,0.584,1.3,1.8,0.742,1.8,4.8,6.7,1.2,0.5,0.8,1.0,2.1,10.2,0,2026,9000000
Ziaire Williams,24.0,BRK,SF,56.0,13.0,22.9,3.3,7.7,0.425,1.5,4.5,0.343,1.8,3.3,0.538,0.524,2.1,2.5,0.85,0.5,1.9,2.4,1.1,1.4,0.4,1.1,2.1,10.2,0,2026,6250000
Precious Achiuwa,26.0,SAC,C,73.0,57.0,23.9,4.3,8.2,0.528,0.4,1.3,0.278,4.0,6.9,0.577,0.551,1.1,1.9,0.554,2.4,4.3,6.7,1.4,0.9,0.7,0.9,1.7,10.1,0,2026,2111516
Derrick Jones Jr.,28.0,LAC,SF,50.0,45.0,27.0,3.8,7.6,0.499,1.1,3.1,0.359,2.7,4.5,0.593,0.571,1.4,1.9,0.763,1.2,2.2,3.5,1.4,0.9,1.0,0.8,2.1,10.1,0,2026,10000000
Kevin Huerter,27.0,2TM,SF,69.0,14.0,22.4,3.9,8.6,0.451,1.4,4.7,0.308,2.4,3.9,0.624,0.535,0.8,1.0,0.775,0.5,3.0,3.5,2.6,0.9,0.5,1.0,1.7,10.0,0,2026,17991071
Jordan Miller,26.0,LAC,SF,60.0,1.0,22.1,3.5,6.7,0.531,0.6,1.8,0.345,2.9,4.8,0.602,0.579,2.3,2.9,0.777,0.8,2.2,3.0,2.3,0.8,0.2,1.1,1.0,10.0,0,2026,712637
Olivier-Maxence Prosper,23.0,MEM,PF,53.0,24.0,18.6,3.6,6.6,0.549,1.1,2.8,0.405,2.5,3.8,0.653,0.634,1.6,2.2,0.754,1.1,2.4,3.5,1.0,0.8,0.2,0.9,1.6,10.0,0,2026,1002360
Isaiah Stewart,24.0,DET,C,58.0,13.0,22.7,3.8,6.9,0.55,0.7,2.1,0.333,3.1,4.9,0.642,0.6,1.7,2.3,0.756,1.7,3.3,5.0,1.1,0.3,1.6,1.2,2.9,10.0,6MOY-7,2026,15000000
Harrison Barnes,33.0,SAS,PF,77.0,52.0,25.8,3.4,7.5,0.456,1.8,4.6,0.388,1.6,2.8,0.567,0.577,1.3,1.6,0.829,0.8,2.0,2.8,1.9,0.6,0.2,0.8,1.1,9.9,0,2026,19000000
Tristan Da Silva,24.0,ORL,SF,77.0,34.0,24.7,3.6,8.1,0.45,1.6,4.2,0.374,2.1,3.9,0.532,0.547,1.1,1.2,0.884,0.8,2.9,3.7,1.6,0.9,0.3,0.9,1.5,9.9,0,2026,3809520
Ausar Thompson,23.0,DET,SF,73.0,72.0,26.0,4.2,7.9,0.525,0.1,0.3,0.25,4.1,7.6,0.537,0.53,1.5,2.6,0.571,2.1,3.7,5.7,3.1,2.0,0.9,1.5,2.7,9.9,"DPOY-3,DEF1",2026,8775000
Royce O'Neale,32.0,PHO,SF,78.0,67.0,28.4,3.4,8.0,0.421,2.7,6.7,0.408,0.7,1.3,0.486,0.59,0.3,0.5,0.711,0.8,4.0,4.8,2.7,1.1,0.4,1.3,2.3,9.8,0,2026,10125000
Zach Collins,28.0,CHI,C,10.0,0.0,18.4,3.7,6.4,0.578,0.9,2.1,0.429,2.8,4.3,0.651,0.648,1.4,2.0,0.7,1.6,4.0,5.6,1.5,0.2,0.4,1.0,1.8,9.7,0,2026,18080496
Micah Potter,27.0,IND,C,47.0,7.0,19.3,3.2,6.2,0.515,1.5,3.6,0.423,1.7,2.7,0.64,0.637,1.8,2.1,0.842,1.2,3.7,5.0,1.5,0.5,0.3,1.0,1.7,9.7,0,2026,1527805
Zaccharie Risacher,20.0,ATL,SF,67.0,46.0,22.4,3.6,8.0,0.455,1.4,3.9,0.368,2.2,4.1,0.536,0.544,0.9,1.3,0.644,1.1,2.8,3.8,1.1,0.9,0.5,0.9,2.2,9.6,0,2026,13197720
Daniel Gafford,27.0,DAL,C,55.0,44.0,21.7,3.8,5.7,0.655,0.0,0.0,0.0,3.8,5.7,0.655,0.655,2.0,2.9,0.683,2.5,4.4,6.9,1.1,0.8,1.3,1.1,2.6,9.5,0,2026,14386320
Jay Huff,27.0,IND,C,82.0,47.0,21.0,3.5,7.5,0.476,1.5,4.5,0.319,2.1,2.9,0.723,0.574,1.0,1.2,0.828,0.9,3.1,4.0,1.5,0.5,1.9,0.9,2.4,9.5,0,2026,2349578
T.J. McConnell,33.0,IND,PG,56.0,4.0,17.2,4.3,8.0,0.538,0.3,0.9,0.32,4.0,7.1,0.565,0.556,0.4,0.5,0.862,0.4,1.8,2.2,5.1,1.0,0.2,1.1,1.1,9.4,0,2026,10200000
Svi Mykhailiuk,28.0,UTA,SF,50.0,41.0,23.1,3.5,7.2,0.478,2.0,4.8,0.408,1.5,2.4,0.615,0.613,0.5,0.6,0.893,0.7,1.8,2.5,1.9,0.5,0.1,0.8,1.3,9.4,0,2026,3675000
Aaron Wiggins,27.0,OKC,SG,65.0,21.0,21.8,3.6,8.2,0.431,1.5,4.2,0.356,2.1,4.1,0.508,0.521,0.8,1.1,0.736,0.6,2.4,3.1,1.7,0.9,0.4,1.2,1.3,9.4,0,2026,10102803
Daniss Jenkins,24.0,DET,PG,72.0,19.0,20.2,3.2,7.9,0.408,1.0,2.7,0.374,2.2,5.2,0.426,0.473,1.9,2.2,0.832,0.7,1.6,2.3,3.9,0.9,0.2,1.6,1.5,9.3,0,2026,3809524
Davion Mitchell,27.0,MIA,PG,70.0,70.0,28.6,3.7,7.6,0.49,1.3,3.3,0.395,2.4,4.4,0.561,0.574,0.6,0.9,0.646,0.5,2.2,2.7,6.5,1.0,0.2,1.5,2.6,9.3,0,2026,11600000
Isaac Okoro,25.0,CHI,SG,63.0,62.0,26.9,3.3,7.3,0.46,1.2,3.5,0.33,2.2,3.8,0.58,0.539,1.4,1.8,0.795,1.1,1.7,2.7,1.6,0.7,0.5,0.7,2.6,9.3,0,2026,11000000
Landry Shamet,28.0,NYK,SG,51.0,12.0,23.0,3.1,7.1,0.437,2.0,5.2,0.392,1.1,2.0,0.554,0.578,1.1,1.5,0.711,0.5,1.4,1.8,1.4,0.6,0.2,0.6,1.5,9.3,0,2026,2296274
Marcus Smart,31.0,LAL,SG,62.0,54.0,28.5,3.0,7.7,0.395,1.6,4.7,0.331,1.5,3.0,0.497,0.497,1.7,2.1,0.822,0.6,2.2,2.8,3.0,1.4,0.4,1.5,2.6,9.3,0,2026,19920855
Jaden Hardy,23.0,2TM,SG,57.0,4.0,15.8,3.2,7.5,0.424,1.8,4.6,0.397,1.4,2.9,0.467,0.545,1.0,1.3,0.733,0.3,1.2,1.5,1.0,0.3,0.1,1.1,1.6,9.2,0,2026,6000000
Isaiah Hartenstein,27.0,OKC,C,47.0,46.0,24.2,3.9,6.3,0.622,0.0,0.1,0.0,3.9,6.1,0.637,0.622,1.4,2.2,0.61,3.2,6.3,9.4,3.5,1.0,0.8,1.7,2.5,9.2,0,2026,28500000
Sam Hauser,28.0,BOS,PF,78.0,49.0,24.8,3.2,7.7,0.419,2.5,6.5,0.393,0.7,1.2,0.557,0.584,0.2,0.3,0.85,0.7,3.1,3.8,1.5,0.5,0.3,0.4,1.4,9.2,0,2026,10044644
Corey Kispert,26.0,2TM,SF,58.0,10.0,18.6,3.2,6.8,0.467,1.5,4.1,0.367,1.7,2.7,0.618,0.577,1.3,1.7,0.794,0.5,1.8,2.3,1.6,0.3,0.2,0.8,1.0,9.2,0,2026,13975000
Taurean Prince,31.0,MIL,SF,26.0,7.0,23.5,3.3,7.3,0.45,2.3,5.4,0.436,1.0,2.0,0.49,0.61,0.2,0.2,1.0,0.2,3.0,3.1,1.8,0.6,0.2,1.2,1.8,9.2,0,2026,3303774
Gui Santos,23.0,GSW,PF,68.0,30.0,20.5,3.4,6.8,0.5,1.1,3.3,0.351,2.2,3.5,0.639,0.585,1.3,1.8,0.725,1.1,2.8,3.9,2.3,0.9,0.3,1.5,2.1,9.2,0,2026,2221677
Cam Whitmore,21.0,WAS,SF,21.0,0.0,16.9,3.7,8.0,0.456,0.8,2.7,0.286,2.9,5.4,0.54,0.503,1.1,1.5,0.742,0.9,1.9,2.8,0.7,0.7,0.4,0.9,1.2,9.2,0,2026,3539760
Devin Carter,23.0,SAC,PG,38.0,12.0,18.4,3.2,7.7,0.414,0.8,3.0,0.263,2.4,4.7,0.511,0.466,1.8,2.5,0.713,0.9,2.3,3.3,2.7,0.9,0.2,1.4,1.3,8.9,0,2026,4923720
Herbert Jones,27.0,NOP,SF,56.0,56.0,28.4,3.3,8.5,0.383,1.4,4.6,0.309,1.8,3.9,0.47,0.467,0.9,1.1,0.806,0.8,2.6,3.4,2.8,1.6,0.5,1.3,3.2,8.9,0,2026,13937574
Nolan Traoré,19.0,BRK,PG,56.0,31.0,22.2,3.3,8.6,0.38,1.1,3.4,0.318,2.2,5.1,0.422,0.444,1.3,1.7,0.787,0.3,1.5,1.8,3.8,0.8,0.4,2.3,2.1,8.9,0,2026,3811560
Danny Wolf,21.0,BRK,PF,57.0,15.0,20.8,3.1,7.7,0.405,1.2,3.7,0.322,1.9,4.0,0.48,0.482,1.5,1.9,0.771,1.0,3.9,4.9,2.2,0.5,0.6,1.3,2.2,8.9,0,2026,2801280
Cody Williams,21.0,UTA,SG,67.0,41.0,24.3,3.6,7.6,0.468,0.4,2.0,0.214,3.1,5.6,0.556,0.495,1.3,1.8,0.706,0.9,2.0,3.0,2.0,0.8,0.4,1.1,1.8,8.8,0,2026,5742480
Justin Champagnie,24.0,WAS,SF,69.0,19.0,20.0,3.4,6.7,0.502,0.8,2.4,0.319,2.6,4.3,0.605,0.56,1.2,1.5,0.784,2.1,3.5,5.6,1.2,0.9,0.6,0.7,1.7,8.7,0,2026,2349578
Jordan Goodwin,27.0,PHO,PG,70.0,10.0,22.5,3.3,7.9,0.413,1.6,4.3,0.371,1.7,3.6,0.462,0.514,0.6,0.8,0.696,2.0,2.9,4.9,2.2,1.5,0.2,1.0,1.9,8.7,0,2026,2349578
Day'Ron Sharpe,24.0,BRK,C,62.0,7.0,18.7,3.5,5.7,0.601,0.1,0.6,0.231,3.3,5.1,0.647,0.614,1.7,2.5,0.678,2.8,3.9,6.7,2.3,1.1,0.4,1.7,2.4,8.7,0,2026,6250000
Jonas Valančiūnas,33.0,DEN,C,65.0,6.0,13.4,3.5,6.0,0.582,0.1,0.4,0.308,3.4,5.6,0.602,0.592,1.6,2.1,0.772,1.6,3.4,5.1,1.2,0.2,0.6,1.1,2.0,8.7,0,2026,10395000
Jordan Clarkson,33.0,NYK,SG,72.0,1.0,17.8,3.3,7.3,0.451,1.0,3.0,0.327,2.3,4.3,0.535,0.517,1.1,1.3,0.83,0.9,0.9,1.8,1.3,0.4,0.1,0.9,1.7,8.6,0,2026,12947835
Nique Clifford,23.0,SAC,SG,75.0,28.0,25.1,3.3,7.9,0.418,1.0,3.1,0.333,2.3,4.9,0.471,0.482,0.9,1.3,0.722,0.9,2.9,3.8,2.4,0.9,0.3,1.5,2.1,8.6,0,2026,3108120
Cason Wallace,22.0,OKC,SG,77.0,58.0,26.6,3.3,7.6,0.432,1.3,3.7,0.351,2.0,3.8,0.51,0.518,0.7,0.9,0.809,0.8,2.3,3.1,2.6,1.9,0.4,0.9,2.0,8.6,"DPOY-7,DEF2",2026,5820240
Jaden Ivey,23.0,2TM,SG,37.0,5.0,18.1,3.1,6.9,0.445,1.4,3.6,0.373,1.7,3.3,0.525,0.543,1.0,1.3,0.809,0.6,1.8,2.5,1.8,0.6,0.4,1.1,1.4,8.5,0,2026,10107163
Vít Krejčí,25.0,2TM,PG,65.0,8.0,21.4,3.0,6.6,0.448,2.0,5.0,0.39,1.0,1.6,0.634,0.597,0.6,0.8,0.745,0.5,1.8,2.3,1.5,0.7,0.3,0.6,2.1,8.5,0,2026,2349578
Simone Fontecchio,30.0,MIA,SF,70.0,9.0,16.8,2.8,6.7,0.412,1.8,4.7,0.375,1.0,2.0,0.497,0.542,1.2,1.5,0.843,0.8,2.2,3.0,1.4,0.5,0.1,0.7,1.5,8.5,0,2026,8307692
Bones Hyland,25.0,MIN,PG,71.0,3.0,16.6,3.0,6.6,0.453,1.6,4.2,0.388,1.4,2.4,0.568,0.577,0.9,1.2,0.78,0.3,1.5,1.8,2.6,0.6,0.2,1.0,1.7,8.5,0,2026,2296274
Brook Lopez,37.0,LAC,C,75.0,40.0,21.8,3.1,7.2,0.428,1.5,4.2,0.36,1.6,3.0,0.524,0.533,0.7,1.0,0.757,0.6,3.0,3.6,1.3,0.6,1.2,0.8,2.1,8.5,0,2026,8750000
Collin Murray-Boyles,20.0,TOR,PF,57.0,22.0,21.9,3.5,6.0,0.579,0.3,0.9,0.34,3.2,5.1,0.62,0.604,1.2,1.9,0.657,2.3,2.7,5.0,1.9,0.9,0.9,1.0,2.6,8.5,0,2026,6332520
Luke Kennard,29.0,2TM,SG,78.0,6.0,21.6,3.0,5.7,0.533,1.5,3.1,0.478,1.5,2.5,0.601,0.665,0.8,0.9,0.913,0.4,1.9,2.3,2.2,0.7,0.1,0.8,1.3,8.4,0,2026,11000000
Kentavious Caldwell-Pope,32.0,MEM,SG,51.0,14.0,21.3,2.9,7.2,0.41,1.1,3.4,0.316,1.9,3.8,0.495,0.485,1.4,1.6,0.913,0.4,2.1,2.5,2.7,0.8,0.2,1.2,1.1,8.4,0,2026,21621500
Draymond Green,35.0,GSW,PF,68.0,68.0,27.5,3.0,7.2,0.418,1.5,4.6,0.326,1.5,2.7,0.575,0.52,0.9,1.2,0.702,0.8,4.7,5.5,5.5,0.9,0.6,2.7,2.9,8.4,DPOY-11,2026,25892857
Jared McCain,21.0,2TM,SG,67.0,3.0,17.3,3.0,7.2,0.425,1.5,3.8,0.385,1.6,3.3,0.471,0.528,0.8,0.9,0.864,0.3,1.7,2.0,1.3,0.5,0.1,0.8,1.2,8.3,0,2026,4221360
Luguentz Dort,26.0,OKC,SF,69.0,69.0,26.8,2.9,7.6,0.385,1.9,5.4,0.344,1.1,2.2,0.487,0.508,0.6,0.8,0.759,0.8,2.7,3.6,1.2,0.9,0.4,0.8,2.6,8.3,0,2026,18222222
Al Horford,39.0,GSW,C,45.0,13.0,21.5,3.1,7.2,0.426,1.6,4.6,0.361,1.4,2.6,0.538,0.54,0.5,0.6,0.846,1.0,3.9,4.9,2.6,0.7,1.1,0.9,1.1,8.3,0,2026,5685000
Kadary Richmond,24.0,WAS,SG,3.0,0.0,22.3,3.3,5.3,0.625,0.7,1.3,0.5,2.7,4.0,0.667,0.688,1.0,1.0,1.0,0.3,3.0,3.3,2.7,2.7,0.3,0.7,0.7,8.3,0,2026,73153
Malachi Smith,26.0,BRK,SG,15.0,4.0,23.9,3.2,6.6,0.485,1.3,3.1,0.435,1.9,3.5,0.528,0.586,0.5,0.5,1.0,0.8,2.6,3.4,3.3,0.8,0.3,0.9,0.9,8.3,0,2026,73153
Bradley Beal,32.0,LAC,SG,6.0,6.0,20.2,3.0,8.0,0.375,1.2,3.2,0.368,1.8,4.8,0.379,0.448,1.0,1.3,0.75,0.3,0.5,0.8,1.7,0.5,0.0,1.5,2.3,8.2,0,2026,24737010
Ron Holland,20.0,DET,SF,78.0,5.0,19.9,3.0,7.0,0.432,0.6,2.5,0.253,2.4,4.4,0.535,0.478,1.5,1.9,0.805,1.1,3.0,4.0,1.2,1.2,0.3,1.2,2.3,8.2,0,2026,8657280
Jake LaRavia,24.0,LAL,PF,82.0,43.0,25.1,2.9,6.4,0.459,1.0,3.0,0.321,2.0,3.4,0.579,0.533,1.4,1.9,0.763,1.4,2.6,4.0,1.8,1.3,0.5,1.1,2.4,8.2,0,2026,6000000
Luka Garza,27.0,BOS,C,69.0,6.0,16.2,3.0,5.2,0.577,0.8,1.8,0.433,2.2,3.3,0.657,0.654,1.3,1.7,0.769,2.3,1.8,4.1,1.0,0.4,0.4,0.7,2.3,8.1,0,2026,2461463
Bryce McGowens,23.0,NOP,SG,42.0,13.0,21.0,2.7,5.6,0.481,0.9,2.2,0.409,1.8,3.4,0.528,0.561,1.8,2.3,0.779,0.3,1.8,2.1,1.5,0.6,0.2,0.4,2.1,8.1,0,2026,724598
Gary Trent Jr.,27.0,MIL,SG,65.0,21.0,21.2,2.8,7.3,0.387,1.9,5.3,0.36,0.9,2.0,0.458,0.517,0.6,0.8,0.769,0.1,0.9,1.0,1.2,0.5,0.0,0.6,1.3,8.1,0,2026,3697105
Tre Scott,29.0,BRK,PF,6.0,4.0,30.3,3.2,8.3,0.38,1.0,3.2,0.316,2.2,5.2,0.419,0.44,0.7,1.0,0.667,1.7,3.5,5.2,1.7,1.3,0.8,0.7,2.0,8.0,0,2026,129503
Bruce Brown,29.0,DEN,SG,82.0,4.0,24.4,3.0,6.4,0.475,0.7,1.8,0.385,2.3,4.6,0.511,0.53,1.2,1.5,0.762,1.0,2.8,3.9,2.1,1.0,0.2,1.1,2.4,7.9,0,2026,2296274
Moussa Diabaté,24.0,CHO,C,73.0,47.0,26.0,3.1,5.0,0.631,0.0,0.0,0.5,3.1,4.9,0.632,0.632,1.6,2.4,0.659,3.7,5.0,8.7,1.9,0.8,1.0,1.0,2.4,7.9,0,2026,2270735
Leonard Miller,22.0,2TM,SF,46.0,12.0,15.6,3.2,5.7,0.553,0.7,2.2,0.323,2.5,3.5,0.693,0.615,0.8,1.2,0.736,1.2,2.8,3.9,0.9,0.4,0.3,0.8,1.4,7.8,0,2026,2221677
Walter Clayton,22.0,2TM,PG,69.0,6.0,20.4,2.6,6.7,0.384,1.1,3.5,0.307,1.5,3.1,0.47,0.465,1.6,1.8,0.901,0.4,1.7,2.0,4.0,0.6,0.3,1.7,1.7,7.8,0,2026,3991320
Paul Reed,26.0,DET,C,65.0,11.0,13.9,3.2,5.2,0.617,0.2,0.6,0.325,3.0,4.6,0.656,0.636,1.1,1.7,0.664,2.0,2.5,4.5,1.2,0.9,0.9,0.9,1.8,7.8,0,2026,5335894
Dominick Barlow,22.0,PHI,PF,71.0,59.0,23.8,3.0,5.6,0.539,0.3,1.2,0.256,2.7,4.5,0.612,0.565,1.3,1.8,0.718,1.9,2.9,4.8,1.2,0.9,0.7,0.8,2.1,7.7,0,2026,3415000
Quinten Post,25.0,GSW,PF,67.0,35.0,17.3,2.9,6.6,0.44,1.4,4.1,0.336,1.5,2.4,0.617,0.546,0.5,0.6,0.791,1.0,3.0,4.0,1.4,0.4,0.5,0.8,1.9,7.7,0,2026,1955377
Ousmane Dieng,22.0,2TM,C,57.0,20.0,19.3,2.9,7.0,0.422,1.1,3.2,0.341,1.8,3.7,0.493,0.501,0.6,0.8,0.711,0.5,2.6,3.2,2.4,0.4,0.3,1.3,1.4,7.6,0,2026,6670882
Buddy Hield,33.0,2TM,SG,51.0,3.0,16.1,2.8,6.4,0.437,1.5,4.2,0.349,1.4,2.3,0.6,0.55,0.6,0.7,0.811,0.5,1.7,2.3,1.4,0.8,0.2,0.9,1.1,7.6,0,2026,9219512
Ryan Kalkbrenner,24.0,CHO,C,69.0,31.0,21.4,3.2,4.2,0.753,0.0,0.1,0.0,3.2,4.1,0.766,0.753,1.2,1.7,0.716,2.4,3.0,5.5,0.8,0.5,1.5,0.9,1.6,7.6,0,2026,2296274
Vince Williams Jr.,25.0,2TM,SG,40.0,12.0,20.5,2.6,7.3,0.353,1.4,4.4,0.311,1.2,2.9,0.417,0.447,1.0,1.3,0.78,1.0,2.9,3.9,4.2,0.7,0.4,1.8,2.0,7.5,0,2026,2301587
Jaxson Hayes,25.0,LAL,C,66.0,9.0,18.3,3.0,4.0,0.756,0.0,0.0,1.0,3.0,3.9,0.753,0.761,1.5,2.3,0.653,1.5,2.6,4.1,0.9,0.4,0.8,0.5,1.9,7.5,0,2026,3449323
Gary Payton II,33.0,GSW,SG,73.0,1.0,15.6,3.3,5.7,0.583,0.5,1.7,0.291,2.8,3.9,0.712,0.628,0.4,0.5,0.65,1.4,2.2,3.6,1.7,0.9,0.3,0.8,1.8,7.5,0,2026,2296274
Ben Saraf,19.0,BRK,SG,44.0,11.0,20.8,2.7,6.9,0.396,0.4,2.0,0.211,2.3,4.8,0.474,0.427,1.7,2.0,0.83,0.5,1.6,2.1,3.3,0.9,0.2,2.3,1.8,7.5,0,2026,2884560
Ja'Kobe Walter,21.0,TOR,SG,72.0,19.0,20.5,2.5,5.6,0.446,1.5,3.7,0.409,1.0,1.9,0.519,0.582,1.0,1.3,0.789,0.8,1.8,2.6,1.2,1.0,0.2,0.5,2.3,7.5,0,2026,3638160
Josh Minott,23.0,2TM,PF,49.0,11.0,17.0,2.6,5.1,0.5,1.3,3.1,0.418,1.3,2.0,0.626,0.627,1.0,1.2,0.787,1.0,2.2,3.2,0.9,0.9,0.5,0.9,1.5,7.4,0,2026,2378870
Taylor Hendricks,22.0,2TM,PF,59.0,17.0,18.9,2.8,6.0,0.459,1.1,3.1,0.342,1.7,2.9,0.585,0.548,0.8,1.2,0.681,1.1,2.6,3.7,0.9,0.8,0.5,0.8,1.7,7.4,0,2026,6127080
Jose Alvarado,27.0,2TM,PG,69.0,3.0,19.9,2.7,6.5,0.416,1.5,4.2,0.352,1.2,2.3,0.531,0.529,0.5,0.7,0.761,0.4,2.1,2.5,3.4,1.0,0.1,1.1,1.9,7.4,0,2026,4500000
Bogdan Bogdanović,33.0,LAC,SG,23.0,3.0,19.7,2.6,6.6,0.388,1.4,4.1,0.347,1.1,2.5,0.456,0.497,0.9,1.1,0.8,0.3,2.3,2.6,2.2,0.4,0.1,1.2,2.0,7.4,0,2026,16020000
Caris LeVert,31.0,DET,SG,60.0,0.0,19.2,2.7,6.5,0.417,1.0,3.0,0.333,1.7,3.5,0.488,0.494,1.0,1.4,0.679,0.4,1.6,2.0,2.7,0.9,0.7,1.4,1.5,7.4,0,2026,14104000
Cameron Payne,31.0,PHI,PG,22.0,1.0,17.0,2.5,6.8,0.376,1.5,4.4,0.33,1.1,2.4,0.462,0.483,0.9,1.0,0.864,0.1,1.9,2.0,2.6,1.1,0.3,0.5,1.4,7.4,0,2026,712637
Kris Dunn,31.0,LAC,PG,82.0,68.0,27.2,2.8,5.8,0.476,1.0,2.6,0.374,1.8,3.2,0.559,0.56,0.8,1.0,0.765,0.7,2.6,3.3,3.6,1.6,0.2,1.4,2.3,7.3,0,2026,5426400
Nikola Jović,22.0,MIA,PF,47.0,1.0,17.2,2.4,6.7,0.366,1.0,3.6,0.269,1.5,3.1,0.476,0.438,1.5,2.1,0.683,0.5,2.7,3.3,2.2,0.6,0.4,1.4,1.4,7.3,0,2026,4445417
Kobe Sanders,23.0,LAC,SG,68.0,16.0,19.9,2.6,5.6,0.466,1.2,2.9,0.408,1.5,2.8,0.527,0.57,0.8,1.0,0.826,0.4,1.8,2.3,1.6,0.7,0.1,1.2,2.1,7.3,0,2026,475497
Terance Mann,29.0,BRK,SG,63.0,51.0,24.3,2.7,5.8,0.457,0.9,2.4,0.364,1.8,3.4,0.523,0.533,1.0,1.3,0.788,1.1,2.1,3.2,3.0,0.7,0.2,1.1,2.5,7.2,0,2026,15500000
Pat Spencer,29.0,GSW,PG,66.0,14.0,18.6,2.8,6.6,0.427,0.9,2.5,0.357,1.9,4.1,0.47,0.495,0.7,0.9,0.772,0.8,1.6,2.4,3.5,0.7,0.1,1.3,1.1,7.2,0,2026,857804
Julian Strawther,23.0,DEN,SG,57.0,14.0,15.1,2.6,5.6,0.467,1.0,2.6,0.387,1.6,3.0,0.538,0.558,1.0,1.2,0.814,0.2,1.8,2.0,1.1,0.4,0.1,0.6,1.3,7.2,0,2026,2674200
Jaylin Williams,23.0,OKC,PF,65.0,11.0,19.6,2.3,5.4,0.423,1.5,3.9,0.383,0.8,1.5,0.531,0.563,1.1,1.4,0.793,0.5,5.0,5.5,2.4,0.5,0.6,1.0,2.0,7.2,0,2026,8450704
Seth Curry,35.0,GSW,SG,10.0,0.0,13.3,2.4,4.9,0.49,1.2,2.5,0.48,1.2,2.4,0.5,0.612,1.1,1.2,0.917,0.4,0.8,1.2,1.0,0.3,0.0,0.2,0.7,7.1,0,2026,1755198
Ben Sheppard,24.0,IND,SG,65.0,20.0,21.4,2.6,6.0,0.434,1.3,3.6,0.362,1.3,2.4,0.542,0.543,0.6,0.8,0.765,0.7,2.3,3.0,1.8,0.6,0.1,0.6,1.8,7.1,0,2026,2790720
Lawson Lovering,22.0,MEM,C,2.0,1.0,24.5,3.0,5.0,0.6,0.0,0.0,0.0,3.0,5.0,0.6,0.6,1.0,2.5,0.4,3.0,4.5,7.5,1.5,1.5,0.5,1.0,3.5,7.0,0,2026,87784
Grant Williams,27.0,CHO,PF,36.0,3.0,19.8,2.2,5.1,0.426,1.4,3.7,0.388,0.7,1.4,0.531,0.568,1.2,1.5,0.815,1.3,2.7,3.9,1.6,0.5,0.5,0.9,1.6,7.0,0,2026,13645500
Patrick Williams,24.0,CHI,PF,72.0,6.0,20.5,2.5,6.6,0.372,1.3,3.8,0.347,1.2,2.8,0.407,0.472,0.8,1.0,0.72,0.7,2.3,3.0,1.5,0.7,0.4,1.0,1.3,7.0,0,2026,18000000
Javonte Green,32.0,DET,SG,82.0,6.0,17.6,2.3,5.0,0.447,1.1,3.0,0.381,1.1,2.0,0.545,0.56,1.3,1.5,0.84,0.8,2.0,2.8,0.7,1.2,0.3,0.5,1.3,6.9,0,2026,2296274
Moritz Wagner,28.0,ORL,C,36.0,0.0,11.9,2.3,5.4,0.426,0.6,1.9,0.314,1.7,3.5,0.488,0.482,1.6,2.0,0.819,0.8,2.4,3.2,0.8,0.4,0.1,0.5,1.6,6.9,0,2026,5000000
Keon Ellis,26.0,2TM,SG,72.0,11.0,20.5,2.3,5.3,0.44,1.3,3.5,0.363,1.1,1.8,0.586,0.559,0.7,1.0,0.729,0.5,1.3,1.9,1.0,1.2,0.6,0.6,1.9,6.7,0,2026,2301587
Isaiah Jackson,24.0,2TM,C,55.0,14.0,16.5,2.7,4.3,0.637,0.0,0.1,0.0,2.7,4.3,0.645,0.637,1.2,1.9,0.648,2.1,3.2,5.3,0.9,0.7,0.9,1.1,2.7,6.7,0,2026,7600000
Cole Anthony,25.0,MIL,PG,35.0,0.0,15.1,2.8,6.6,0.424,0.6,2.1,0.306,2.2,4.5,0.478,0.472,0.5,0.7,0.615,0.5,2.0,2.5,3.5,0.6,0.3,1.9,2.1,6.7,0,2026,5996274
Kevin Love,37.0,UTA,PF,37.0,5.0,16.6,2.1,5.4,0.397,1.4,3.8,0.373,0.7,1.5,0.456,0.53,1.0,1.2,0.841,1.5,4.3,5.8,1.8,0.4,0.2,0.8,1.5,6.7,0,2026,4150000
Robert Williams,28.0,POR,C,59.0,1.0,17.1,3.0,4.2,0.708,0.2,0.4,0.391,2.8,3.8,0.74,0.726,0.6,1.0,0.596,2.4,4.6,7.0,1.0,0.6,1.5,0.8,1.3,6.7,0,2026,13285713
Jamal Shead,23.0,TOR,PG,82.0,12.0,22.6,2.3,6.1,0.367,1.0,3.2,0.321,1.2,3.0,0.417,0.45,1.1,1.4,0.784,0.3,1.4,1.7,5.4,0.9,0.2,1.4,2.0,6.6,6MOY-12,2026,1955377
Oso Ighodaro,23.0,PHO,PF,82.0,24.0,22.0,2.9,4.5,0.653,0.0,0.0,0.0,2.9,4.5,0.655,0.653,0.6,1.4,0.453,1.7,3.4,5.1,2.3,0.9,0.7,1.2,2.7,6.5,0,2026,1955377
Luke Kornet,30.0,SAS,C,68.0,25.0,21.0,2.6,4.0,0.643,0.0,0.0,0.0,2.6,4.0,0.643,0.643,1.4,1.7,0.825,2.7,3.4,6.1,1.9,0.5,1.0,0.4,1.8,6.5,0,2026,11000000
Drake Powell,20.0,BRK,SG,63.0,24.0,21.0,2.3,5.7,0.402,0.8,2.9,0.28,1.5,2.8,0.528,0.473,1.1,1.2,0.896,0.3,1.4,1.8,1.4,0.6,0.2,1.0,1.4,6.5,0,2026,3372240
Trendon Watford,25.0,PHI,PF,53.0,7.0,16.3,2.6,5.1,0.515,0.2,0.9,0.2,2.4,4.1,0.587,0.534,1.1,1.5,0.779,0.7,2.6,3.3,2.5,0.3,0.4,1.2,2.0,6.5,0,2026,2461463
Kenrich Williams,31.0,OKC,PF,56.0,2.0,15.3,2.5,5.3,0.473,0.9,2.3,0.388,1.6,3.0,0.539,0.557,0.6,0.9,0.635,1.1,2.3,3.3,1.4,0.6,0.1,0.8,1.1,6.5,0,2026,7163000
Jevon Carter,30.0,2TM,PG,53.0,1.0,16.4,2.3,5.8,0.401,1.5,4.1,0.363,0.8,1.7,0.489,0.528,0.3,0.4,0.789,0.3,1.4,1.7,1.6,0.8,0.2,0.7,1.1,6.4,0,2026,7680524
Andre Drummond,32.0,PHI,C,63.0,25.0,19.5,2.5,5.3,0.472,0.5,1.4,0.356,2.0,3.9,0.514,0.519,0.8,1.3,0.631,3.2,5.3,8.4,1.3,0.6,0.8,1.0,2.0,6.4,0,2026,5000000
Will Richard,23.0,GSW,SG,69.0,21.0,20.0,2.3,5.0,0.468,1.0,3.1,0.335,1.3,1.9,0.679,0.571,0.7,0.8,0.852,1.0,1.5,2.5,1.3,1.2,0.1,0.8,1.9,6.4,0,2026,1272870
Jalen Wilson,25.0,BRK,PF,54.0,2.0,15.9,2.0,5.1,0.396,1.0,2.8,0.355,1.0,2.3,0.444,0.493,1.3,1.8,0.719,0.3,1.8,2.1,0.9,0.4,0.0,0.7,1.6,6.4,0,2026,2221677
Rob Dillingham,21.0,2TM,PG,65.0,0.0,14.9,2.5,6.3,0.396,0.6,2.0,0.316,1.9,4.3,0.434,0.447,0.6,0.8,0.745,0.3,1.7,2.0,2.2,0.7,0.1,1.5,1.8,6.3,0,2026,6576120
Tyrese Martin,26.0,2TM,SG,46.0,6.0,16.9,2.4,6.0,0.394,1.2,3.6,0.321,1.2,2.4,0.5,0.489,0.4,0.6,0.679,0.7,1.8,2.5,1.7,0.5,0.1,0.9,0.7,6.3,0,2026,2191897
Kyle Anderson,32.0,3TM,SF,43.0,5.0,19.8,2.5,4.7,0.53,0.1,0.3,0.364,2.4,4.4,0.539,0.54,1.1,1.6,0.706,1.0,2.5,3.5,2.9,1.0,0.6,0.9,2.2,6.2,0,2026,9219512
Thomas Bryant,28.0,CLE,C,60.0,1.0,12.2,2.3,4.5,0.506,0.8,2.2,0.359,1.5,2.3,0.647,0.594,0.9,1.1,0.803,1.0,2.4,3.4,0.6,0.3,0.4,0.5,1.3,6.2,0,2026,2296274
Alex Caruso,31.0,OKC,SG,56.0,0.0,18.2,2.3,5.4,0.423,0.9,3.2,0.293,1.3,2.1,0.622,0.512,0.7,0.9,0.804,0.5,2.3,2.8,2.0,1.3,0.3,0.9,1.2,6.2,0,2026,18102000
Kasparas Jakučionis,19.0,MIA,PG,53.0,12.0,17.8,1.9,4.5,0.429,1.2,2.9,0.423,0.7,1.5,0.439,0.567,1.1,1.2,0.879,0.8,1.8,2.6,2.6,0.6,0.1,0.9,1.9,6.2,0,2026,3658800
Nick Smith Jr.,21.0,LAL,SG,30.0,1.0,12.5,2.3,5.4,0.435,1.1,2.9,0.395,1.2,2.5,0.48,0.54,0.4,0.5,0.733,0.1,0.7,0.8,1.0,0.3,0.1,0.7,0.9,6.2,0,2026,2710680
Mac McClung,27.0,2TM,SG,11.0,0.0,12.3,2.1,5.4,0.39,0.6,2.7,0.233,1.5,2.6,0.552,0.449,1.3,1.6,0.778,0.2,0.7,0.9,0.9,1.0,0.3,0.8,1.7,6.1,0,2026,164060
Gradey Dick,22.0,TOR,SG,76.0,1.0,14.0,2.1,5.1,0.419,0.7,2.4,0.301,1.4,2.6,0.53,0.492,1.0,1.2,0.875,0.6,1.4,1.9,0.7,0.6,0.1,0.6,1.3,6.0,0,2026,4990560
Justin Edwards,22.0,PHI,SF,64.0,12.0,15.3,2.2,5.0,0.447,1.0,2.8,0.372,1.2,2.2,0.543,0.552,0.5,0.6,0.846,0.4,1.1,1.5,1.3,0.8,0.2,0.6,1.4,6.0,0,2026,2048494
Tidjane Salaün,20.0,CHO,PF,37.0,0.0,15.5,2.2,4.3,0.503,1.0,2.2,0.434,1.2,2.1,0.579,0.616,0.7,1.1,0.65,0.7,3.3,4.0,0.7,0.4,0.2,0.7,1.5,6.0,0,2026,7863240
Goga Bitadze,26.0,ORL,C,64.0,3.0,15.2,2.4,3.5,0.676,0.0,0.2,0.182,2.3,3.3,0.701,0.68,1.1,1.5,0.711,2.1,2.9,5.0,1.3,0.6,1.0,0.7,2.1,5.9,0,2026,8333333
Charles Bassey,25.0,4TM,C,13.0,0.0,11.8,2.4,3.6,0.66,0.0,0.0,0.0,2.4,3.6,0.66,0.66,1.1,1.5,0.7,1.8,2.6,4.4,0.5,0.3,0.8,0.5,1.5,5.8,0,2026,263940
Kobe Brown,26.0,2TM,PF,61.0,10.0,15.8,2.1,4.4,0.469,0.9,2.3,0.374,1.2,2.2,0.568,0.565,0.8,1.0,0.797,1.1,1.9,3.0,1.3,0.4,0.2,0.9,1.1,5.8,0,2026,2654880
Nick Richards,28.0,2TM,C,48.0,6.0,14.6,2.1,4.2,0.512,0.1,0.4,0.278,2.0,3.8,0.536,0.525,1.4,2.1,0.644,1.6,3.5,5.1,0.3,0.2,0.7,1.2,1.8,5.8,0,2026,5000000
Steven Adams,32.0,HOU,C,32.0,11.0,22.8,2.2,4.3,0.504,0.0,0.0,0.0,2.2,4.3,0.504,0.504,1.5,2.5,0.58,4.5,4.1,8.6,1.5,0.7,0.6,1.1,1.7,5.8,0,2026,14130434
Ryan Dunn,23.0,PHO,SF,70.0,16.0,19.4,2.3,5.2,0.453,0.8,2.4,0.331,1.5,2.8,0.56,0.53,0.3,0.7,0.489,1.4,2.8,4.2,1.5,0.9,0.4,0.8,1.9,5.8,0,2026,2657760
Anthony Gill,33.0,WAS,PF,55.0,8.0,17.3,2.5,3.9,0.628,0.3,0.9,0.354,2.1,3.0,0.707,0.667,0.6,0.8,0.739,1.1,1.8,2.9,1.3,0.6,0.4,0.7,1.6,5.8,0,2026,2296274
Kris Murray,25.0,POR,SF,57.0,15.0,23.4,2.3,4.8,0.467,0.6,2.1,0.279,1.7,2.7,0.617,0.529,0.7,1.0,0.684,1.6,2.0,3.6,1.4,0.9,0.4,0.8,1.6,5.8,0,2026,3132000
Matisse Thybulle,28.0,POR,SG,30.0,0.0,16.0,1.9,4.5,0.433,1.2,3.1,0.398,0.7,1.4,0.512,0.571,0.7,0.8,0.84,0.6,1.4,2.0,0.9,2.0,0.5,0.9,1.4,5.8,0,2026,11550000
Nae'Qwan Tomlin,25.0,CLE,PF,64.0,3.0,15.7,2.3,4.9,0.478,0.4,1.8,0.235,1.9,3.1,0.618,0.521,0.7,1.0,0.77,1.3,1.6,2.9,0.8,0.6,0.5,0.5,2.0,5.8,0,2026,718150
Dean Wade,29.0,CLE,PF,59.0,38.0,22.3,2.1,4.7,0.439,1.2,3.3,0.362,0.9,1.4,0.622,0.567,0.5,0.6,0.711,0.9,3.3,4.2,1.5,0.7,0.4,0.3,1.5,5.8,0,2026,6623456
E.J. Liddell,25.0,BRK,PF,26.0,5.0,13.4,2.1,4.3,0.486,0.7,2.0,0.346,1.4,2.3,0.61,0.568,0.8,1.0,0.808,0.5,2.1,2.7,0.9,0.2,0.4,0.6,1.7,5.7,0,2026,706898
Karlo Matković,24.0,NOP,PF,62.0,2.0,14.7,2.3,3.8,0.604,0.6,1.5,0.422,1.7,2.3,0.717,0.685,0.5,0.7,0.732,1.2,2.5,3.7,0.8,0.4,0.9,0.5,1.7,5.7,0,2026,1955377
Doug McDermott,34.0,SAC,SF,29.0,0.0,15.1,1.9,4.8,0.388,1.7,4.2,0.39,0.2,0.6,0.375,0.561,0.3,0.3,0.889,0.2,1.0,1.3,0.8,0.2,0.1,0.4,1.0,5.7,0,2026,2296274
Yves Missi,21.0,NOP,C,66.0,14.0,19.7,2.4,4.5,0.544,0.0,0.0,0.0,2.4,4.4,0.546,0.544,0.9,1.5,0.559,2.8,3.1,5.8,1.3,0.3,1.5,0.8,1.7,5.7,0,2026,3353040
Mitchell Robinson,27.0,NYK,C,60.0,16.0,19.6,2.5,3.4,0.723,0.0,0.0,0.0,2.5,3.4,0.723,0.723,0.7,1.7,0.408,4.2,4.6,8.8,0.9,0.9,1.2,0.7,2.1,5.7,6MOY-8,2026,12954546
Guerschon Yabusele,30.0,2TM,C,67.0,19.0,15.0,1.9,4.7,0.401,1.0,2.9,0.352,0.8,1.7,0.483,0.511,0.8,1.1,0.75,0.8,2.7,3.5,0.9,0.4,0.2,0.6,1.2,5.6,0,2026,5500000
Terrence Shannon Jr.,25.0,MIN,SG,43.0,2.0,12.5,1.8,4.0,0.45,0.7,1.8,0.408,1.1,2.2,0.484,0.541,1.3,1.6,0.8,0.2,0.9,1.1,0.9,0.3,0.0,0.6,1.2,5.6,0,2026,2674080
Dru Smith,28.0,MIA,SG,70.0,1.0,16.3,1.9,4.6,0.415,0.5,1.8,0.295,1.4,2.8,0.495,0.474,1.2,1.5,0.829,0.9,1.6,2.5,2.6,1.4,0.3,0.8,1.6,5.6,0,2026,2378870
Eric Gordon,37.0,PHI,SG,6.0,0.0,12.3,2.0,3.5,0.571,1.3,2.3,0.571,0.7,1.2,0.571,0.762,0.2,0.3,0.5,0.2,0.2,0.3,0.5,0.7,0.2,0.5,0.5,5.5,0,2026,2296274
Killian Hayes,24.0,SAC,PG,23.0,3.0,17.7,1.8,6.0,0.304,0.7,2.7,0.27,1.1,3.3,0.333,0.366,1.1,1.2,0.929,0.2,2.2,2.3,3.5,0.9,0.2,1.2,1.6,5.5,0,2026,263940
Aaron Holiday,29.0,HOU,PG,57.0,1.0,13.7,1.8,4.4,0.417,1.2,3.0,0.394,0.7,1.4,0.463,0.55,0.6,0.7,0.854,0.2,0.8,1.0,1.1,0.5,0.1,0.7,1.3,5.5,0,2026,2296274
Jett Howard,22.0,ORL,SF,55.0,0.0,12.6,1.9,4.6,0.418,1.0,2.6,0.372,0.9,1.9,0.481,0.526,0.7,0.7,0.949,0.4,1.2,1.6,0.8,0.2,0.2,0.3,1.2,5.5,0,2026,5529720
Spencer Jones,24.0,DEN,SF,64.0,37.0,22.1,2.1,4.1,0.504,0.9,2.3,0.396,1.2,1.8,0.636,0.613,0.5,0.8,0.608,1.2,2.1,3.3,0.8,0.8,0.5,0.5,2.7,5.5,0,2026,623967
Tre Mann,24.0,CHO,PG,53.0,1.0,12.6,2.1,5.7,0.36,0.9,2.9,0.323,1.1,2.8,0.399,0.442,0.4,0.5,0.852,0.4,1.4,1.7,1.6,0.5,0.1,1.0,1.3,5.5,0,2026,8000000
Baylor Scheierman,25.0,BOS,SG,77.0,20.0,18.6,2.0,4.3,0.453,1.3,3.2,0.399,0.7,1.2,0.6,0.599,0.4,0.4,0.903,0.7,2.8,3.5,1.5,0.5,0.1,0.6,1.4,5.5,0,2026,2619000
Haywood Highsmith,29.0,PHO,SF,7.0,0.0,13.0,1.7,3.3,0.522,1.1,2.0,0.571,0.6,1.3,0.444,0.696,0.9,1.0,0.857,0.9,1.0,1.9,1.0,0.6,0.0,0.0,1.3,5.4,0,2026,6443984
Sion James,23.0,CHO,SG,82.0,19.0,22.5,1.7,4.5,0.371,1.0,2.9,0.352,0.7,1.7,0.404,0.483,1.0,1.2,0.837,0.6,2.9,3.5,2.0,0.6,0.2,0.8,1.8,5.4,0,2026,2296274
Tyrese Proctor,21.0,CLE,PG,50.0,1.0,10.9,1.9,4.5,0.413,0.9,2.6,0.351,0.9,1.9,0.5,0.516,0.8,0.9,0.889,0.2,1.1,1.3,1.5,0.5,0.0,0.8,1.2,5.4,0,2026,1272870
Jordan Walsh,21.0,BOS,PF,68.0,25.0,17.8,2.0,3.9,0.509,0.7,1.8,0.384,1.3,2.1,0.62,0.599,0.6,0.8,0.772,1.3,2.8,4.0,0.8,0.7,0.5,0.5,2.0,5.4,0,2026,2221677
Rayan Rupert,21.0,2TM,SG,64.0,8.0,16.8,1.9,4.9,0.393,0.7,2.1,0.324,1.2,2.8,0.446,0.463,0.7,0.8,0.778,0.8,2.2,2.9,1.1,0.9,0.1,0.9,1.9,5.2,0,2026,2353647
Drew Eubanks,28.0,SAC,C,42.0,11.0,13.1,2.2,3.7,0.596,0.0,0.2,0.143,2.2,3.5,0.617,0.599,0.8,1.4,0.561,0.9,2.1,3.0,0.5,0.4,0.6,0.7,1.4,5.2,0,2026,2296274
Garrison Mathews,29.0,IND,SG,15.0,1.0,13.1,1.4,3.5,0.404,1.1,3.1,0.37,0.3,0.4,0.667,0.567,1.3,1.5,0.826,0.1,1.0,1.1,0.7,0.4,0.2,0.2,1.3,5.2,0,2026,429325
Asa Newell,20.0,ATL,PF,44.0,2.0,11.4,2.1,3.8,0.538,0.7,1.7,0.387,1.4,2.1,0.66,0.624,0.4,0.7,0.552,1.0,1.2,2.2,0.6,0.4,0.3,0.5,1.5,5.2,0,2026,3237480
Jalen Pickett,26.0,DEN,SG,50.0,18.0,16.1,2.0,4.6,0.422,1.0,2.5,0.386,1.0,2.1,0.467,0.528,0.3,0.4,0.789,0.4,1.9,2.3,2.3,0.3,0.1,0.7,0.8,5.2,0,2026,2221677
Marcus Sasser,25.0,DET,PG,38.0,5.0,12.0,1.8,4.7,0.39,1.2,2.8,0.415,0.7,1.9,0.352,0.514,0.4,0.5,0.833,0.2,0.8,1.0,2.0,0.5,0.1,0.8,1.1,5.2,0,2026,2886720
Nikola Topić,20.0,OKC,PG,10.0,2.0,16.0,2.2,5.1,0.431,0.6,1.5,0.4,1.6,3.6,0.444,0.49,0.2,0.5,0.4,0.7,1.2,1.9,4.4,0.5,0.0,2.5,1.3,5.2,0,2026,5182920
Ochai Agbaji,25.0,2TM,SG,62.0,13.0,15.7,2.0,4.5,0.436,0.5,2.1,0.266,1.4,2.5,0.579,0.496,0.6,0.7,0.837,0.7,1.5,2.3,0.8,0.4,0.3,0.5,1.5,5.1,0,2026,6383525
Sidy Cissoko,21.0,POR,SF,75.0,26.0,19.1,1.8,4.5,0.398,0.8,2.6,0.298,1.0,1.8,0.544,0.487,0.8,1.2,0.659,0.8,1.4,2.2,1.5,0.7,0.3,0.9,2.4,5.1,0,2026,686243
Johnny Furphy,21.0,IND,SG,35.0,21.0,18.4,2.0,4.3,0.47,0.7,2.0,0.324,1.3,2.2,0.603,0.547,0.5,1.0,0.486,0.9,3.5,4.4,1.2,0.6,0.2,0.8,1.9,5.1,0,2026,1955377
Jordan Hawkins,23.0,NOP,SG,51.0,1.0,13.6,1.8,5.0,0.366,0.9,2.6,0.348,0.9,2.4,0.385,0.457,0.5,0.5,0.852,0.4,1.3,1.7,0.8,0.3,0.2,0.7,0.6,5.1,0,2026,4741320
Jericho Sims,27.0,MIL,C,67.0,19.0,19.7,2.2,2.8,0.784,0.0,0.0,0.0,2.2,2.8,0.784,0.784,0.7,1.1,0.62,2.2,3.3,5.5,1.6,0.3,0.3,1.1,2.2,5.0,0,2026,2461463
Adem Bona,22.0,PHI,C,71.0,18.0,17.4,1.8,3.1,0.595,0.0,0.1,0.333,1.8,3.0,0.603,0.6,1.1,1.6,0.708,1.8,2.5,4.3,0.5,0.4,1.2,0.8,2.2,4.8,0,2026,1955377
Blake Wesley,22.0,POR,SG,31.0,0.0,11.6,1.8,4.0,0.452,0.3,1.2,0.278,1.5,2.8,0.523,0.492,0.8,1.5,0.553,0.3,1.0,1.3,2.0,0.5,0.2,1.0,1.1,4.8,0,2026,5643732
Tyler Smith,21.0,DAL,PF,12.0,0.0,13.8,1.8,4.2,0.42,0.8,2.9,0.286,0.9,1.3,0.733,0.52,0.3,0.5,0.667,1.0,1.8,2.8,0.4,0.5,0.0,0.5,1.1,4.7,0,2026,1955377
Lonzo Ball,28.0,CLE,PG,35.0,3.0,20.8,1.5,5.0,0.301,1.1,4.2,0.272,0.4,0.8,0.448,0.415,0.4,0.6,0.667,0.7,3.3,4.0,3.9,1.3,0.3,1.5,1.3,4.6,0,2026,10000000
Malaki Branham,22.0,WAS,SG,28.0,0.0,9.8,1.5,3.3,0.473,0.5,1.3,0.378,1.0,1.9,0.537,0.549,1.0,1.2,0.824,0.4,1.1,1.6,0.8,0.4,0.1,0.5,0.8,4.6,0,2026,4962033
Jeremiah Robinson-Earl,25.0,2TM,PF,22.0,3.0,16.4,1.7,4.5,0.37,0.5,1.9,0.244,1.2,2.7,0.458,0.42,0.8,0.8,0.944,1.6,3.0,4.7,0.7,0.4,0.0,0.5,1.2,4.6,0,2026,131970
Mike Conley,38.0,MIN,PG,54.0,15.0,18.4,1.3,4.0,0.335,1.0,3.1,0.337,0.3,0.9,0.327,0.465,0.8,0.9,0.9,0.3,1.4,1.7,2.9,0.6,0.3,0.6,1.6,4.5,0,2026,11499872
Josh Okogie,27.0,HOU,SG,78.0,32.0,17.4,1.6,3.8,0.425,0.8,2.1,0.385,0.8,1.7,0.474,0.531,0.5,0.9,0.594,1.0,1.5,2.6,0.9,0.8,0.2,0.5,1.4,4.5,0,2026,2296274
Craig Porter Jr.,25.0,CLE,PG,64.0,3.0,17.9,1.8,4.0,0.45,0.5,1.5,0.355,1.3,2.6,0.503,0.514,0.4,0.6,0.6,1.3,2.1,3.4,3.2,0.9,0.6,0.9,1.1,4.5,0,2026,2221677
John Konchar,29.0,2TM,SG,56.0,8.0,19.9,1.7,3.6,0.472,0.5,1.8,0.283,1.2,1.8,0.66,0.543,0.6,0.8,0.727,1.3,3.0,4.3,2.1,1.5,0.7,0.6,1.4,4.4,0,2026,6165000
Gabe Vincent,29.0,2TM,PG,53.0,7.0,16.6,1.4,4.1,0.352,1.1,3.3,0.341,0.3,0.8,0.395,0.488,0.4,0.4,0.87,0.3,0.7,1.0,1.4,0.5,0.1,0.5,1.5,4.4,0,2026,11500000
Mouhamed Gueye,23.0,ATL,PF,77.0,8.0,15.3,1.7,3.8,0.452,0.5,1.7,0.308,1.2,2.1,0.569,0.521,0.5,0.8,0.645,1.2,2.4,3.6,0.9,0.8,0.5,0.4,1.6,4.4,0,2026,2221677
Kam Jones,23.0,IND,SG,37.0,7.0,16.6,1.8,4.6,0.402,0.6,2.0,0.293,1.2,2.5,0.489,0.467,0.1,0.2,0.5,0.4,1.2,1.6,3.2,0.5,0.0,1.0,1.1,4.4,0,2026,1272870
DeAndre Jordan,37.0,NOP,C,12.0,7.0,16.6,1.8,2.7,0.656,0.0,0.0,0.0,1.8,2.7,0.656,0.656,0.9,1.4,0.647,2.2,4.2,6.3,0.9,0.3,0.8,0.8,1.3,4.4,0,2026,2269880
Tyler Kolek,24.0,NYK,PG,62.0,1.0,11.7,1.7,4.0,0.435,0.7,1.8,0.386,1.0,2.2,0.478,0.524,0.2,0.3,0.7,0.3,1.3,1.6,2.7,0.4,0.1,0.9,1.0,4.4,0,2026,2191897
Jase Richardson,20.0,ORL,SG,54.0,0.0,10.9,1.6,3.5,0.473,0.5,1.5,0.354,1.1,2.0,0.56,0.548,0.6,0.9,0.717,0.4,0.8,1.2,1.1,0.4,0.0,0.5,1.0,4.4,0,2026,2983320
Jarred Vanderbilt,26.0,LAL,PF,65.0,3.0,17.4,1.7,3.7,0.471,0.4,1.5,0.293,1.3,2.2,0.596,0.531,0.5,0.9,0.589,1.2,3.3,4.5,1.3,0.8,0.3,0.9,1.6,4.4,0,2026,11571429
Keshon Gilbert,22.0,2TM,SG,4.0,0.0,18.5,1.3,3.0,0.417,0.0,0.8,0.0,1.3,2.3,0.556,0.417,1.8,1.8,1.0,0.5,0.8,1.3,3.0,0.8,1.0,2.0,1.3,4.3,0,2026,73153
Rasheer Fleming,21.0,PHO,PF,55.0,1.0,12.2,1.6,3.9,0.405,0.8,2.4,0.346,0.8,1.5,0.494,0.509,0.3,0.6,0.559,1.0,1.2,2.3,0.3,0.4,0.4,0.5,1.2,4.3,0,2026,1272870
Josh Green,25.0,CHO,SG,58.0,0.0,15.7,1.4,3.1,0.459,1.0,2.4,0.42,0.4,0.7,0.581,0.619,0.4,0.5,0.893,0.8,1.0,1.8,0.8,0.6,0.1,0.6,1.1,4.3,0,2026,13666667
Keshad Johnson,24.0,MIA,SF,32.0,0.0,8.8,1.6,3.3,0.49,0.4,1.4,0.295,1.2,1.9,0.633,0.553,0.7,0.9,0.724,0.8,1.1,1.9,0.3,0.5,0.3,0.4,0.9,4.3,0,2026,1955377
Yanic Konan Niederhäuser,22.0,LAC,C,41.0,0.0,10.3,1.6,2.4,0.64,0.0,0.1,0.2,1.5,2.3,0.663,0.645,1.1,1.5,0.758,0.9,2.0,2.9,0.3,0.1,0.7,0.6,1.6,4.3,0,2026,2743800
Skal Labissière,29.0,WAS,PF,3.0,0.0,12.7,2.0,3.3,0.6,0.3,1.7,0.2,1.7,1.7,1.0,0.65,0.0,0.0,0.0,1.0,2.0,3.0,1.0,0.7,0.3,0.3,1.0,4.3,0,2026,131970
Dereck Lively II,21.0,DAL,C,7.0,4.0,16.4,1.6,2.6,0.611,0.0,0.0,0.0,1.6,2.6,0.611,0.611,1.1,1.4,0.8,2.0,3.3,5.3,1.9,0.6,1.6,1.4,3.0,4.3,0,2026,5253360
Liam McNeeley,20.0,CHO,SF,31.0,0.0,11.9,1.2,3.1,0.4,0.8,1.9,0.4,0.5,1.1,0.4,0.526,1.0,1.3,0.821,0.4,1.9,2.4,0.8,0.2,0.1,0.4,1.2,4.3,0,2026,2763960
Grant Nelson,23.0,BRK,PF,4.0,0.0,8.8,1.3,2.3,0.556,0.0,0.0,0.0,1.3,2.3,0.556,0.556,1.8,2.5,0.7,0.3,1.3,1.5,1.3,0.3,1.3,1.0,1.5,4.3,0,2026,73153
Micah Peavy,24.0,NOP,SG,61.0,4.0,15.0,1.7,4.5,0.385,0.5,1.8,0.259,1.3,2.7,0.467,0.436,0.4,0.5,0.759,0.8,1.2,1.9,1.0,0.7,0.1,0.3,1.6,4.3,0,2026,1272870
Jabari Walker,23.0,PHI,PF,64.0,6.0,11.9,1.5,3.3,0.455,0.5,1.5,0.337,1.0,1.8,0.551,0.531,0.8,1.1,0.735,1.1,1.9,3.0,0.5,0.4,0.2,0.4,1.6,4.3,0,2026,724598
Carter Bryant,20.0,SAS,PF,71.0,0.0,11.5,1.5,3.7,0.408,0.7,2.2,0.335,0.8,1.5,0.509,0.506,0.4,0.6,0.714,0.5,2.0,2.5,0.7,0.2,0.3,0.5,1.3,4.2,0,2026,4900320
Dalton Knecht,24.0,LAL,SF,54.0,1.0,10.2,1.6,3.5,0.455,0.7,2.1,0.342,0.9,1.5,0.613,0.555,0.3,0.4,0.727,0.3,1.1,1.4,0.4,0.2,0.2,0.4,0.8,4.2,0,2026,4010160
Nicolas Batum,37.0,LAC,PF,74.0,6.0,17.5,1.3,3.2,0.403,1.2,3.1,0.404,0.1,0.1,0.4,0.597,0.1,0.1,0.818,0.3,2.2,2.5,0.9,0.6,0.3,0.5,1.4,4.0,0,2026,5601600
Tony Bradley,28.0,2TM,C,41.0,4.0,11.0,1.6,2.9,0.547,0.0,0.1,0.5,1.5,2.8,0.549,0.556,0.8,1.0,0.744,1.5,1.4,2.8,0.5,0.1,0.2,0.4,1.5,4.0,0,2026,3204816
Jaylen Clark,24.0,MIN,SG,68.0,1.0,13.1,1.5,3.4,0.434,0.5,1.5,0.327,1.0,1.9,0.52,0.507,0.6,1.0,0.657,0.8,1.0,1.8,0.6,0.7,0.1,0.3,1.3,4.0,0,2026,2191897
Brandon Clarke,29.0,MEM,PF,2.0,2.0,10.0,1.5,4.5,0.333,0.0,0.0,0.0,1.5,4.5,0.333,0.333,1.0,2.0,0.5,2.0,1.0,3.0,0.5,1.0,0.0,0.0,2.5,4.0,0,2026,12500000
Joan Beringer,19.0,MIN,PF,40.0,3.0,7.9,1.6,2.5,0.663,0.0,0.0,0.0,1.6,2.5,0.663,0.663,0.7,0.9,0.703,1.1,1.2,2.3,0.3,0.2,0.7,0.3,1.2,3.9,0,2026,4201080
Hugo González,19.0,BOS,SF,74.0,3.0,14.6,1.6,3.3,0.476,0.6,1.6,0.362,1.0,1.8,0.577,0.561,0.2,0.4,0.5,0.8,2.5,3.3,0.5,0.6,0.3,0.5,1.7,3.9,0,2026,2783880
Caleb Martin,30.0,DAL,SF,58.0,12.0,14.8,1.5,3.3,0.45,0.3,1.0,0.351,1.1,2.3,0.492,0.503,0.6,1.1,0.607,0.5,2.0,2.5,1.4,0.7,0.3,0.7,1.5,3.9,0,2026,9594044
Clint Capela,31.0,HOU,C,75.0,3.0,12.3,1.6,3.0,0.52,0.0,0.0,0.5,1.6,3.0,0.52,0.522,0.6,1.0,0.577,2.1,2.5,4.6,0.7,0.5,0.8,0.5,1.0,3.8,0,2026,6700000
Noah Penda,21.0,ORL,SF,59.0,2.0,12.8,1.4,3.4,0.404,0.5,1.6,0.323,0.9,1.9,0.473,0.478,0.6,0.8,0.688,1.1,2.0,3.2,1.2,0.5,0.3,0.7,1.2,3.8,0,2026,1272870
Patrick Baldwin Jr.,23.0,3TM,SF,9.0,1.0,11.3,1.2,3.0,0.407,0.7,1.6,0.429,0.6,1.4,0.385,0.519,0.6,0.8,0.714,1.3,1.2,2.6,0.6,0.3,0.6,0.6,1.7,3.7,0,2026,263940
Dalen Terry,23.0,2TM,SG,48.0,0.0,11.5,1.4,3.2,0.439,0.5,1.4,0.364,0.9,1.9,0.494,0.516,0.3,0.6,0.533,0.5,1.3,1.8,1.4,0.6,0.3,0.5,1.0,3.7,0,2026,5399118
DaRon Holmes,23.0,DEN,PF,25.0,6.0,8.4,1.2,2.4,0.508,0.8,1.8,0.444,0.4,0.6,0.688,0.672,0.4,0.6,0.786,0.3,1.1,1.4,0.6,0.0,0.2,0.5,0.8,3.7,0,2026,3218760
Larry Nance Jr.,33.0,CLE,PF,35.0,3.0,12.8,1.5,3.5,0.419,0.6,1.8,0.333,0.9,1.7,0.508,0.504,0.2,0.4,0.462,0.8,1.8,2.7,1.0,0.6,0.2,0.6,1.6,3.7,0,2026,2296274
Zeke Nnaji,25.0,DEN,PF,52.0,4.0,12.0,1.4,2.9,0.47,0.3,1.0,0.259,1.1,1.9,0.588,0.517,0.7,0.8,0.773,0.6,2.0,2.6,0.6,0.3,0.5,0.5,1.4,3.7,0,2026,8177778
Jeremy Sochan,22.0,2TM,PF,44.0,0.0,10.7,1.5,2.9,0.496,0.3,1.0,0.244,1.2,1.9,0.631,0.539,0.4,0.6,0.731,0.8,1.6,2.4,0.9,0.4,0.2,0.5,1.4,3.6,0,2026,7874853
Mohamed Diawara,20.0,NYK,SF,69.0,7.0,9.2,1.3,3.1,0.423,0.7,1.9,0.369,0.6,1.2,0.506,0.535,0.3,0.3,0.75,0.2,1.1,1.4,0.8,0.2,0.1,0.4,0.7,3.6,0,2026,1272870
Myron Gardner,24.0,MIA,SF,45.0,7.0,9.1,1.3,2.7,0.48,0.6,1.4,0.406,0.7,1.3,0.559,0.585,0.4,0.6,0.731,0.9,1.8,2.7,1.0,0.4,0.2,0.4,1.7,3.6,0,2026,395029
Keaton Wallace,26.0,ATL,PG,53.0,3.0,10.1,1.3,3.2,0.398,0.7,1.9,0.373,0.6,1.3,0.435,0.509,0.2,0.3,0.667,0.1,1.0,1.1,1.8,0.5,0.1,0.5,0.9,3.5,0,2026,2296274
Trayce Jackson-Davis,25.0,2TM,C,53.0,1.0,9.4,1.3,2.3,0.573,0.0,0.0,1.0,1.3,2.3,0.569,0.577,0.7,1.4,0.514,1.2,1.5,2.7,0.7,0.3,0.5,0.4,0.8,3.4,0,2026,2221677
Drew Timme,25.0,LAL,PF,27.0,1.0,8.7,1.4,2.4,0.576,0.4,0.9,0.44,1.0,1.5,0.659,0.659,0.2,0.3,0.556,0.4,0.9,1.2,0.9,0.2,0.0,0.5,0.7,3.4,0,2026,1955377
AJ Johnson,21.0,2TM,SG,48.0,0.0,9.5,1.2,3.7,0.324,0.3,1.2,0.211,0.9,2.5,0.378,0.358,0.7,0.8,0.85,0.3,0.9,1.1,1.0,0.2,0.1,0.6,0.6,3.3,0,2026,3090480
Dorian Finney-Smith,32.0,HOU,PF,37.0,1.0,16.8,1.2,3.6,0.333,0.7,2.7,0.27,0.5,0.9,0.531,0.436,0.2,0.2,0.889,0.9,1.6,2.5,1.0,0.4,0.2,0.6,1.6,3.3,0,2026,12700000
Dwight Powell,34.0,DAL,C,63.0,12.0,14.3,1.0,1.6,0.644,0.0,0.1,0.286,1.0,1.5,0.67,0.653,1.2,1.8,0.696,1.5,2.6,4.1,1.1,0.5,0.3,0.7,2.1,3.3,0,2026,4000000
James Wiseman,24.0,IND,C,4.0,1.0,14.5,1.5,2.5,0.6,0.0,0.0,0.0,1.5,2.5,0.6,0.6,0.3,0.5,0.5,1.3,0.8,2.0,0.8,0.0,0.3,1.3,2.5,3.3,0,2026,1131970
Amir Coffey,28.0,2TM,SG,46.0,3.0,10.7,1.2,2.5,0.487,0.4,1.1,0.347,0.8,1.4,0.594,0.562,0.5,0.6,0.786,0.4,0.8,1.2,0.6,0.2,0.1,0.2,0.7,3.2,0,2026,2296274
Kelly Olynyk,34.0,SAS,C,42.0,0.0,8.6,1.1,2.3,0.49,0.3,1.1,0.255,0.8,1.2,0.714,0.552,0.6,0.9,0.711,0.6,1.2,1.8,1.2,0.4,0.1,0.6,0.9,3.2,0,2026,13445122
Jamison Battle,24.0,TOR,SF,61.0,2.0,8.5,1.2,2.4,0.51,0.6,1.4,0.412,0.6,1.0,0.65,0.631,0.1,0.2,0.643,0.3,1.1,1.5,0.4,0.1,0.0,0.3,0.7,3.1,0,2026,1955377
Tyus Jones,29.0,3TM,PG,67.0,12.0,14.6,1.1,3.3,0.349,0.6,2.0,0.292,0.5,1.2,0.444,0.44,0.1,0.1,0.778,0.2,1.0,1.1,2.4,0.6,0.0,0.4,0.5,3.0,0,2026,7000000
Khaman Maluach,19.0,PHO,C,46.0,1.0,8.9,1.2,2.3,0.533,0.1,0.5,0.238,1.1,1.8,0.607,0.557,0.5,0.7,0.71,1.1,1.8,2.9,0.1,0.1,0.7,0.5,0.9,3.0,0,2026,6016080
Monte Morris,30.0,IND,PG,6.0,0.0,10.8,1.2,3.3,0.35,0.3,1.3,0.25,0.8,2.0,0.417,0.4,0.3,0.7,0.5,0.2,1.0,1.2,1.5,0.2,0.2,0.3,0.5,3.0,0,2026,321184
Julian Phillips,22.0,2TM,SF,48.0,2.0,8.9,1.1,2.5,0.421,0.4,1.4,0.308,0.6,1.2,0.554,0.504,0.4,0.5,0.783,0.5,0.5,1.0,0.2,0.5,0.1,0.2,0.9,2.9,0,2026,2221677
Kobe Bufkin,22.0,LAL,SG,16.0,1.0,7.4,0.9,3.1,0.3,0.3,1.6,0.192,0.6,1.5,0.417,0.35,0.7,0.8,0.917,0.1,0.8,0.8,0.6,0.1,0.2,0.3,0.6,2.9,0,2026,5480297
Bronny James,21.0,LAL,SG,42.0,1.0,8.9,1.1,2.7,0.409,0.5,1.4,0.386,0.6,1.4,0.431,0.504,0.1,0.2,0.857,0.1,0.4,0.5,1.2,0.5,0.1,0.6,0.7,2.9,0,2026,1955377
Chris Paul,40.0,LAC,PG,16.0,0.0,14.3,1.1,3.5,0.321,0.6,1.9,0.333,0.5,1.6,0.308,0.411,0.1,0.1,0.5,0.4,1.4,1.8,3.3,0.7,0.0,1.0,1.4,2.9,0,2026,2296274
Duop Reath,29.0,POR,C,32.0,0.0,8.1,1.0,2.3,0.446,0.7,1.7,0.418,0.3,0.6,0.526,0.601,0.2,0.2,0.833,0.3,0.9,1.2,0.3,0.2,0.3,0.2,0.9,2.9,0,2026,2221677
Cam Christie,20.0,LAC,SG,55.0,0.0,8.7,1.0,2.5,0.381,0.2,0.9,0.245,0.7,1.6,0.456,0.424,0.7,0.9,0.76,0.3,1.1,1.4,0.6,0.3,0.1,0.4,0.3,2.8,0,2026,1955377
Kevon Looney,29.0,NOP,C,21.0,8.0,14.7,1.2,2.9,0.417,0.1,0.6,0.154,1.1,2.2,0.489,0.433,0.3,0.5,0.7,2.3,3.3,5.6,1.6,0.4,0.5,0.4,1.6,2.8,0,2026,8000000
Jae'Sean Tate,30.0,HOU,SF,46.0,1.0,8.8,1.2,2.4,0.514,0.2,0.7,0.313,1.0,1.7,0.597,0.56,0.2,0.2,0.636,0.7,0.9,1.6,0.5,0.2,0.1,0.3,1.0,2.8,0,2026,2296274
Christian Koloko,25.0,3TM,C,27.0,4.0,13.2,1.1,2.7,0.419,0.0,0.3,0.111,1.1,2.4,0.462,0.426,0.4,0.6,0.667,1.1,1.9,3.0,0.7,0.5,0.9,0.6,1.8,2.7,0,2026,263940
Gary Harris,31.0,MIL,SG,48.0,2.0,13.8,1.0,2.2,0.442,0.6,1.4,0.412,0.4,0.8,0.5,0.577,0.2,0.2,0.889,0.3,0.9,1.3,1.1,0.6,0.2,0.4,1.1,2.7,0,2026,3634153
Pat Connaughton,33.0,CHO,SG,42.0,0.0,7.1,0.9,2.0,0.447,0.5,1.2,0.404,0.4,0.8,0.515,0.571,0.3,0.5,0.65,0.4,1.1,1.5,0.4,0.3,0.0,0.3,0.2,2.6,0,2026,10739683
Jonathan Isaac,28.0,ORL,PF,52.0,0.0,10.0,0.9,2.1,0.422,0.1,0.7,0.184,0.8,1.4,0.549,0.454,0.7,1.1,0.603,0.8,1.7,2.5,0.4,0.4,0.6,0.3,0.8,2.6,0,2026,15000000
Mo Bamba,27.0,2TM,C,4.0,0.0,11.0,1.3,2.8,0.455,0.0,0.0,0.0,1.3,2.8,0.455,0.455,0.0,0.0,0.0,2.5,3.0,5.5,0.3,0.0,0.8,0.5,1.5,2.5,0,2026,458711
JD Davison,23.0,HOU,PG,28.0,0.0,7.8,0.9,2.3,0.375,0.3,1.1,0.25,0.6,1.1,0.5,0.438,0.5,0.7,0.684,0.1,1.1,1.2,1.3,0.2,0.2,0.3,0.6,2.5,0,2026,2270735
John Tonje,24.0,BOS,SG,6.0,0.0,7.0,0.7,2.3,0.286,0.5,1.7,0.3,0.2,0.7,0.25,0.393,0.7,0.7,1.0,0.0,1.0,1.0,0.3,0.3,0.0,0.0,0.8,2.5,0,2026,73153
Andre Jackson Jr.,24.0,MIL,SG,48.0,1.0,8.5,0.8,2.5,0.328,0.3,1.3,0.25,0.5,1.2,0.407,0.391,0.4,0.7,0.625,0.5,1.0,1.5,0.9,0.4,0.1,0.6,0.9,2.4,0,2026,2221677
Chaz Lanier,24.0,DET,SG,34.0,0.0,7.7,0.8,2.6,0.315,0.6,2.0,0.284,0.3,0.6,0.409,0.421,0.1,0.2,0.833,0.2,0.4,0.7,0.5,0.2,0.0,0.1,0.4,2.4,0,2026,1372870
Lindy Waters III,28.0,SAS,SG,40.0,0.0,7.1,0.8,2.2,0.375,0.7,2.0,0.342,0.2,0.2,0.667,0.528,0.1,0.1,0.667,0.1,0.7,0.7,0.5,0.2,0.0,0.2,0.6,2.4,0,2026,2296274
Chris Boucher,33.0,BOS,PF,9.0,0.0,10.4,0.9,2.8,0.32,0.2,1.7,0.133,0.7,1.1,0.6,0.36,0.3,0.4,0.75,0.2,1.8,2.0,0.3,0.6,0.8,0.1,1.9,2.3,0,2026,2296274
Caleb Houstan,23.0,ATL,SF,18.0,0.0,4.2,0.8,1.4,0.538,0.6,1.2,0.524,0.2,0.3,0.6,0.75,0.2,0.2,1.0,0.3,0.3,0.6,0.2,0.1,0.1,0.2,0.6,2.3,0,2026,699440
Jeff Green,39.0,HOU,PF,30.0,0.0,5.8,0.8,2.3,0.368,0.4,1.5,0.273,0.4,0.8,0.542,0.456,0.2,0.2,1.0,0.2,0.6,0.8,0.3,0.1,0.1,0.1,0.4,2.2,0,2026,2296274
Yang Hansen,20.0,POR,C,43.0,1.0,7.0,0.7,2.3,0.31,0.1,1.0,0.119,0.6,1.3,0.448,0.335,0.7,0.8,0.824,0.5,1.1,1.5,0.5,0.1,0.2,0.7,1.0,2.2,0,2026,4422360
Ariel Hukporti,23.0,NYK,C,54.0,5.0,9.2,0.8,1.5,0.563,0.0,0.1,0.25,0.8,1.4,0.579,0.569,0.5,0.6,0.788,1.0,1.9,2.9,0.5,0.2,0.5,0.6,1.2,2.2,0,2026,1955377
Hunter Tyson,25.0,DEN,PF,21.0,2.0,7.7,0.7,2.5,0.269,0.3,1.6,0.212,0.3,0.9,0.368,0.337,0.5,0.6,0.846,0.2,1.5,1.7,0.8,0.1,0.0,0.2,0.6,2.2,0,2026,2221677
Dalano Banton,26.0,2TM,PG,6.0,0.0,10.3,0.7,2.0,0.333,0.0,0.2,0.0,0.7,1.8,0.364,0.333,0.7,0.7,1.0,0.3,0.5,0.8,1.8,0.3,0.8,1.3,0.5,2.0,0,2026,263940
Maxi Kleber,34.0,LAL,PF,43.0,1.0,10.7,0.8,1.7,0.452,0.1,0.6,0.231,0.6,1.1,0.574,0.493,0.3,0.6,0.538,0.8,1.1,2.0,0.6,0.4,0.3,0.4,1.4,2.0,0,2026,11000000
Jordan McLaughlin,29.0,SAS,PG,44.0,0.0,6.4,0.8,1.8,0.418,0.4,0.9,0.425,0.4,0.9,0.41,0.525,0.1,0.2,0.857,0.2,0.6,0.7,0.9,0.5,0.0,0.3,0.3,2.0,0,2026,2296274
Adou Thiero,21.0,LAL,SF,25.0,0.0,6.0,0.6,1.2,0.516,0.0,0.1,0.333,0.6,1.1,0.536,0.532,0.6,0.9,0.636,0.4,0.8,1.1,0.4,0.3,0.1,0.4,0.8,1.9,0,2026,1272870
Bobi Klintman,22.0,DET,SF,12.0,0.0,5.9,0.8,2.3,0.333,0.3,1.1,0.308,0.4,1.2,0.357,0.407,0.0,0.3,0.0,0.4,1.2,1.6,0.5,0.3,0.0,0.5,0.9,1.8,0,2026,1955377
Pacôme Dadiet,20.0,NYK,SG,29.0,0.0,4.7,0.6,1.7,0.333,0.2,1.1,0.219,0.3,0.6,0.563,0.406,0.3,0.4,0.818,0.1,0.8,0.9,0.4,0.1,0.0,0.1,0.3,1.7,0,2026,2847600
Mason Plumlee,35.0,2TM,C,20.0,3.0,8.6,0.6,0.7,0.786,0.0,0.0,0.0,0.6,0.7,0.786,0.786,0.5,0.7,0.643,0.9,1.8,2.7,1.0,0.5,0.0,0.6,0.9,1.6,0,2026,3022108
Xavier Tillman Sr.,27.0,2TM,C,30.0,1.0,6.1,0.7,1.5,0.435,0.1,0.6,0.167,0.6,0.9,0.607,0.467,0.0,0.1,0.25,0.6,0.8,1.4,0.4,0.3,0.2,0.3,0.5,1.5,0,2026,2546675
Joe Ingles,38.0,MIN,SF,27.0,2.0,5.7,0.6,1.0,0.593,0.3,0.6,0.438,0.3,0.4,0.818,0.722,0.1,0.1,1.0,0.0,0.7,0.7,1.3,0.3,0.1,0.5,0.3,1.5,0,2026,2296274
Jonathan Mogbo,24.0,TOR,PF,40.0,0.0,6.2,0.7,1.1,0.591,0.0,0.0,0.0,0.7,1.1,0.605,0.591,0.2,0.4,0.643,0.5,1.2,1.7,0.6,0.3,0.2,0.4,0.7,1.5,0,2026,1955377
Thanasis Antetokounmpo,33.0,MIL,SF,34.0,0.0,4.4,0.4,0.9,0.469,0.0,0.1,0.0,0.4,0.8,0.536,0.469,0.5,0.9,0.567,0.4,0.5,0.9,0.4,0.4,0.2,0.3,0.5,1.4,0,2026,2296274
Amari Williams,24.0,BOS,PF,22.0,2.0,6.6,0.5,0.9,0.5,0.0,0.0,0.0,0.5,0.9,0.5,0.5,0.5,0.6,0.714,0.4,1.4,1.8,0.5,0.1,0.5,0.5,0.9,1.4,0,2026,490128
Isaac Jones,25.0,2TM,PF,7.0,1.0,5.1,0.4,1.0,0.429,0.0,0.3,0.0,0.4,0.7,0.6,0.429,0.4,0.6,0.75,0.3,0.4,0.7,0.1,0.0,0.1,0.1,0.6,1.3,0,2026,1955377
Nigel Hayes-Davis,31.0,PHO,SF,27.0,0.0,7.2,0.6,1.7,0.326,0.1,0.6,0.125,0.5,1.1,0.433,0.348,0.1,0.1,0.5,0.4,0.8,1.2,0.3,0.3,0.1,0.3,0.6,1.3,0,2026,2048494
Dillon Jones,24.0,NYK,SF,7.0,0.0,5.6,0.3,1.3,0.222,0.1,0.7,0.2,0.1,0.6,0.25,0.278,0.6,0.6,1.0,0.3,0.7,1.0,0.6,0.4,0.0,0.0,0.9,1.3,0,2026,2753280
Kyle Lowry,39.0,PHI,PG,14.0,0.0,8.4,0.3,1.8,0.16,0.3,1.8,0.16,0.0,0.0,0.0,0.24,0.4,0.4,0.833,0.0,0.6,0.6,0.8,0.1,0.1,0.3,0.6,1.2,0,2026,2296274
Dario Šarić,31.0,SAC,C,5.0,0.0,8.2,0.2,1.2,0.167,0.2,0.6,0.333,0.0,0.6,0.0,0.25,0.4,0.4,1.0,0.2,1.0,1.2,0.4,0.0,0.0,0.4,0.6,1.0,0,2026,5426400
Bismack Biyombo,33.0,SAS,C,25.0,1.0,5.6,0.4,0.6,0.6,0.0,0.0,0.0,0.4,0.6,0.6,0.6,0.2,0.3,0.714,0.2,0.8,1.0,0.2,0.2,0.1,0.3,1.1,0.9,0,2026,2296274
Johni Broome,23.0,PHI,C,11.0,0.0,5.0,0.4,2.2,0.167,0.0,0.5,0.0,0.4,1.7,0.211,0.167,0.2,0.5,0.333,0.6,0.8,1.5,0.4,0.3,0.2,0.3,0.6,0.9,0,2026,1272870
N'Faly Dante,24.0,ATL,C,4.0,0.0,3.8,0.3,1.0,0.25,0.0,0.0,0.0,0.3,1.0,0.25,0.25,0.3,0.3,1.0,0.8,1.0,1.8,0.0,0.5,0.0,0.3,0.3,0.8,0,2026,2048494
Garrett Temple,39.0,TOR,SG,22.0,0.0,3.3,0.2,0.7,0.267,0.1,0.5,0.25,0.0,0.1,0.333,0.367,0.3,0.4,0.667,0.0,0.4,0.4,0.4,0.2,0.1,0.3,0.3,0.8,0,2026,2296274
Noa Essengue,19.0,CHI,PF,2.0,0.0,3.0,0.0,1.5,0.0,0.0,1.0,0.0,0.0,0.5,0.0,0.0,0.0,0.0,0.0,0.0,0.0,0.0,0.0,0.5,0.0,0.0,0.5,0.0,0,2026,5429520
